family_sku,sku,karat,metal,width_mm,ring_size_us,weight_grams,price_preview_cents_active_basis,quantity
GLD-R-1009,GLD-R-1009-4MM-4,10K,Yellow Gold,4,4,2.74,71000,20
GLD-R-1009,GLD-R-1009-4MM-4.5,10K,Yellow Gold,4,4.5,2.805,72000,20
GLD-R-1009,GLD-R-1009-4MM-5,10K,Yellow Gold,4,5,2.87,73000,20
GLD-R-1009,GLD-R-1009-4MM-5.5,10K,Yellow Gold,4,5.5,2.935,74000,20
GLD-R-1009,GLD-R-1009-4MM-6,10K,Yellow Gold,4,6,3.0,75000,20
GLD-R-1009,GLD-R-1009-4MM-6.5,10K,Yellow Gold,4,6.5,3.07,76500,20
GLD-R-1009,GLD-R-1009-4MM-7,10K,Yellow Gold,4,7,3.14,77500,20
GLD-R-1009,GLD-R-1009-4MM-7.5,10K,Yellow Gold,4,7.5,3.205,79000,20
GLD-R-1009,GLD-R-1009-4MM-8,10K,Yellow Gold,4,8,3.27,80000,20
GLD-R-1009,GLD-R-1009-4MM-8.5,10K,Yellow Gold,4,8.5,3.335,81000,20
GLD-R-1009,GLD-R-1009-4MM-9,10K,Yellow Gold,4,9,3.4,82000,20
GLD-R-1009,GLD-R-1009-4MM-9.5,10K,Yellow Gold,4,9.5,3.465,83500,20
GLD-R-1009,GLD-R-1009-4MM-10,10K,Yellow Gold,4,10,3.53,84500,20
GLD-R-1009,GLD-R-1009-4MM-10.5,10K,Yellow Gold,4,10.5,3.6,85500,20
GLD-R-1009,GLD-R-1009-4MM-11,10K,Yellow Gold,4,11,3.67,87000,20
GLD-R-1009,GLD-R-1009-4MM-11.5,10K,Yellow Gold,4,11.5,3.735,88000,20
GLD-R-1009,GLD-R-1009-4MM-12,10K,Yellow Gold,4,12,3.8,89000,20
GLD-R-1009,GLD-R-1009-4MM-12.5,10K,Yellow Gold,4,12.5,3.865,90000,20
GLD-R-1009,GLD-R-1009-4MM-13,10K,Yellow Gold,4,13,3.93,91500,20
GLD-R-1009,GLD-R-1009-4MM-13.5,10K,Yellow Gold,4,13.5,3.995,92500,20
GLD-R-1009,GLD-R-1009-4MM-14,10K,Yellow Gold,4,14,4.06,93500,20
GLD-R-1009,GLD-R-1009-4MM-14.5,10K,Yellow Gold,4,14.5,4.13,95000,20
GLD-R-1009,GLD-R-1009-4MM-15,10K,Yellow Gold,4,15,4.2,96000,20
GLD-R-1009,GLD-R-1009-4MM-15.5,10K,Yellow Gold,4,15.5,4.265,97000,20
GLD-R-1009,GLD-R-1009-4MM-16,10K,Yellow Gold,4,16,4.33,98000,20
GLD-R-1009,GLD-R-1009-5MM-4,10K,Yellow Gold,5,4,3.42,82500,20
GLD-R-1009,GLD-R-1009-5MM-4.5,10K,Yellow Gold,5,4.5,3.505,84000,20
GLD-R-1009,GLD-R-1009-5MM-5,10K,Yellow Gold,5,5,3.59,85500,20
GLD-R-1009,GLD-R-1009-5MM-5.5,10K,Yellow Gold,5,5.5,3.67,87000,20
GLD-R-1009,GLD-R-1009-5MM-6,10K,Yellow Gold,5,6,3.75,88000,20
GLD-R-1009,GLD-R-1009-5MM-6.5,10K,Yellow Gold,5,6.5,3.835,89500,20
GLD-R-1009,GLD-R-1009-5MM-7,10K,Yellow Gold,5,7,3.92,91000,20
GLD-R-1009,GLD-R-1009-5MM-7.5,10K,Yellow Gold,5,7.5,4.0,92500,20
GLD-R-1009,GLD-R-1009-5MM-8,10K,Yellow Gold,5,8,4.08,94000,20
GLD-R-1009,GLD-R-1009-5MM-8.5,10K,Yellow Gold,5,8.5,4.165,95500,20
GLD-R-1009,GLD-R-1009-5MM-9,10K,Yellow Gold,5,9,4.25,97000,20
GLD-R-1009,GLD-R-1009-5MM-9.5,10K,Yellow Gold,5,9.5,4.335,98000,20
GLD-R-1009,GLD-R-1009-5MM-10,10K,Yellow Gold,5,10,4.42,99500,20
GLD-R-1009,GLD-R-1009-5MM-10.5,10K,Yellow Gold,5,10.5,4.5,101000,20
GLD-R-1009,GLD-R-1009-5MM-11,10K,Yellow Gold,5,11,4.58,102500,20
GLD-R-1009,GLD-R-1009-5MM-11.5,10K,Yellow Gold,5,11.5,4.665,104000,20
GLD-R-1009,GLD-R-1009-5MM-12,10K,Yellow Gold,5,12,4.75,105500,20
GLD-R-1009,GLD-R-1009-5MM-12.5,10K,Yellow Gold,5,12.5,4.83,107000,20
GLD-R-1009,GLD-R-1009-5MM-13,10K,Yellow Gold,5,13,4.91,108000,20
GLD-R-1009,GLD-R-1009-5MM-13.5,10K,Yellow Gold,5,13.5,4.995,109500,20
GLD-R-1009,GLD-R-1009-5MM-14,10K,Yellow Gold,5,14,5.08,111000,20
GLD-R-1009,GLD-R-1009-5MM-14.5,10K,Yellow Gold,5,14.5,5.185,113000,20
GLD-R-1009,GLD-R-1009-5MM-15,10K,Yellow Gold,5,15,5.29,115000,20
GLD-R-1009,GLD-R-1009-5MM-15.5,10K,Yellow Gold,5,15.5,5.355,116000,20
GLD-R-1009,GLD-R-1009-5MM-16,10K,Yellow Gold,5,16,5.42,117000,20
GLD-R-1009,GLD-R-1009-6MM-4,10K,Yellow Gold,6,4,4.11,94500,20
GLD-R-1009,GLD-R-1009-6MM-4.5,10K,Yellow Gold,6,4.5,4.205,96000,20
GLD-R-1009,GLD-R-1009-6MM-5,10K,Yellow Gold,6,5,4.3,97500,20
GLD-R-1009,GLD-R-1009-6MM-5.5,10K,Yellow Gold,6,5.5,4.4,99500,20
GLD-R-1009,GLD-R-1009-6MM-6,10K,Yellow Gold,6,6,4.5,101000,20
GLD-R-1009,GLD-R-1009-6MM-6.5,10K,Yellow Gold,6,6.5,4.6,103000,20
GLD-R-1009,GLD-R-1009-6MM-7,10K,Yellow Gold,6,7,4.7,104500,20
GLD-R-1009,GLD-R-1009-6MM-7.5,10K,Yellow Gold,6,7.5,4.8,106000,20
GLD-R-1009,GLD-R-1009-6MM-8,10K,Yellow Gold,6,8,4.9,108000,20
GLD-R-1009,GLD-R-1009-6MM-8.5,10K,Yellow Gold,6,8.5,5.0,109500,20
GLD-R-1009,GLD-R-1009-6MM-9,10K,Yellow Gold,6,9,5.1,111500,20
GLD-R-1009,GLD-R-1009-6MM-9.5,10K,Yellow Gold,6,9.5,5.2,113000,20
GLD-R-1009,GLD-R-1009-6MM-10,10K,Yellow Gold,6,10,5.3,115000,20
GLD-R-1009,GLD-R-1009-6MM-10.5,10K,Yellow Gold,6,10.5,5.4,116500,20
GLD-R-1009,GLD-R-1009-6MM-11,10K,Yellow Gold,6,11,5.5,118500,20
GLD-R-1009,GLD-R-1009-6MM-11.5,10K,Yellow Gold,6,11.5,5.6,120000,20
GLD-R-1009,GLD-R-1009-6MM-12,10K,Yellow Gold,6,12,5.7,122000,20
GLD-R-1009,GLD-R-1009-6MM-12.5,10K,Yellow Gold,6,12.5,5.8,123500,20
GLD-R-1009,GLD-R-1009-6MM-13,10K,Yellow Gold,6,13,5.9,125500,20
GLD-R-1009,GLD-R-1009-6MM-13.5,10K,Yellow Gold,6,13.5,6.0,127000,20
GLD-R-1009,GLD-R-1009-6MM-14,10K,Yellow Gold,6,14,6.1,129000,20
GLD-R-1009,GLD-R-1009-6MM-14.5,10K,Yellow Gold,6,14.5,6.195,130500,20
GLD-R-1009,GLD-R-1009-6MM-15,10K,Yellow Gold,6,15,6.29,132000,20
GLD-R-1009,GLD-R-1009-6MM-15.5,10K,Yellow Gold,6,15.5,6.39,133500,20
GLD-R-1009,GLD-R-1009-6MM-16,10K,Yellow Gold,6,16,6.49,135500,20
GLD-R-1009,GLD-R-1009-7MM-4,10K,Yellow Gold,7,4,4.79,106000,20
GLD-R-1009,GLD-R-1009-7MM-4.5,10K,Yellow Gold,7,4.5,4.905,108000,20
GLD-R-1009,GLD-R-1009-7MM-5,10K,Yellow Gold,7,5,5.02,110000,20
GLD-R-1009,GLD-R-1009-7MM-5.5,10K,Yellow Gold,7,5.5,5.135,112000,20
GLD-R-1009,GLD-R-1009-7MM-6,10K,Yellow Gold,7,6,5.25,114000,20
GLD-R-1009,GLD-R-1009-7MM-6.5,10K,Yellow Gold,7,6.5,5.37,116000,20
GLD-R-1009,GLD-R-1009-7MM-7,10K,Yellow Gold,7,7,5.49,118000,20
GLD-R-1009,GLD-R-1009-7MM-7.5,10K,Yellow Gold,7,7.5,5.605,120000,20
GLD-R-1009,GLD-R-1009-7MM-8,10K,Yellow Gold,7,8,5.72,122000,20
GLD-R-1009,GLD-R-1009-7MM-8.5,10K,Yellow Gold,7,8.5,5.835,124000,20
GLD-R-1009,GLD-R-1009-7MM-9,10K,Yellow Gold,7,9,5.95,126000,20
GLD-R-1009,GLD-R-1009-7MM-9.5,10K,Yellow Gold,7,9.5,6.065,128000,20
GLD-R-1009,GLD-R-1009-7MM-10,10K,Yellow Gold,7,10,6.18,130000,20
GLD-R-1009,GLD-R-1009-7MM-10.5,10K,Yellow Gold,7,10.5,6.3,132000,20
GLD-R-1009,GLD-R-1009-7MM-11,10K,Yellow Gold,7,11,6.42,134000,20
GLD-R-1009,GLD-R-1009-7MM-11.5,10K,Yellow Gold,7,11.5,6.535,136000,20
GLD-R-1009,GLD-R-1009-7MM-12,10K,Yellow Gold,7,12,6.65,138000,20
GLD-R-1009,GLD-R-1009-7MM-12.5,10K,Yellow Gold,7,12.5,6.765,140000,20
GLD-R-1009,GLD-R-1009-7MM-13,10K,Yellow Gold,7,13,6.88,142000,20
GLD-R-1009,GLD-R-1009-7MM-13.5,10K,Yellow Gold,7,13.5,6.995,144000,20
GLD-R-1009,GLD-R-1009-7MM-14,10K,Yellow Gold,7,14,7.11,146000,20
GLD-R-1009,GLD-R-1009-7MM-14.5,10K,Yellow Gold,7,14.5,7.225,148000,20
GLD-R-1009,GLD-R-1009-7MM-15,10K,Yellow Gold,7,15,7.34,150000,20
GLD-R-1009,GLD-R-1009-7MM-15.5,10K,Yellow Gold,7,15.5,7.46,152000,20
GLD-R-1009,GLD-R-1009-7MM-16,10K,Yellow Gold,7,16,7.58,154000,20
GLD-R-1009,GLD-R-1009-8MM-4,10K,Yellow Gold,8,4,5.47,126500,20
GLD-R-1009,GLD-R-1009-8MM-4.5,10K,Yellow Gold,8,4.5,5.605,129000,20
GLD-R-1009,GLD-R-1009-8MM-5,10K,Yellow Gold,8,5,5.74,131500,20
GLD-R-1009,GLD-R-1009-8MM-5.5,10K,Yellow Gold,8,5.5,5.87,134000,20
GLD-R-1009,GLD-R-1009-8MM-6,10K,Yellow Gold,8,6,6.0,136000,20
GLD-R-1009,GLD-R-1009-8MM-6.5,10K,Yellow Gold,8,6.5,6.135,139000,20
GLD-R-1009,GLD-R-1009-8MM-7,10K,Yellow Gold,8,7,6.27,141500,20
GLD-R-1009,GLD-R-1009-8MM-7.5,10K,Yellow Gold,8,7.5,6.405,143500,20
GLD-R-1009,GLD-R-1009-8MM-8,10K,Yellow Gold,8,8,6.54,146000,20
GLD-R-1009,GLD-R-1009-8MM-8.5,10K,Yellow Gold,8,8.5,6.67,148500,20
GLD-R-1009,GLD-R-1009-8MM-9,10K,Yellow Gold,8,9,6.8,151000,20
GLD-R-1009,GLD-R-1009-8MM-9.5,10K,Yellow Gold,8,9.5,6.935,153500,20
GLD-R-1009,GLD-R-1009-8MM-10,10K,Yellow Gold,8,10,7.07,156000,20
GLD-R-1009,GLD-R-1009-8MM-10.5,10K,Yellow Gold,8,10.5,7.2,158500,20
GLD-R-1009,GLD-R-1009-8MM-11,10K,Yellow Gold,8,11,7.33,161000,20
GLD-R-1009,GLD-R-1009-8MM-11.5,10K,Yellow Gold,8,11.5,7.465,163500,20
GLD-R-1009,GLD-R-1009-8MM-12,10K,Yellow Gold,8,12,7.6,166000,20
GLD-R-1009,GLD-R-1009-8MM-12.5,10K,Yellow Gold,8,12.5,7.73,168000,20
GLD-R-1009,GLD-R-1009-8MM-13,10K,Yellow Gold,8,13,7.86,170500,20
GLD-R-1009,GLD-R-1009-8MM-13.5,10K,Yellow Gold,8,13.5,7.995,173000,20
GLD-R-1009,GLD-R-1009-8MM-14,10K,Yellow Gold,8,14,8.13,175500,20
GLD-R-1009,GLD-R-1009-8MM-14.5,10K,Yellow Gold,8,14.5,8.26,178000,20
GLD-R-1009,GLD-R-1009-8MM-15,10K,Yellow Gold,8,15,8.39,180500,20
GLD-R-1009,GLD-R-1009-8MM-15.5,10K,Yellow Gold,8,15.5,8.525,183000,20
GLD-R-1009,GLD-R-1009-8MM-16,10K,Yellow Gold,8,16,8.66,185500,20
GLD-R-1009,GLD-R-1009-9MM-4,10K,Yellow Gold,9,4,6.16,139000,20
GLD-R-1009,GLD-R-1009-9MM-4.5,10K,Yellow Gold,9,4.5,6.31,142000,20
GLD-R-1009,GLD-R-1009-9MM-5,10K,Yellow Gold,9,5,6.46,145000,20
GLD-R-1009,GLD-R-1009-9MM-5.5,10K,Yellow Gold,9,5.5,6.61,147500,20
GLD-R-1009,GLD-R-1009-9MM-6,10K,Yellow Gold,9,6,6.76,150500,20
GLD-R-1009,GLD-R-1009-9MM-6.5,10K,Yellow Gold,9,6.5,6.905,153000,20
GLD-R-1009,GLD-R-1009-9MM-7,10K,Yellow Gold,9,7,7.05,155500,20
GLD-R-1009,GLD-R-1009-9MM-7.5,10K,Yellow Gold,9,7.5,7.2,158500,20
GLD-R-1009,GLD-R-1009-9MM-8,10K,Yellow Gold,9,8,7.35,161500,20
GLD-R-1009,GLD-R-1009-9MM-8.5,10K,Yellow Gold,9,8.5,7.5,164000,20
GLD-R-1009,GLD-R-1009-9MM-9,10K,Yellow Gold,9,9,7.65,167000,20
GLD-R-1009,GLD-R-1009-9MM-9.5,10K,Yellow Gold,9,9.5,7.8,169500,20
GLD-R-1009,GLD-R-1009-9MM-10,10K,Yellow Gold,9,10,7.95,172500,20
GLD-R-1009,GLD-R-1009-9MM-10.5,10K,Yellow Gold,9,10.5,8.1,175000,20
GLD-R-1009,GLD-R-1009-9MM-11,10K,Yellow Gold,9,11,8.25,178000,20
GLD-R-1009,GLD-R-1009-9MM-11.5,10K,Yellow Gold,9,11.5,8.4,180500,20
GLD-R-1009,GLD-R-1009-9MM-12,10K,Yellow Gold,9,12,8.55,183500,20
GLD-R-1009,GLD-R-1009-9MM-12.5,10K,Yellow Gold,9,12.5,8.7,186000,20
GLD-R-1009,GLD-R-1009-9MM-13,10K,Yellow Gold,9,13,8.85,189000,20
GLD-R-1009,GLD-R-1009-9MM-13.5,10K,Yellow Gold,9,13.5,8.995,191500,20
GLD-R-1009,GLD-R-1009-9MM-14,10K,Yellow Gold,9,14,9.14,194500,20
GLD-R-1009,GLD-R-1009-9MM-14.5,10K,Yellow Gold,9,14.5,9.29,197000,20
GLD-R-1009,GLD-R-1009-9MM-15,10K,Yellow Gold,9,15,9.44,200000,20
GLD-R-1009,GLD-R-1009-9MM-15.5,10K,Yellow Gold,9,15.5,9.59,203000,20
GLD-R-1009,GLD-R-1009-9MM-16,10K,Yellow Gold,9,16,9.74,205500,20
GLD-R-1009,GLD-R-1009-10MM-4,10K,Yellow Gold,10,4,6.84,152000,20
GLD-R-1009,GLD-R-1009-10MM-4.5,10K,Yellow Gold,10,4.5,7.005,155000,20
GLD-R-1009,GLD-R-1009-10MM-5,10K,Yellow Gold,10,5,7.17,158000,20
GLD-R-1009,GLD-R-1009-10MM-5.5,10K,Yellow Gold,10,5.5,7.34,161000,20
GLD-R-1009,GLD-R-1009-10MM-6,10K,Yellow Gold,10,6,7.51,164000,20
GLD-R-1009,GLD-R-1009-10MM-6.5,10K,Yellow Gold,10,6.5,7.675,167500,20
GLD-R-1009,GLD-R-1009-10MM-7,10K,Yellow Gold,10,7,7.84,170500,20
GLD-R-1009,GLD-R-1009-10MM-7.5,10K,Yellow Gold,10,7.5,8.005,173500,20
GLD-R-1009,GLD-R-1009-10MM-8,10K,Yellow Gold,10,8,8.17,176500,20
GLD-R-1009,GLD-R-1009-10MM-8.5,10K,Yellow Gold,10,8.5,8.335,179500,20
GLD-R-1009,GLD-R-1009-10MM-9,10K,Yellow Gold,10,9,8.5,182500,20
GLD-R-1009,GLD-R-1009-10MM-9.5,10K,Yellow Gold,10,9.5,8.665,185500,20
GLD-R-1009,GLD-R-1009-10MM-10,10K,Yellow Gold,10,10,8.83,188500,20
GLD-R-1009,GLD-R-1009-10MM-10.5,10K,Yellow Gold,10,10.5,8.995,191500,20
GLD-R-1009,GLD-R-1009-10MM-11,10K,Yellow Gold,10,11,9.16,195000,20
GLD-R-1009,GLD-R-1009-10MM-11.5,10K,Yellow Gold,10,11.5,9.33,198000,20
GLD-R-1009,GLD-R-1009-10MM-12,10K,Yellow Gold,10,12,9.5,201000,20
GLD-R-1009,GLD-R-1009-10MM-12.5,10K,Yellow Gold,10,12.5,9.665,204000,20
GLD-R-1009,GLD-R-1009-10MM-13,10K,Yellow Gold,10,13,9.83,207000,20
GLD-R-1009,GLD-R-1009-10MM-13.5,10K,Yellow Gold,10,13.5,9.995,210000,20
GLD-R-1009,GLD-R-1009-10MM-14,10K,Yellow Gold,10,14,10.16,213500,20
GLD-R-1009,GLD-R-1009-10MM-14.5,10K,Yellow Gold,10,14.5,10.325,216500,20
GLD-R-1009,GLD-R-1009-10MM-15,10K,Yellow Gold,10,15,10.49,219500,20
GLD-R-1009,GLD-R-1009-10MM-15.5,10K,Yellow Gold,10,15.5,10.655,222500,20
GLD-R-1009,GLD-R-1009-10MM-16,10K,Yellow Gold,10,16,10.82,225500,20
GLD-R-1009,GLD-R-1009-11MM-4,10K,Yellow Gold,11,4,7.53,164500,20
GLD-R-1009,GLD-R-1009-11MM-4.5,10K,Yellow Gold,11,4.5,7.71,168000,20
GLD-R-1009,GLD-R-1009-11MM-5,10K,Yellow Gold,11,5,7.89,171500,20
GLD-R-1009,GLD-R-1009-11MM-5.5,10K,Yellow Gold,11,5.5,8.075,174500,20
GLD-R-1009,GLD-R-1009-11MM-6,10K,Yellow Gold,11,6,8.26,178000,20
GLD-R-1009,GLD-R-1009-11MM-6.5,10K,Yellow Gold,11,6.5,8.44,181500,20
GLD-R-1009,GLD-R-1009-11MM-7,10K,Yellow Gold,11,7,8.62,185000,20
GLD-R-1009,GLD-R-1009-11MM-7.5,10K,Yellow Gold,11,7.5,8.805,188000,20
GLD-R-1009,GLD-R-1009-11MM-8,10K,Yellow Gold,11,8,8.99,191500,20
GLD-R-1009,GLD-R-1009-11MM-8.5,10K,Yellow Gold,11,8.5,9.17,195000,20
GLD-R-1009,GLD-R-1009-11MM-9,10K,Yellow Gold,11,9,9.35,198000,20
GLD-R-1009,GLD-R-1009-11MM-9.5,10K,Yellow Gold,11,9.5,9.535,201500,20
GLD-R-1009,GLD-R-1009-11MM-10,10K,Yellow Gold,11,10,9.72,205000,20
GLD-R-1009,GLD-R-1009-11MM-10.5,10K,Yellow Gold,11,10.5,9.9,208500,20
GLD-R-1009,GLD-R-1009-11MM-11,10K,Yellow Gold,11,11,10.08,212000,20
GLD-R-1009,GLD-R-1009-11MM-11.5,10K,Yellow Gold,11,11.5,10.265,215000,20
GLD-R-1009,GLD-R-1009-11MM-12,10K,Yellow Gold,11,12,10.45,218500,20
GLD-R-1009,GLD-R-1009-11MM-12.5,10K,Yellow Gold,11,12.5,10.63,222000,20
GLD-R-1009,GLD-R-1009-11MM-13,10K,Yellow Gold,11,13,10.81,225500,20
GLD-R-1009,GLD-R-1009-11MM-13.5,10K,Yellow Gold,11,13.5,10.995,229000,20
GLD-R-1009,GLD-R-1009-11MM-14,10K,Yellow Gold,11,14,11.18,232000,20
GLD-R-1009,GLD-R-1009-11MM-14.5,10K,Yellow Gold,11,14.5,11.355,235500,20
GLD-R-1009,GLD-R-1009-11MM-15,10K,Yellow Gold,11,15,11.53,238500,20
GLD-R-1009,GLD-R-1009-11MM-15.5,10K,Yellow Gold,11,15.5,11.72,242000,20
GLD-R-1009,GLD-R-1009-11MM-16,10K,Yellow Gold,11,16,11.91,245500,20
GLD-R-1009,GLD-R-1009-12MM-4,10K,Yellow Gold,12,4,8.21,177000,20
GLD-R-1009,GLD-R-1009-12MM-4.5,10K,Yellow Gold,12,4.5,8.41,181000,20
GLD-R-1009,GLD-R-1009-12MM-5,10K,Yellow Gold,12,5,8.61,184500,20
GLD-R-1009,GLD-R-1009-12MM-5.5,10K,Yellow Gold,12,5.5,8.81,188000,20
GLD-R-1009,GLD-R-1009-12MM-6,10K,Yellow Gold,12,6,9.01,192000,20
GLD-R-1009,GLD-R-1009-12MM-6.5,10K,Yellow Gold,12,6.5,9.21,195500,20
GLD-R-1009,GLD-R-1009-12MM-7,10K,Yellow Gold,12,7,9.41,199500,20
GLD-R-1009,GLD-R-1009-12MM-7.5,10K,Yellow Gold,12,7.5,9.605,203000,20
GLD-R-1009,GLD-R-1009-12MM-8,10K,Yellow Gold,12,8,9.8,206500,20
GLD-R-1009,GLD-R-1009-12MM-8.5,10K,Yellow Gold,12,8.5,10.0,210500,20
GLD-R-1009,GLD-R-1009-12MM-9,10K,Yellow Gold,12,9,10.2,214000,20
GLD-R-1009,GLD-R-1009-12MM-9.5,10K,Yellow Gold,12,9.5,10.4,217500,20
GLD-R-1009,GLD-R-1009-12MM-10,10K,Yellow Gold,12,10,10.6,221500,20
GLD-R-1009,GLD-R-1009-12MM-10.5,10K,Yellow Gold,12,10.5,10.8,225000,20
GLD-R-1009,GLD-R-1009-12MM-11,10K,Yellow Gold,12,11,11.0,229000,20
GLD-R-1009,GLD-R-1009-12MM-11.5,10K,Yellow Gold,12,11.5,11.2,232500,20
GLD-R-1009,GLD-R-1009-12MM-12,10K,Yellow Gold,12,12,11.4,236000,20
GLD-R-1009,GLD-R-1009-12MM-12.5,10K,Yellow Gold,12,12.5,11.595,240000,20
GLD-R-1009,GLD-R-1009-12MM-13,10K,Yellow Gold,12,13,11.79,243500,20
GLD-R-1009,GLD-R-1009-12MM-13.5,10K,Yellow Gold,12,13.5,11.99,247000,20
GLD-R-1009,GLD-R-1009-12MM-14,10K,Yellow Gold,12,14,12.19,251000,20
GLD-R-1009,GLD-R-1009-12MM-14.5,10K,Yellow Gold,12,14.5,12.39,254500,20
GLD-R-1009,GLD-R-1009-12MM-15,10K,Yellow Gold,12,15,12.59,258000,20
GLD-R-1009,GLD-R-1009-12MM-15.5,10K,Yellow Gold,12,15.5,12.79,262000,20
GLD-R-1009,GLD-R-1009-12MM-16,10K,Yellow Gold,12,16,12.99,265500,20
GLD-R-1409,GLD-R-1409-4MM-4,14K,Yellow Gold,4,4,3.11,98500,20
GLD-R-1409,GLD-R-1409-4MM-4.5,14K,Yellow Gold,4,4.5,3.185,100000,20
GLD-R-1409,GLD-R-1409-4MM-5,14K,Yellow Gold,4,5,3.26,102000,20
GLD-R-1409,GLD-R-1409-4MM-5.5,14K,Yellow Gold,4,5.5,3.335,104000,20
GLD-R-1409,GLD-R-1409-4MM-6,14K,Yellow Gold,4,6,3.41,105500,20
GLD-R-1409,GLD-R-1409-4MM-6.5,14K,Yellow Gold,4,6.5,3.485,107500,20
GLD-R-1409,GLD-R-1409-4MM-7,14K,Yellow Gold,4,7,3.56,109500,20
GLD-R-1409,GLD-R-1409-4MM-7.5,14K,Yellow Gold,4,7.5,3.635,111000,20
GLD-R-1409,GLD-R-1409-4MM-8,14K,Yellow Gold,4,8,3.71,113000,20
GLD-R-1409,GLD-R-1409-4MM-8.5,14K,Yellow Gold,4,8.5,3.785,115000,20
GLD-R-1409,GLD-R-1409-4MM-9,14K,Yellow Gold,4,9,3.86,116500,20
GLD-R-1409,GLD-R-1409-4MM-9.5,14K,Yellow Gold,4,9.5,3.935,118500,20
GLD-R-1409,GLD-R-1409-4MM-10,14K,Yellow Gold,4,10,4.01,120000,20
GLD-R-1409,GLD-R-1409-4MM-10.5,14K,Yellow Gold,4,10.5,4.09,122000,20
GLD-R-1409,GLD-R-1409-4MM-11,14K,Yellow Gold,4,11,4.17,124000,20
GLD-R-1409,GLD-R-1409-4MM-11.5,14K,Yellow Gold,4,11.5,4.245,126000,20
GLD-R-1409,GLD-R-1409-4MM-12,14K,Yellow Gold,4,12,4.32,127500,20
GLD-R-1409,GLD-R-1409-4MM-12.5,14K,Yellow Gold,4,12.5,4.395,129500,20
GLD-R-1409,GLD-R-1409-4MM-13,14K,Yellow Gold,4,13,4.47,131500,20
GLD-R-1409,GLD-R-1409-4MM-13.5,14K,Yellow Gold,4,13.5,4.545,133000,20
GLD-R-1409,GLD-R-1409-4MM-14,14K,Yellow Gold,4,14,4.62,135000,20
GLD-R-1409,GLD-R-1409-4MM-14.5,14K,Yellow Gold,4,14.5,4.695,137000,20
GLD-R-1409,GLD-R-1409-4MM-15,14K,Yellow Gold,4,15,4.77,138500,20
GLD-R-1409,GLD-R-1409-4MM-15.5,14K,Yellow Gold,4,15.5,4.845,140500,20
GLD-R-1409,GLD-R-1409-4MM-16,14K,Yellow Gold,4,16,4.92,142000,20
GLD-R-1409,GLD-R-1409-5MM-4,14K,Yellow Gold,5,4,3.89,117500,20
GLD-R-1409,GLD-R-1409-5MM-4.5,14K,Yellow Gold,5,4.5,3.975,119500,20
GLD-R-1409,GLD-R-1409-5MM-5,14K,Yellow Gold,5,5,4.06,121500,20
GLD-R-1409,GLD-R-1409-5MM-5.5,14K,Yellow Gold,5,5.5,4.16,124000,20
GLD-R-1409,GLD-R-1409-5MM-6,14K,Yellow Gold,5,6,4.26,126000,20
GLD-R-1409,GLD-R-1409-5MM-6.5,14K,Yellow Gold,5,6.5,4.355,128500,20
GLD-R-1409,GLD-R-1409-5MM-7,14K,Yellow Gold,5,7,4.45,131000,20
GLD-R-1409,GLD-R-1409-5MM-7.5,14K,Yellow Gold,5,7.5,4.545,133000,20
GLD-R-1409,GLD-R-1409-5MM-8,14K,Yellow Gold,5,8,4.64,135500,20
GLD-R-1409,GLD-R-1409-5MM-8.5,14K,Yellow Gold,5,8.5,4.735,137500,20
GLD-R-1409,GLD-R-1409-5MM-9,14K,Yellow Gold,5,9,4.83,140000,20
GLD-R-1409,GLD-R-1409-5MM-9.5,14K,Yellow Gold,5,9.5,4.925,142000,20
GLD-R-1409,GLD-R-1409-5MM-10,14K,Yellow Gold,5,10,5.02,144500,20
GLD-R-1409,GLD-R-1409-5MM-10.5,14K,Yellow Gold,5,10.5,5.115,147000,20
GLD-R-1409,GLD-R-1409-5MM-11,14K,Yellow Gold,5,11,5.21,149000,20
GLD-R-1409,GLD-R-1409-5MM-11.5,14K,Yellow Gold,5,11.5,5.305,151500,20
GLD-R-1409,GLD-R-1409-5MM-12,14K,Yellow Gold,5,12,5.4,153500,20
GLD-R-1409,GLD-R-1409-5MM-12.5,14K,Yellow Gold,5,12.5,5.49,156000,20
GLD-R-1409,GLD-R-1409-5MM-13,14K,Yellow Gold,5,13,5.58,158000,20
GLD-R-1409,GLD-R-1409-5MM-13.5,14K,Yellow Gold,5,13.5,5.675,160500,20
GLD-R-1409,GLD-R-1409-5MM-14,14K,Yellow Gold,5,14,5.77,162500,20
GLD-R-1409,GLD-R-1409-5MM-14.5,14K,Yellow Gold,5,14.5,5.865,165000,20
GLD-R-1409,GLD-R-1409-5MM-15,14K,Yellow Gold,5,15,5.96,167000,20
GLD-R-1409,GLD-R-1409-5MM-15.5,14K,Yellow Gold,5,15.5,6.055,169500,20
GLD-R-1409,GLD-R-1409-5MM-16,14K,Yellow Gold,5,16,6.15,172000,20
GLD-R-1409,GLD-R-1409-6MM-4,14K,Yellow Gold,6,4,4.67,136000,20
GLD-R-1409,GLD-R-1409-6MM-4.5,14K,Yellow Gold,6,4.5,4.78,139000,20
GLD-R-1409,GLD-R-1409-6MM-5,14K,Yellow Gold,6,5,4.89,141500,20
GLD-R-1409,GLD-R-1409-6MM-5.5,14K,Yellow Gold,6,5.5,5.005,144000,20
GLD-R-1409,GLD-R-1409-6MM-6,14K,Yellow Gold,6,6,5.12,147000,20
GLD-R-1409,GLD-R-1409-6MM-6.5,14K,Yellow Gold,6,6.5,5.23,149500,20
GLD-R-1409,GLD-R-1409-6MM-7,14K,Yellow Gold,6,7,5.34,152000,20
GLD-R-1409,GLD-R-1409-6MM-7.5,14K,Yellow Gold,6,7.5,5.455,155000,20
GLD-R-1409,GLD-R-1409-6MM-8,14K,Yellow Gold,6,8,5.57,158000,20
GLD-R-1409,GLD-R-1409-6MM-8.5,14K,Yellow Gold,6,8.5,5.685,160500,20
GLD-R-1409,GLD-R-1409-6MM-9,14K,Yellow Gold,6,9,5.8,163500,20
GLD-R-1409,GLD-R-1409-6MM-9.5,14K,Yellow Gold,6,9.5,5.91,166000,20
GLD-R-1409,GLD-R-1409-6MM-10,14K,Yellow Gold,6,10,6.02,168500,20
GLD-R-1409,GLD-R-1409-6MM-10.5,14K,Yellow Gold,6,10.5,6.135,171500,20
GLD-R-1409,GLD-R-1409-6MM-11,14K,Yellow Gold,6,11,6.25,174000,20
GLD-R-1409,GLD-R-1409-6MM-11.5,14K,Yellow Gold,6,11.5,6.36,177000,20
GLD-R-1409,GLD-R-1409-6MM-12,14K,Yellow Gold,6,12,6.47,179500,20
GLD-R-1409,GLD-R-1409-6MM-12.5,14K,Yellow Gold,6,12.5,6.585,182000,20
GLD-R-1409,GLD-R-1409-6MM-13,14K,Yellow Gold,6,13,6.7,185000,20
GLD-R-1409,GLD-R-1409-6MM-13.5,14K,Yellow Gold,6,13.5,6.815,188000,20
GLD-R-1409,GLD-R-1409-6MM-14,14K,Yellow Gold,6,14,6.93,190500,20
GLD-R-1409,GLD-R-1409-6MM-14.5,14K,Yellow Gold,6,14.5,7.04,193500,20
GLD-R-1409,GLD-R-1409-6MM-15,14K,Yellow Gold,6,15,7.15,196000,20
GLD-R-1409,GLD-R-1409-6MM-15.5,14K,Yellow Gold,6,15.5,7.265,198500,20
GLD-R-1409,GLD-R-1409-6MM-16,14K,Yellow Gold,6,16,7.38,201500,20
GLD-R-1409,GLD-R-1409-7MM-4,14K,Yellow Gold,7,4,5.44,154500,20
GLD-R-1409,GLD-R-1409-7MM-4.5,14K,Yellow Gold,7,4.5,5.575,158000,20
GLD-R-1409,GLD-R-1409-7MM-5,14K,Yellow Gold,7,5,5.71,161000,20
GLD-R-1409,GLD-R-1409-7MM-5.5,14K,Yellow Gold,7,5.5,5.84,164500,20
GLD-R-1409,GLD-R-1409-7MM-6,14K,Yellow Gold,7,6,5.97,167500,20
GLD-R-1409,GLD-R-1409-7MM-6.5,14K,Yellow Gold,7,6.5,6.1,170500,20
GLD-R-1409,GLD-R-1409-7MM-7,14K,Yellow Gold,7,7,6.23,173500,20
GLD-R-1409,GLD-R-1409-7MM-7.5,14K,Yellow Gold,7,7.5,6.365,177000,20
GLD-R-1409,GLD-R-1409-7MM-8,14K,Yellow Gold,7,8,6.5,180000,20
GLD-R-1409,GLD-R-1409-7MM-8.5,14K,Yellow Gold,7,8.5,6.63,183500,20
GLD-R-1409,GLD-R-1409-7MM-9,14K,Yellow Gold,7,9,6.76,186500,20
GLD-R-1409,GLD-R-1409-7MM-9.5,14K,Yellow Gold,7,9.5,6.895,190000,20
GLD-R-1409,GLD-R-1409-7MM-10,14K,Yellow Gold,7,10,7.03,193000,20
GLD-R-1409,GLD-R-1409-7MM-10.5,14K,Yellow Gold,7,10.5,7.16,196000,20
GLD-R-1409,GLD-R-1409-7MM-11,14K,Yellow Gold,7,11,7.29,199500,20
GLD-R-1409,GLD-R-1409-7MM-11.5,14K,Yellow Gold,7,11.5,7.42,202500,20
GLD-R-1409,GLD-R-1409-7MM-12,14K,Yellow Gold,7,12,7.55,205500,20
GLD-R-1409,GLD-R-1409-7MM-12.5,14K,Yellow Gold,7,12.5,7.685,209000,20
GLD-R-1409,GLD-R-1409-7MM-13,14K,Yellow Gold,7,13,7.82,212000,20
GLD-R-1409,GLD-R-1409-7MM-13.5,14K,Yellow Gold,7,13.5,7.95,215000,20
GLD-R-1409,GLD-R-1409-7MM-14,14K,Yellow Gold,7,14,8.08,218500,20
GLD-R-1409,GLD-R-1409-7MM-14.5,14K,Yellow Gold,7,14.5,8.215,221500,20
GLD-R-1409,GLD-R-1409-7MM-15,14K,Yellow Gold,7,15,8.35,225000,20
GLD-R-1409,GLD-R-1409-7MM-15.5,14K,Yellow Gold,7,15.5,8.48,228000,20
GLD-R-1409,GLD-R-1409-7MM-16,14K,Yellow Gold,7,16,8.61,231000,20
GLD-R-1409,GLD-R-1409-8MM-4,14K,Yellow Gold,8,4,6.22,186000,20
GLD-R-1409,GLD-R-1409-8MM-4.5,14K,Yellow Gold,8,4.5,6.37,190000,20
GLD-R-1409,GLD-R-1409-8MM-5,14K,Yellow Gold,8,5,6.52,194000,20
GLD-R-1409,GLD-R-1409-8MM-5.5,14K,Yellow Gold,8,5.5,6.67,198000,20
GLD-R-1409,GLD-R-1409-8MM-6,14K,Yellow Gold,8,6,6.82,201500,20
GLD-R-1409,GLD-R-1409-8MM-6.5,14K,Yellow Gold,8,6.5,6.975,205500,20
GLD-R-1409,GLD-R-1409-8MM-7,14K,Yellow Gold,8,7,7.13,209500,20
GLD-R-1409,GLD-R-1409-8MM-7.5,14K,Yellow Gold,8,7.5,7.28,213500,20
GLD-R-1409,GLD-R-1409-8MM-8,14K,Yellow Gold,8,8,7.43,217500,20
GLD-R-1409,GLD-R-1409-8MM-8.5,14K,Yellow Gold,8,8.5,7.58,221500,20
GLD-R-1409,GLD-R-1409-8MM-9,14K,Yellow Gold,8,9,7.73,225500,20
GLD-R-1409,GLD-R-1409-8MM-9.5,14K,Yellow Gold,8,9.5,7.88,229000,20
GLD-R-1409,GLD-R-1409-8MM-10,14K,Yellow Gold,8,10,8.03,233000,20
GLD-R-1409,GLD-R-1409-8MM-10.5,14K,Yellow Gold,8,10.5,8.18,237000,20
GLD-R-1409,GLD-R-1409-8MM-11,14K,Yellow Gold,8,11,8.33,241000,20
GLD-R-1409,GLD-R-1409-8MM-11.5,14K,Yellow Gold,8,11.5,8.48,244500,20
GLD-R-1409,GLD-R-1409-8MM-12,14K,Yellow Gold,8,12,8.63,248500,20
GLD-R-1409,GLD-R-1409-8MM-12.5,14K,Yellow Gold,8,12.5,8.78,252500,20
GLD-R-1409,GLD-R-1409-8MM-13,14K,Yellow Gold,8,13,8.93,256500,20
GLD-R-1409,GLD-R-1409-8MM-13.5,14K,Yellow Gold,8,13.5,9.085,260500,20
GLD-R-1409,GLD-R-1409-8MM-14,14K,Yellow Gold,8,14,9.24,264500,20
GLD-R-1409,GLD-R-1409-8MM-14.5,14K,Yellow Gold,8,14.5,9.39,268000,20
GLD-R-1409,GLD-R-1409-8MM-15,14K,Yellow Gold,8,15,9.54,272000,20
GLD-R-1409,GLD-R-1409-8MM-15.5,14K,Yellow Gold,8,15.5,9.69,276000,20
GLD-R-1409,GLD-R-1409-8MM-16,14K,Yellow Gold,8,16,9.84,280000,20
GLD-R-1409,GLD-R-1409-9MM-4,14K,Yellow Gold,9,4,7.0,206500,20
GLD-R-1409,GLD-R-1409-9MM-4.5,14K,Yellow Gold,9,4.5,7.17,211000,20
GLD-R-1409,GLD-R-1409-9MM-5,14K,Yellow Gold,9,5,7.34,215000,20
GLD-R-1409,GLD-R-1409-9MM-5.5,14K,Yellow Gold,9,5.5,7.51,219500,20
GLD-R-1409,GLD-R-1409-9MM-6,14K,Yellow Gold,9,6,7.68,224000,20
GLD-R-1409,GLD-R-1409-9MM-6.5,14K,Yellow Gold,9,6.5,7.85,228500,20
GLD-R-1409,GLD-R-1409-9MM-7,14K,Yellow Gold,9,7,8.02,233000,20
GLD-R-1409,GLD-R-1409-9MM-7.5,14K,Yellow Gold,9,7.5,8.19,237000,20
GLD-R-1409,GLD-R-1409-9MM-8,14K,Yellow Gold,9,8,8.36,241500,20
GLD-R-1409,GLD-R-1409-9MM-8.5,14K,Yellow Gold,9,8.5,8.525,246000,20
GLD-R-1409,GLD-R-1409-9MM-9,14K,Yellow Gold,9,9,8.69,250000,20
GLD-R-1409,GLD-R-1409-9MM-9.5,14K,Yellow Gold,9,9.5,8.86,254500,20
GLD-R-1409,GLD-R-1409-9MM-10,14K,Yellow Gold,9,10,9.03,259000,20
GLD-R-1409,GLD-R-1409-9MM-10.5,14K,Yellow Gold,9,10.5,9.2,263500,20
GLD-R-1409,GLD-R-1409-9MM-11,14K,Yellow Gold,9,11,9.37,267500,20
GLD-R-1409,GLD-R-1409-9MM-11.5,14K,Yellow Gold,9,11.5,9.54,272000,20
GLD-R-1409,GLD-R-1409-9MM-12,14K,Yellow Gold,9,12,9.71,276500,20
GLD-R-1409,GLD-R-1409-9MM-12.5,14K,Yellow Gold,9,12.5,9.88,281000,20
GLD-R-1409,GLD-R-1409-9MM-13,14K,Yellow Gold,9,13,10.05,285500,20
GLD-R-1409,GLD-R-1409-9MM-13.5,14K,Yellow Gold,9,13.5,10.22,289500,20
GLD-R-1409,GLD-R-1409-9MM-14,14K,Yellow Gold,9,14,10.39,294000,20
GLD-R-1409,GLD-R-1409-9MM-14.5,14K,Yellow Gold,9,14.5,10.56,298500,20
GLD-R-1409,GLD-R-1409-9MM-15,14K,Yellow Gold,9,15,10.73,303000,20
GLD-R-1409,GLD-R-1409-9MM-15.5,14K,Yellow Gold,9,15.5,10.9,307500,20
GLD-R-1409,GLD-R-1409-9MM-16,14K,Yellow Gold,9,16,11.07,311500,20
GLD-R-1409,GLD-R-1409-10MM-4,14K,Yellow Gold,10,4,7.78,226500,20
GLD-R-1409,GLD-R-1409-10MM-4.5,14K,Yellow Gold,10,4.5,7.965,231500,20
GLD-R-1409,GLD-R-1409-10MM-5,14K,Yellow Gold,10,5,8.15,236000,20
GLD-R-1409,GLD-R-1409-10MM-5.5,14K,Yellow Gold,10,5.5,8.34,241000,20
GLD-R-1409,GLD-R-1409-10MM-6,14K,Yellow Gold,10,6,8.53,246000,20
GLD-R-1409,GLD-R-1409-10MM-6.5,14K,Yellow Gold,10,6.5,8.72,251000,20
GLD-R-1409,GLD-R-1409-10MM-7,14K,Yellow Gold,10,7,8.91,256000,20
GLD-R-1409,GLD-R-1409-10MM-7.5,14K,Yellow Gold,10,7.5,9.095,260500,20
GLD-R-1409,GLD-R-1409-10MM-8,14K,Yellow Gold,10,8,9.28,265500,20
GLD-R-1409,GLD-R-1409-10MM-8.5,14K,Yellow Gold,10,8.5,9.47,270000,20
GLD-R-1409,GLD-R-1409-10MM-9,14K,Yellow Gold,10,9,9.66,275000,20
GLD-R-1409,GLD-R-1409-10MM-9.5,14K,Yellow Gold,10,9.5,9.85,280000,20
GLD-R-1409,GLD-R-1409-10MM-10,14K,Yellow Gold,10,10,10.04,285000,20
GLD-R-1409,GLD-R-1409-10MM-10.5,14K,Yellow Gold,10,10.5,10.225,290000,20
GLD-R-1409,GLD-R-1409-10MM-11,14K,Yellow Gold,10,11,10.41,294500,20
GLD-R-1409,GLD-R-1409-10MM-11.5,14K,Yellow Gold,10,11.5,10.6,299500,20
GLD-R-1409,GLD-R-1409-10MM-12,14K,Yellow Gold,10,12,10.79,304500,20
GLD-R-1409,GLD-R-1409-10MM-12.5,14K,Yellow Gold,10,12.5,10.98,309500,20
GLD-R-1409,GLD-R-1409-10MM-13,14K,Yellow Gold,10,13,11.17,314500,20
GLD-R-1409,GLD-R-1409-10MM-13.5,14K,Yellow Gold,10,13.5,11.36,319000,20
GLD-R-1409,GLD-R-1409-10MM-14,14K,Yellow Gold,10,14,11.55,324000,20
GLD-R-1409,GLD-R-1409-10MM-14.5,14K,Yellow Gold,10,14.5,11.735,329000,20
GLD-R-1409,GLD-R-1409-10MM-15,14K,Yellow Gold,10,15,11.92,333500,20
GLD-R-1409,GLD-R-1409-10MM-15.5,14K,Yellow Gold,10,15.5,12.11,338500,20
GLD-R-1409,GLD-R-1409-10MM-16,14K,Yellow Gold,10,16,12.3,343500,20
GLD-R-1409,GLD-R-1409-11MM-4,14K,Yellow Gold,11,4,8.55,246500,20
GLD-R-1409,GLD-R-1409-11MM-4.5,14K,Yellow Gold,11,4.5,8.76,252000,20
GLD-R-1409,GLD-R-1409-11MM-5,14K,Yellow Gold,11,5,8.97,257500,20
GLD-R-1409,GLD-R-1409-11MM-5.5,14K,Yellow Gold,11,5.5,9.175,262500,20
GLD-R-1409,GLD-R-1409-11MM-6,14K,Yellow Gold,11,6,9.38,268000,20
GLD-R-1409,GLD-R-1409-11MM-6.5,14K,Yellow Gold,11,6.5,9.59,273500,20
GLD-R-1409,GLD-R-1409-11MM-7,14K,Yellow Gold,11,7,9.8,279000,20
GLD-R-1409,GLD-R-1409-11MM-7.5,14K,Yellow Gold,11,7.5,10.005,284000,20
GLD-R-1409,GLD-R-1409-11MM-8,14K,Yellow Gold,11,8,10.21,289500,20
GLD-R-1409,GLD-R-1409-11MM-8.5,14K,Yellow Gold,11,8.5,10.42,295000,20
GLD-R-1409,GLD-R-1409-11MM-9,14K,Yellow Gold,11,9,10.63,300500,20
GLD-R-1409,GLD-R-1409-11MM-9.5,14K,Yellow Gold,11,9.5,10.835,305500,20
GLD-R-1409,GLD-R-1409-11MM-10,14K,Yellow Gold,11,10,11.04,311000,20
GLD-R-1409,GLD-R-1409-11MM-10.5,14K,Yellow Gold,11,10.5,11.25,316500,20
GLD-R-1409,GLD-R-1409-11MM-11,14K,Yellow Gold,11,11,11.46,322000,20
GLD-R-1409,GLD-R-1409-11MM-11.5,14K,Yellow Gold,11,11.5,11.665,327000,20
GLD-R-1409,GLD-R-1409-11MM-12,14K,Yellow Gold,11,12,11.87,332500,20
GLD-R-1409,GLD-R-1409-11MM-12.5,14K,Yellow Gold,11,12.5,12.08,338000,20
GLD-R-1409,GLD-R-1409-11MM-13,14K,Yellow Gold,11,13,12.29,343500,20
GLD-R-1409,GLD-R-1409-11MM-13.5,14K,Yellow Gold,11,13.5,12.495,348500,20
GLD-R-1409,GLD-R-1409-11MM-14,14K,Yellow Gold,11,14,12.7,354000,20
GLD-R-1409,GLD-R-1409-11MM-14.5,14K,Yellow Gold,11,14.5,12.905,359000,20
GLD-R-1409,GLD-R-1409-11MM-15,14K,Yellow Gold,11,15,13.11,364500,20
GLD-R-1409,GLD-R-1409-11MM-15.5,14K,Yellow Gold,11,15.5,13.32,370000,20
GLD-R-1409,GLD-R-1409-11MM-16,14K,Yellow Gold,11,16,13.53,375500,20
GLD-R-1409,GLD-R-1409-12MM-4,14K,Yellow Gold,12,4,9.33,266500,20
GLD-R-1409,GLD-R-1409-12MM-4.5,14K,Yellow Gold,12,4.5,9.555,272500,20
GLD-R-1409,GLD-R-1409-12MM-5,14K,Yellow Gold,12,5,9.78,278500,20
GLD-R-1409,GLD-R-1409-12MM-5.5,14K,Yellow Gold,12,5.5,10.01,284000,20
GLD-R-1409,GLD-R-1409-12MM-6,14K,Yellow Gold,12,6,10.24,290000,20
GLD-R-1409,GLD-R-1409-12MM-6.5,14K,Yellow Gold,12,6.5,10.465,296000,20
GLD-R-1409,GLD-R-1409-12MM-7,14K,Yellow Gold,12,7,10.69,302000,20
GLD-R-1409,GLD-R-1409-12MM-7.5,14K,Yellow Gold,12,7.5,10.915,307500,20
GLD-R-1409,GLD-R-1409-12MM-8,14K,Yellow Gold,12,8,11.14,313500,20
GLD-R-1409,GLD-R-1409-12MM-8.5,14K,Yellow Gold,12,8.5,11.365,319500,20
GLD-R-1409,GLD-R-1409-12MM-9,14K,Yellow Gold,12,9,11.59,325000,20
GLD-R-1409,GLD-R-1409-12MM-9.5,14K,Yellow Gold,12,9.5,11.815,331000,20
GLD-R-1409,GLD-R-1409-12MM-10,14K,Yellow Gold,12,10,12.04,337000,20
GLD-R-1409,GLD-R-1409-12MM-10.5,14K,Yellow Gold,12,10.5,12.27,343000,20
GLD-R-1409,GLD-R-1409-12MM-11,14K,Yellow Gold,12,11,12.5,349000,20
GLD-R-1409,GLD-R-1409-12MM-11.5,14K,Yellow Gold,12,11.5,12.725,354500,20
GLD-R-1409,GLD-R-1409-12MM-12,14K,Yellow Gold,12,12,12.95,360500,20
GLD-R-1409,GLD-R-1409-12MM-12.5,14K,Yellow Gold,12,12.5,13.175,366000,20
GLD-R-1409,GLD-R-1409-12MM-13,14K,Yellow Gold,12,13,13.4,372000,20
GLD-R-1409,GLD-R-1409-12MM-13.5,14K,Yellow Gold,12,13.5,13.625,378000,20
GLD-R-1409,GLD-R-1409-12MM-14,14K,Yellow Gold,12,14,13.85,383500,20
GLD-R-1409,GLD-R-1409-12MM-14.5,14K,Yellow Gold,12,14.5,14.08,389500,20
GLD-R-1409,GLD-R-1409-12MM-15,14K,Yellow Gold,12,15,14.31,395500,20
GLD-R-1409,GLD-R-1409-12MM-15.5,14K,Yellow Gold,12,15.5,14.535,401500,20
GLD-R-1409,GLD-R-1409-12MM-16,14K,Yellow Gold,12,16,14.76,407000,20
GLD-R-1809,GLD-R-1809-4MM-4,18K,Yellow Gold,4,4,3.6,135000,20
GLD-R-1809,GLD-R-1809-4MM-4.5,18K,Yellow Gold,4,4.5,3.67,137500,20
GLD-R-1809,GLD-R-1809-4MM-5,18K,Yellow Gold,4,5,3.74,139500,20
GLD-R-1809,GLD-R-1809-4MM-5.5,18K,Yellow Gold,4,5.5,3.815,142000,20
GLD-R-1809,GLD-R-1809-4MM-6,18K,Yellow Gold,4,6,3.89,144000,20
GLD-R-1809,GLD-R-1809-4MM-6.5,18K,Yellow Gold,4,6.5,3.965,146500,20
GLD-R-1809,GLD-R-1809-4MM-7,18K,Yellow Gold,4,7,4.04,149000,20
GLD-R-1809,GLD-R-1809-4MM-7.5,18K,Yellow Gold,4,7.5,4.115,151000,20
GLD-R-1809,GLD-R-1809-4MM-8,18K,Yellow Gold,4,8,4.19,153500,20
GLD-R-1809,GLD-R-1809-4MM-8.5,18K,Yellow Gold,4,8.5,4.26,155500,20
GLD-R-1809,GLD-R-1809-4MM-9,18K,Yellow Gold,4,9,4.33,158000,20
GLD-R-1809,GLD-R-1809-4MM-9.5,18K,Yellow Gold,4,9.5,4.405,160000,20
GLD-R-1809,GLD-R-1809-4MM-10,18K,Yellow Gold,4,10,4.48,162500,20
GLD-R-1809,GLD-R-1809-4MM-10.5,18K,Yellow Gold,4,10.5,4.555,165000,20
GLD-R-1809,GLD-R-1809-4MM-11,18K,Yellow Gold,4,11,4.63,167000,20
GLD-R-1809,GLD-R-1809-4MM-11.5,18K,Yellow Gold,4,11.5,4.705,169500,20
GLD-R-1809,GLD-R-1809-4MM-12,18K,Yellow Gold,4,12,4.78,172000,20
GLD-R-1809,GLD-R-1809-4MM-12.5,18K,Yellow Gold,4,12.5,4.85,174000,20
GLD-R-1809,GLD-R-1809-4MM-13,18K,Yellow Gold,4,13,4.92,176000,20
GLD-R-1809,GLD-R-1809-4MM-13.5,18K,Yellow Gold,4,13.5,4.98,178000,20
GLD-R-1809,GLD-R-1809-4MM-14,18K,Yellow Gold,4,14,5.04,180000,20
GLD-R-1809,GLD-R-1809-4MM-14.5,18K,Yellow Gold,4,14.5,5.105,182000,20
GLD-R-1809,GLD-R-1809-4MM-15,18K,Yellow Gold,4,15,5.17,184000,20
GLD-R-1809,GLD-R-1809-4MM-15.5,18K,Yellow Gold,4,15.5,5.285,187500,20
GLD-R-1809,GLD-R-1809-4MM-16,18K,Yellow Gold,4,16,5.4,191000,20
GLD-R-1809,GLD-R-1809-5MM-4,18K,Yellow Gold,5,4,4.56,165000,20
GLD-R-1809,GLD-R-1809-5MM-4.5,18K,Yellow Gold,5,4.5,4.655,168000,20
GLD-R-1809,GLD-R-1809-5MM-5,18K,Yellow Gold,5,5,4.75,171000,20
GLD-R-1809,GLD-R-1809-5MM-5.5,18K,Yellow Gold,5,5.5,4.84,173500,20
GLD-R-1809,GLD-R-1809-5MM-6,18K,Yellow Gold,5,6,4.93,176500,20
GLD-R-1809,GLD-R-1809-5MM-6.5,18K,Yellow Gold,5,6.5,5.025,179500,20
GLD-R-1809,GLD-R-1809-5MM-7,18K,Yellow Gold,5,7,5.12,182500,20
GLD-R-1809,GLD-R-1809-5MM-7.5,18K,Yellow Gold,5,7.5,5.21,185000,20
GLD-R-1809,GLD-R-1809-5MM-8,18K,Yellow Gold,5,8,5.3,188000,20
GLD-R-1809,GLD-R-1809-5MM-8.5,18K,Yellow Gold,5,8.5,5.4,191000,20
GLD-R-1809,GLD-R-1809-5MM-9,18K,Yellow Gold,5,9,5.5,194000,20
GLD-R-1809,GLD-R-1809-5MM-9.5,18K,Yellow Gold,5,9.5,5.59,197000,20
GLD-R-1809,GLD-R-1809-5MM-10,18K,Yellow Gold,5,10,5.68,199500,20
GLD-R-1809,GLD-R-1809-5MM-10.5,18K,Yellow Gold,5,10.5,5.775,202500,20
GLD-R-1809,GLD-R-1809-5MM-11,18K,Yellow Gold,5,11,5.87,205500,20
GLD-R-1809,GLD-R-1809-5MM-11.5,18K,Yellow Gold,5,11.5,5.96,208500,20
GLD-R-1809,GLD-R-1809-5MM-12,18K,Yellow Gold,5,12,6.05,211000,20
GLD-R-1809,GLD-R-1809-5MM-12.5,18K,Yellow Gold,5,12.5,6.145,214000,20
GLD-R-1809,GLD-R-1809-5MM-13,18K,Yellow Gold,5,13,6.24,217000,20
GLD-R-1809,GLD-R-1809-5MM-13.5,18K,Yellow Gold,5,13.5,6.305,219000,20
GLD-R-1809,GLD-R-1809-5MM-14,18K,Yellow Gold,5,14,6.37,221000,20
GLD-R-1809,GLD-R-1809-5MM-14.5,18K,Yellow Gold,5,14.5,6.435,223000,20
GLD-R-1809,GLD-R-1809-5MM-15,18K,Yellow Gold,5,15,6.5,225000,20
GLD-R-1809,GLD-R-1809-5MM-15.5,18K,Yellow Gold,5,15.5,6.755,233000,20
GLD-R-1809,GLD-R-1809-5MM-16,18K,Yellow Gold,5,16,7.01,241000,20
GLD-R-1809,GLD-R-1809-6MM-4,18K,Yellow Gold,6,4,5.4,191000,20
GLD-R-1809,GLD-R-1809-6MM-4.5,18K,Yellow Gold,6,4.5,5.515,194500,20
GLD-R-1809,GLD-R-1809-6MM-5,18K,Yellow Gold,6,5,5.63,198000,20
GLD-R-1809,GLD-R-1809-6MM-5.5,18K,Yellow Gold,6,5.5,5.745,201500,20
GLD-R-1809,GLD-R-1809-6MM-6,18K,Yellow Gold,6,6,5.86,205500,20
GLD-R-1809,GLD-R-1809-6MM-6.5,18K,Yellow Gold,6,6.5,5.97,209000,20
GLD-R-1809,GLD-R-1809-6MM-7,18K,Yellow Gold,6,7,6.08,212000,20
GLD-R-1809,GLD-R-1809-6MM-7.5,18K,Yellow Gold,6,7.5,6.195,215500,20
GLD-R-1809,GLD-R-1809-6MM-8,18K,Yellow Gold,6,8,6.31,219500,20
GLD-R-1809,GLD-R-1809-6MM-8.5,18K,Yellow Gold,6,8.5,6.42,222500,20
GLD-R-1809,GLD-R-1809-6MM-9,18K,Yellow Gold,6,9,6.53,226000,20
GLD-R-1809,GLD-R-1809-6MM-9.5,18K,Yellow Gold,6,9.5,6.645,229500,20
GLD-R-1809,GLD-R-1809-6MM-10,18K,Yellow Gold,6,10,6.76,233000,20
GLD-R-1809,GLD-R-1809-6MM-10.5,18K,Yellow Gold,6,10.5,6.87,236500,20
GLD-R-1809,GLD-R-1809-6MM-11,18K,Yellow Gold,6,11,6.98,240000,20
GLD-R-1809,GLD-R-1809-6MM-11.5,18K,Yellow Gold,6,11.5,7.095,243500,20
GLD-R-1809,GLD-R-1809-6MM-12,18K,Yellow Gold,6,12,7.21,247000,20
GLD-R-1809,GLD-R-1809-6MM-12.5,18K,Yellow Gold,6,12.5,7.325,251000,20
GLD-R-1809,GLD-R-1809-6MM-13,18K,Yellow Gold,6,13,7.44,254500,20
GLD-R-1809,GLD-R-1809-6MM-13.5,18K,Yellow Gold,6,13.5,7.505,256500,20
GLD-R-1809,GLD-R-1809-6MM-14,18K,Yellow Gold,6,14,7.57,258500,20
GLD-R-1809,GLD-R-1809-6MM-14.5,18K,Yellow Gold,6,14.5,7.75,264000,20
GLD-R-1809,GLD-R-1809-6MM-15,18K,Yellow Gold,6,15,7.93,269500,20
GLD-R-1809,GLD-R-1809-6MM-15.5,18K,Yellow Gold,6,15.5,8.045,273000,20
GLD-R-1809,GLD-R-1809-6MM-16,18K,Yellow Gold,6,16,8.16,276500,20
GLD-R-1809,GLD-R-1809-7MM-4,18K,Yellow Gold,7,4,5.88,206000,20
GLD-R-1809,GLD-R-1809-7MM-4.5,18K,Yellow Gold,7,4.5,6.01,210000,20
GLD-R-1809,GLD-R-1809-7MM-5,18K,Yellow Gold,7,5,6.14,214000,20
GLD-R-1809,GLD-R-1809-7MM-5.5,18K,Yellow Gold,7,5.5,6.275,218000,20
GLD-R-1809,GLD-R-1809-7MM-6,18K,Yellow Gold,7,6,6.41,222500,20
GLD-R-1809,GLD-R-1809-7MM-6.5,18K,Yellow Gold,7,6.5,6.545,226500,20
GLD-R-1809,GLD-R-1809-7MM-7,18K,Yellow Gold,7,7,6.68,231000,20
GLD-R-1809,GLD-R-1809-7MM-7.5,18K,Yellow Gold,7,7.5,6.815,235000,20
GLD-R-1809,GLD-R-1809-7MM-8,18K,Yellow Gold,7,8,6.95,239000,20
GLD-R-1809,GLD-R-1809-7MM-8.5,18K,Yellow Gold,7,8.5,7.08,243000,20
GLD-R-1809,GLD-R-1809-7MM-9,18K,Yellow Gold,7,9,7.21,247000,20
GLD-R-1809,GLD-R-1809-7MM-9.5,18K,Yellow Gold,7,9.5,7.345,251500,20
GLD-R-1809,GLD-R-1809-7MM-10,18K,Yellow Gold,7,10,7.48,255500,20
GLD-R-1809,GLD-R-1809-7MM-10.5,18K,Yellow Gold,7,10.5,7.615,259500,20
GLD-R-1809,GLD-R-1809-7MM-11,18K,Yellow Gold,7,11,7.75,264000,20
GLD-R-1809,GLD-R-1809-7MM-11.5,18K,Yellow Gold,7,11.5,7.885,268000,20
GLD-R-1809,GLD-R-1809-7MM-12,18K,Yellow Gold,7,12,8.02,272500,20
GLD-R-1809,GLD-R-1809-7MM-12.5,18K,Yellow Gold,7,12.5,8.15,276500,20
GLD-R-1809,GLD-R-1809-7MM-13,18K,Yellow Gold,7,13,8.28,280500,20
GLD-R-1809,GLD-R-1809-7MM-13.5,18K,Yellow Gold,7,13.5,8.34,282000,20
GLD-R-1809,GLD-R-1809-7MM-14,18K,Yellow Gold,7,14,8.4,284000,20
GLD-R-1809,GLD-R-1809-7MM-14.5,18K,Yellow Gold,7,14.5,8.52,288000,20
GLD-R-1809,GLD-R-1809-7MM-15,18K,Yellow Gold,7,15,8.64,291500,20
GLD-R-1809,GLD-R-1809-7MM-15.5,18K,Yellow Gold,7,15.5,8.88,299000,20
GLD-R-1809,GLD-R-1809-7MM-16,18K,Yellow Gold,7,16,9.12,306500,20
GLD-R-1809,GLD-R-1809-8MM-4,18K,Yellow Gold,8,4,6.48,241000,20
GLD-R-1809,GLD-R-1809-8MM-4.5,18K,Yellow Gold,8,4.5,6.625,246000,20
GLD-R-1809,GLD-R-1809-8MM-5,18K,Yellow Gold,8,5,6.77,250500,20
GLD-R-1809,GLD-R-1809-8MM-5.5,18K,Yellow Gold,8,5.5,6.92,255500,20
GLD-R-1809,GLD-R-1809-8MM-6,18K,Yellow Gold,8,6,7.07,260500,20
GLD-R-1809,GLD-R-1809-8MM-6.5,18K,Yellow Gold,8,6.5,7.215,265500,20
GLD-R-1809,GLD-R-1809-8MM-7,18K,Yellow Gold,8,7,7.36,270000,20
GLD-R-1809,GLD-R-1809-8MM-7.5,18K,Yellow Gold,8,7.5,7.51,275500,20
GLD-R-1809,GLD-R-1809-8MM-8,18K,Yellow Gold,8,8,7.66,280000,20
GLD-R-1809,GLD-R-1809-8MM-8.5,18K,Yellow Gold,8,8.5,7.8,285000,20
GLD-R-1809,GLD-R-1809-8MM-9,18K,Yellow Gold,8,9,7.94,289500,20
GLD-R-1809,GLD-R-1809-8MM-9.5,18K,Yellow Gold,8,9.5,8.09,294500,20
GLD-R-1809,GLD-R-1809-8MM-10,18K,Yellow Gold,8,10,8.24,299500,20
GLD-R-1809,GLD-R-1809-8MM-10.5,18K,Yellow Gold,8,10.5,8.385,304500,20
GLD-R-1809,GLD-R-1809-8MM-11,18K,Yellow Gold,8,11,8.53,309000,20
GLD-R-1809,GLD-R-1809-8MM-11.5,18K,Yellow Gold,8,11.5,8.68,314000,20
GLD-R-1809,GLD-R-1809-8MM-12,18K,Yellow Gold,8,12,8.83,319000,20
GLD-R-1809,GLD-R-1809-8MM-12.5,18K,Yellow Gold,8,12.5,8.975,324000,20
GLD-R-1809,GLD-R-1809-8MM-13,18K,Yellow Gold,8,13,9.12,329000,20
GLD-R-1809,GLD-R-1809-8MM-13.5,18K,Yellow Gold,8,13.5,9.24,333000,20
GLD-R-1809,GLD-R-1809-8MM-14,18K,Yellow Gold,8,14,9.36,337000,20
GLD-R-1809,GLD-R-1809-8MM-14.5,18K,Yellow Gold,8,14.5,9.48,341000,20
GLD-R-1809,GLD-R-1809-8MM-15,18K,Yellow Gold,8,15,9.6,345000,20
GLD-R-1809,GLD-R-1809-8MM-15.5,18K,Yellow Gold,8,15.5,9.78,351000,20
GLD-R-1809,GLD-R-1809-8MM-16,18K,Yellow Gold,8,16,9.96,357000,20
GLD-R-1809,GLD-R-1809-9MM-4,18K,Yellow Gold,9,4,7.98,291000,20
GLD-R-1809,GLD-R-1809-9MM-4.5,18K,Yellow Gold,9,4.5,8.17,297000,20
GLD-R-1809,GLD-R-1809-9MM-5,18K,Yellow Gold,9,5,8.36,303500,20
GLD-R-1809,GLD-R-1809-9MM-5.5,18K,Yellow Gold,9,5.5,8.555,310000,20
GLD-R-1809,GLD-R-1809-9MM-6,18K,Yellow Gold,9,6,8.75,316500,20
GLD-R-1809,GLD-R-1809-9MM-6.5,18K,Yellow Gold,9,6.5,8.945,323000,20
GLD-R-1809,GLD-R-1809-9MM-7,18K,Yellow Gold,9,7,9.14,329500,20
GLD-R-1809,GLD-R-1809-9MM-7.5,18K,Yellow Gold,9,7.5,9.33,336000,20
GLD-R-1809,GLD-R-1809-9MM-8,18K,Yellow Gold,9,8,9.52,342000,20
GLD-R-1809,GLD-R-1809-9MM-8.5,18K,Yellow Gold,9,8.5,9.715,348500,20
GLD-R-1809,GLD-R-1809-9MM-9,18K,Yellow Gold,9,9,9.91,355000,20
GLD-R-1809,GLD-R-1809-9MM-9.5,18K,Yellow Gold,9,9.5,10.105,361500,20
GLD-R-1809,GLD-R-1809-9MM-10,18K,Yellow Gold,9,10,10.3,368000,20
GLD-R-1809,GLD-R-1809-9MM-10.5,18K,Yellow Gold,9,10.5,10.495,374500,20
GLD-R-1809,GLD-R-1809-9MM-11,18K,Yellow Gold,9,11,10.69,381000,20
GLD-R-1809,GLD-R-1809-9MM-11.5,18K,Yellow Gold,9,11.5,10.88,387500,20
GLD-R-1809,GLD-R-1809-9MM-12,18K,Yellow Gold,9,12,11.07,394000,20
GLD-R-1809,GLD-R-1809-9MM-12.5,18K,Yellow Gold,9,12.5,11.265,400000,20
GLD-R-1809,GLD-R-1809-9MM-13,18K,Yellow Gold,9,13,11.46,407000,20
GLD-R-1809,GLD-R-1809-9MM-13.5,18K,Yellow Gold,9,13.5,11.655,413500,20
GLD-R-1809,GLD-R-1809-9MM-14,18K,Yellow Gold,9,14,11.85,420000,20
GLD-R-1809,GLD-R-1809-9MM-14.5,18K,Yellow Gold,9,14.5,12.04,426000,20
GLD-R-1809,GLD-R-1809-9MM-15,18K,Yellow Gold,9,15,12.23,432500,20
GLD-R-1809,GLD-R-1809-9MM-15.5,18K,Yellow Gold,9,15.5,12.425,439000,20
GLD-R-1809,GLD-R-1809-9MM-16,18K,Yellow Gold,9,16,12.62,445500,20
GLD-R-1809,GLD-R-1809-10MM-4,18K,Yellow Gold,10,4,8.86,320000,20
GLD-R-1809,GLD-R-1809-10MM-4.5,18K,Yellow Gold,10,4.5,9.075,327500,20
GLD-R-1809,GLD-R-1809-10MM-5,18K,Yellow Gold,10,5,9.29,334500,20
GLD-R-1809,GLD-R-1809-10MM-5.5,18K,Yellow Gold,10,5.5,9.505,341500,20
GLD-R-1809,GLD-R-1809-10MM-6,18K,Yellow Gold,10,6,9.72,349000,20
GLD-R-1809,GLD-R-1809-10MM-6.5,18K,Yellow Gold,10,6.5,9.935,356000,20
GLD-R-1809,GLD-R-1809-10MM-7,18K,Yellow Gold,10,7,10.15,363000,20
GLD-R-1809,GLD-R-1809-10MM-7.5,18K,Yellow Gold,10,7.5,10.365,370500,20
GLD-R-1809,GLD-R-1809-10MM-8,18K,Yellow Gold,10,8,10.58,377500,20
GLD-R-1809,GLD-R-1809-10MM-8.5,18K,Yellow Gold,10,8.5,10.795,384500,20
GLD-R-1809,GLD-R-1809-10MM-9,18K,Yellow Gold,10,9,11.01,392000,20
GLD-R-1809,GLD-R-1809-10MM-9.5,18K,Yellow Gold,10,9.5,11.225,399000,20
GLD-R-1809,GLD-R-1809-10MM-10,18K,Yellow Gold,10,10,11.44,406000,20
GLD-R-1809,GLD-R-1809-10MM-10.5,18K,Yellow Gold,10,10.5,11.51,408500,20
GLD-R-1809,GLD-R-1809-10MM-11,18K,Yellow Gold,10,11,11.58,411000,20
GLD-R-1809,GLD-R-1809-10MM-11.5,18K,Yellow Gold,10,11.5,11.94,423000,20
GLD-R-1809,GLD-R-1809-10MM-12,18K,Yellow Gold,10,12,12.3,435000,20
GLD-R-1809,GLD-R-1809-10MM-12.5,18K,Yellow Gold,10,12.5,12.515,442000,20
GLD-R-1809,GLD-R-1809-10MM-13,18K,Yellow Gold,10,13,12.73,449000,20
GLD-R-1809,GLD-R-1809-10MM-13.5,18K,Yellow Gold,10,13.5,12.945,456000,20
GLD-R-1809,GLD-R-1809-10MM-14,18K,Yellow Gold,10,14,13.16,463500,20
GLD-R-1809,GLD-R-1809-10MM-14.5,18K,Yellow Gold,10,14.5,13.375,470500,20
GLD-R-1809,GLD-R-1809-10MM-15,18K,Yellow Gold,10,15,13.59,477500,20
GLD-R-1809,GLD-R-1809-10MM-15.5,18K,Yellow Gold,10,15.5,13.805,485000,20
GLD-R-1809,GLD-R-1809-10MM-16,18K,Yellow Gold,10,16,14.02,492000,20
GLD-R-1809,GLD-R-1809-11MM-4,18K,Yellow Gold,11,4,9.75,350000,20
GLD-R-1809,GLD-R-1809-11MM-4.5,18K,Yellow Gold,11,4.5,9.985,357500,20
GLD-R-1809,GLD-R-1809-11MM-5,18K,Yellow Gold,11,5,10.22,365500,20
GLD-R-1809,GLD-R-1809-11MM-5.5,18K,Yellow Gold,11,5.5,10.46,373500,20
GLD-R-1809,GLD-R-1809-11MM-6,18K,Yellow Gold,11,6,10.7,381500,20
GLD-R-1809,GLD-R-1809-11MM-6.5,18K,Yellow Gold,11,6.5,10.935,389500,20
GLD-R-1809,GLD-R-1809-11MM-7,18K,Yellow Gold,11,7,11.17,397000,20
GLD-R-1809,GLD-R-1809-11MM-7.5,18K,Yellow Gold,11,7.5,11.405,405000,20
GLD-R-1809,GLD-R-1809-11MM-8,18K,Yellow Gold,11,8,11.64,413000,20
GLD-R-1809,GLD-R-1809-11MM-8.5,18K,Yellow Gold,11,8.5,11.875,420500,20
GLD-R-1809,GLD-R-1809-11MM-9,18K,Yellow Gold,11,9,12.11,428500,20
GLD-R-1809,GLD-R-1809-11MM-9.5,18K,Yellow Gold,11,9.5,12.35,436500,20
GLD-R-1809,GLD-R-1809-11MM-10,18K,Yellow Gold,11,10,12.59,444500,20
GLD-R-1809,GLD-R-1809-11MM-10.5,18K,Yellow Gold,11,10.5,12.825,452000,20
GLD-R-1809,GLD-R-1809-11MM-11,18K,Yellow Gold,11,11,13.06,460000,20
GLD-R-1809,GLD-R-1809-11MM-11.5,18K,Yellow Gold,11,11.5,13.295,468000,20
GLD-R-1809,GLD-R-1809-11MM-12,18K,Yellow Gold,11,12,13.53,475500,20
GLD-R-1809,GLD-R-1809-11MM-12.5,18K,Yellow Gold,11,12.5,13.77,483500,20
GLD-R-1809,GLD-R-1809-11MM-13,18K,Yellow Gold,11,13,14.01,491500,20
GLD-R-1809,GLD-R-1809-11MM-13.5,18K,Yellow Gold,11,13.5,14.245,499500,20
GLD-R-1809,GLD-R-1809-11MM-14,18K,Yellow Gold,11,14,14.48,507500,20
GLD-R-1809,GLD-R-1809-11MM-14.5,18K,Yellow Gold,11,14.5,14.715,515000,20
GLD-R-1809,GLD-R-1809-11MM-15,18K,Yellow Gold,11,15,14.95,523000,20
GLD-R-1809,GLD-R-1809-11MM-15.5,18K,Yellow Gold,11,15.5,15.185,531000,20
GLD-R-1809,GLD-R-1809-11MM-16,18K,Yellow Gold,11,16,15.42,538500,20
GLD-R-1809,GLD-R-1809-12MM-4,18K,Yellow Gold,12,4,10.64,379500,20
GLD-R-1809,GLD-R-1809-12MM-4.5,18K,Yellow Gold,12,4.5,10.895,388000,20
GLD-R-1809,GLD-R-1809-12MM-5,18K,Yellow Gold,12,5,11.15,396500,20
GLD-R-1809,GLD-R-1809-12MM-5.5,18K,Yellow Gold,12,5.5,11.41,405000,20
GLD-R-1809,GLD-R-1809-12MM-6,18K,Yellow Gold,12,6,11.67,414000,20
GLD-R-1809,GLD-R-1809-12MM-6.5,18K,Yellow Gold,12,6.5,11.925,422000,20
GLD-R-1809,GLD-R-1809-12MM-7,18K,Yellow Gold,12,7,12.18,431000,20
GLD-R-1809,GLD-R-1809-12MM-7.5,18K,Yellow Gold,12,7.5,12.44,439500,20
GLD-R-1809,GLD-R-1809-12MM-8,18K,Yellow Gold,12,8,12.7,448000,20
GLD-R-1809,GLD-R-1809-12MM-8.5,18K,Yellow Gold,12,8.5,12.96,457000,20
GLD-R-1809,GLD-R-1809-12MM-9,18K,Yellow Gold,12,9,13.22,465500,20
GLD-R-1809,GLD-R-1809-12MM-9.5,18K,Yellow Gold,12,9.5,13.475,474000,20
GLD-R-1809,GLD-R-1809-12MM-10,18K,Yellow Gold,12,10,13.73,482500,20
GLD-R-1809,GLD-R-1809-12MM-10.5,18K,Yellow Gold,12,10.5,13.985,491000,20
GLD-R-1809,GLD-R-1809-12MM-11,18K,Yellow Gold,12,11,14.24,499500,20
GLD-R-1809,GLD-R-1809-12MM-11.5,18K,Yellow Gold,12,11.5,14.5,508000,20
GLD-R-1809,GLD-R-1809-12MM-12,18K,Yellow Gold,12,12,14.76,516500,20
GLD-R-1809,GLD-R-1809-12MM-12.5,18K,Yellow Gold,12,12.5,15.02,525500,20
GLD-R-1809,GLD-R-1809-12MM-13,18K,Yellow Gold,12,13,15.28,534000,20
GLD-R-1809,GLD-R-1809-12MM-13.5,18K,Yellow Gold,12,13.5,15.535,542500,20
GLD-R-1809,GLD-R-1809-12MM-14,18K,Yellow Gold,12,14,15.79,551000,20
GLD-R-1809,GLD-R-1809-12MM-14.5,18K,Yellow Gold,12,14.5,16.05,559500,20
GLD-R-1809,GLD-R-1809-12MM-15,18K,Yellow Gold,12,15,16.31,568000,20
GLD-R-1809,GLD-R-1809-12MM-15.5,18K,Yellow Gold,12,15.5,16.57,577000,20
GLD-R-1809,GLD-R-1809-12MM-16,18K,Yellow Gold,12,16,16.83,585500,20
WHG-R-1009,WHG-R-1009-4MM-4,10K,White Gold,4,4,2.74,71000,20
WHG-R-1009,WHG-R-1009-4MM-4.5,10K,White Gold,4,4.5,2.805,72000,20
WHG-R-1009,WHG-R-1009-4MM-5,10K,White Gold,4,5,2.87,73000,20
WHG-R-1009,WHG-R-1009-4MM-5.5,10K,White Gold,4,5.5,2.935,74000,20
WHG-R-1009,WHG-R-1009-4MM-6,10K,White Gold,4,6,3.0,75000,20
WHG-R-1009,WHG-R-1009-4MM-6.5,10K,White Gold,4,6.5,3.07,76500,20
WHG-R-1009,WHG-R-1009-4MM-7,10K,White Gold,4,7,3.14,77500,20
WHG-R-1009,WHG-R-1009-4MM-7.5,10K,White Gold,4,7.5,3.205,79000,20
WHG-R-1009,WHG-R-1009-4MM-8,10K,White Gold,4,8,3.27,80000,20
WHG-R-1009,WHG-R-1009-4MM-8.5,10K,White Gold,4,8.5,3.335,81000,20
WHG-R-1009,WHG-R-1009-4MM-9,10K,White Gold,4,9,3.4,82000,20
WHG-R-1009,WHG-R-1009-4MM-9.5,10K,White Gold,4,9.5,3.465,83500,20
WHG-R-1009,WHG-R-1009-4MM-10,10K,White Gold,4,10,3.53,84500,20
WHG-R-1009,WHG-R-1009-4MM-10.5,10K,White Gold,4,10.5,3.6,85500,20
WHG-R-1009,WHG-R-1009-4MM-11,10K,White Gold,4,11,3.67,87000,20
WHG-R-1009,WHG-R-1009-4MM-11.5,10K,White Gold,4,11.5,3.735,88000,20
WHG-R-1009,WHG-R-1009-4MM-12,10K,White Gold,4,12,3.8,89000,20
WHG-R-1009,WHG-R-1009-4MM-12.5,10K,White Gold,4,12.5,3.865,90000,20
WHG-R-1009,WHG-R-1009-4MM-13,10K,White Gold,4,13,3.93,91500,20
WHG-R-1009,WHG-R-1009-4MM-13.5,10K,White Gold,4,13.5,3.995,92500,20
WHG-R-1009,WHG-R-1009-4MM-14,10K,White Gold,4,14,4.06,93500,20
WHG-R-1009,WHG-R-1009-4MM-14.5,10K,White Gold,4,14.5,4.13,95000,20
WHG-R-1009,WHG-R-1009-4MM-15,10K,White Gold,4,15,4.2,96000,20
WHG-R-1009,WHG-R-1009-4MM-15.5,10K,White Gold,4,15.5,4.265,97000,20
WHG-R-1009,WHG-R-1009-4MM-16,10K,White Gold,4,16,4.33,98000,20
WHG-R-1009,WHG-R-1009-5MM-4,10K,White Gold,5,4,3.42,82500,20
WHG-R-1009,WHG-R-1009-5MM-4.5,10K,White Gold,5,4.5,3.505,84000,20
WHG-R-1009,WHG-R-1009-5MM-5,10K,White Gold,5,5,3.59,85500,20
WHG-R-1009,WHG-R-1009-5MM-5.5,10K,White Gold,5,5.5,3.67,87000,20
WHG-R-1009,WHG-R-1009-5MM-6,10K,White Gold,5,6,3.75,88000,20
WHG-R-1009,WHG-R-1009-5MM-6.5,10K,White Gold,5,6.5,3.835,89500,20
WHG-R-1009,WHG-R-1009-5MM-7,10K,White Gold,5,7,3.92,91000,20
WHG-R-1009,WHG-R-1009-5MM-7.5,10K,White Gold,5,7.5,4.0,92500,20
WHG-R-1009,WHG-R-1009-5MM-8,10K,White Gold,5,8,4.08,94000,20
WHG-R-1009,WHG-R-1009-5MM-8.5,10K,White Gold,5,8.5,4.165,95500,20
WHG-R-1009,WHG-R-1009-5MM-9,10K,White Gold,5,9,4.25,97000,20
WHG-R-1009,WHG-R-1009-5MM-9.5,10K,White Gold,5,9.5,4.335,98000,20
WHG-R-1009,WHG-R-1009-5MM-10,10K,White Gold,5,10,4.42,99500,20
WHG-R-1009,WHG-R-1009-5MM-10.5,10K,White Gold,5,10.5,4.5,101000,20
WHG-R-1009,WHG-R-1009-5MM-11,10K,White Gold,5,11,4.58,102500,20
WHG-R-1009,WHG-R-1009-5MM-11.5,10K,White Gold,5,11.5,4.665,104000,20
WHG-R-1009,WHG-R-1009-5MM-12,10K,White Gold,5,12,4.75,105500,20
WHG-R-1009,WHG-R-1009-5MM-12.5,10K,White Gold,5,12.5,4.83,107000,20
WHG-R-1009,WHG-R-1009-5MM-13,10K,White Gold,5,13,4.91,108000,20
WHG-R-1009,WHG-R-1009-5MM-13.5,10K,White Gold,5,13.5,4.995,109500,20
WHG-R-1009,WHG-R-1009-5MM-14,10K,White Gold,5,14,5.08,111000,20
WHG-R-1009,WHG-R-1009-5MM-14.5,10K,White Gold,5,14.5,5.185,113000,20
WHG-R-1009,WHG-R-1009-5MM-15,10K,White Gold,5,15,5.29,115000,20
WHG-R-1009,WHG-R-1009-5MM-15.5,10K,White Gold,5,15.5,5.355,116000,20
WHG-R-1009,WHG-R-1009-5MM-16,10K,White Gold,5,16,5.42,117000,20
WHG-R-1009,WHG-R-1009-6MM-4,10K,White Gold,6,4,4.11,94500,20
WHG-R-1009,WHG-R-1009-6MM-4.5,10K,White Gold,6,4.5,4.205,96000,20
WHG-R-1009,WHG-R-1009-6MM-5,10K,White Gold,6,5,4.3,97500,20
WHG-R-1009,WHG-R-1009-6MM-5.5,10K,White Gold,6,5.5,4.4,99500,20
WHG-R-1009,WHG-R-1009-6MM-6,10K,White Gold,6,6,4.5,101000,20
WHG-R-1009,WHG-R-1009-6MM-6.5,10K,White Gold,6,6.5,4.6,103000,20
WHG-R-1009,WHG-R-1009-6MM-7,10K,White Gold,6,7,4.7,104500,20
WHG-R-1009,WHG-R-1009-6MM-7.5,10K,White Gold,6,7.5,4.8,106000,20
WHG-R-1009,WHG-R-1009-6MM-8,10K,White Gold,6,8,4.9,108000,20
WHG-R-1009,WHG-R-1009-6MM-8.5,10K,White Gold,6,8.5,5.0,109500,20
WHG-R-1009,WHG-R-1009-6MM-9,10K,White Gold,6,9,5.1,111500,20
WHG-R-1009,WHG-R-1009-6MM-9.5,10K,White Gold,6,9.5,5.2,113000,20
WHG-R-1009,WHG-R-1009-6MM-10,10K,White Gold,6,10,5.3,115000,20
WHG-R-1009,WHG-R-1009-6MM-10.5,10K,White Gold,6,10.5,5.4,116500,20
WHG-R-1009,WHG-R-1009-6MM-11,10K,White Gold,6,11,5.5,118500,20
WHG-R-1009,WHG-R-1009-6MM-11.5,10K,White Gold,6,11.5,5.6,120000,20
WHG-R-1009,WHG-R-1009-6MM-12,10K,White Gold,6,12,5.7,122000,20
WHG-R-1009,WHG-R-1009-6MM-12.5,10K,White Gold,6,12.5,5.8,123500,20
WHG-R-1009,WHG-R-1009-6MM-13,10K,White Gold,6,13,5.9,125500,20
WHG-R-1009,WHG-R-1009-6MM-13.5,10K,White Gold,6,13.5,6.0,127000,20
WHG-R-1009,WHG-R-1009-6MM-14,10K,White Gold,6,14,6.1,129000,20
WHG-R-1009,WHG-R-1009-6MM-14.5,10K,White Gold,6,14.5,6.195,130500,20
WHG-R-1009,WHG-R-1009-6MM-15,10K,White Gold,6,15,6.29,132000,20
WHG-R-1009,WHG-R-1009-6MM-15.5,10K,White Gold,6,15.5,6.39,133500,20
WHG-R-1009,WHG-R-1009-6MM-16,10K,White Gold,6,16,6.49,135500,20
WHG-R-1009,WHG-R-1009-7MM-4,10K,White Gold,7,4,4.79,106000,20
WHG-R-1009,WHG-R-1009-7MM-4.5,10K,White Gold,7,4.5,4.905,108000,20
WHG-R-1009,WHG-R-1009-7MM-5,10K,White Gold,7,5,5.02,110000,20
WHG-R-1009,WHG-R-1009-7MM-5.5,10K,White Gold,7,5.5,5.135,112000,20
WHG-R-1009,WHG-R-1009-7MM-6,10K,White Gold,7,6,5.25,114000,20
WHG-R-1009,WHG-R-1009-7MM-6.5,10K,White Gold,7,6.5,5.37,116000,20
WHG-R-1009,WHG-R-1009-7MM-7,10K,White Gold,7,7,5.49,118000,20
WHG-R-1009,WHG-R-1009-7MM-7.5,10K,White Gold,7,7.5,5.605,120000,20
WHG-R-1009,WHG-R-1009-7MM-8,10K,White Gold,7,8,5.72,122000,20
WHG-R-1009,WHG-R-1009-7MM-8.5,10K,White Gold,7,8.5,5.835,124000,20
WHG-R-1009,WHG-R-1009-7MM-9,10K,White Gold,7,9,5.95,126000,20
WHG-R-1009,WHG-R-1009-7MM-9.5,10K,White Gold,7,9.5,6.065,128000,20
WHG-R-1009,WHG-R-1009-7MM-10,10K,White Gold,7,10,6.18,130000,20
WHG-R-1009,WHG-R-1009-7MM-10.5,10K,White Gold,7,10.5,6.3,132000,20
WHG-R-1009,WHG-R-1009-7MM-11,10K,White Gold,7,11,6.42,134000,20
WHG-R-1009,WHG-R-1009-7MM-11.5,10K,White Gold,7,11.5,6.535,136000,20
WHG-R-1009,WHG-R-1009-7MM-12,10K,White Gold,7,12,6.65,138000,20
WHG-R-1009,WHG-R-1009-7MM-12.5,10K,White Gold,7,12.5,6.765,140000,20
WHG-R-1009,WHG-R-1009-7MM-13,10K,White Gold,7,13,6.88,142000,20
WHG-R-1009,WHG-R-1009-7MM-13.5,10K,White Gold,7,13.5,6.995,144000,20
WHG-R-1009,WHG-R-1009-7MM-14,10K,White Gold,7,14,7.11,146000,20
WHG-R-1009,WHG-R-1009-7MM-14.5,10K,White Gold,7,14.5,7.225,148000,20
WHG-R-1009,WHG-R-1009-7MM-15,10K,White Gold,7,15,7.34,150000,20
WHG-R-1009,WHG-R-1009-7MM-15.5,10K,White Gold,7,15.5,7.46,152000,20
WHG-R-1009,WHG-R-1009-7MM-16,10K,White Gold,7,16,7.58,154000,20
WHG-R-1009,WHG-R-1009-8MM-4,10K,White Gold,8,4,5.47,126500,20
WHG-R-1009,WHG-R-1009-8MM-4.5,10K,White Gold,8,4.5,5.605,129000,20
WHG-R-1009,WHG-R-1009-8MM-5,10K,White Gold,8,5,5.74,131500,20
WHG-R-1009,WHG-R-1009-8MM-5.5,10K,White Gold,8,5.5,5.87,134000,20
WHG-R-1009,WHG-R-1009-8MM-6,10K,White Gold,8,6,6.0,136000,20
WHG-R-1009,WHG-R-1009-8MM-6.5,10K,White Gold,8,6.5,6.135,139000,20
WHG-R-1009,WHG-R-1009-8MM-7,10K,White Gold,8,7,6.27,141500,20
WHG-R-1009,WHG-R-1009-8MM-7.5,10K,White Gold,8,7.5,6.405,143500,20
WHG-R-1009,WHG-R-1009-8MM-8,10K,White Gold,8,8,6.54,146000,20
WHG-R-1009,WHG-R-1009-8MM-8.5,10K,White Gold,8,8.5,6.67,148500,20
WHG-R-1009,WHG-R-1009-8MM-9,10K,White Gold,8,9,6.8,151000,20
WHG-R-1009,WHG-R-1009-8MM-9.5,10K,White Gold,8,9.5,6.935,153500,20
WHG-R-1009,WHG-R-1009-8MM-10,10K,White Gold,8,10,7.07,156000,20
WHG-R-1009,WHG-R-1009-8MM-10.5,10K,White Gold,8,10.5,7.2,158500,20
WHG-R-1009,WHG-R-1009-8MM-11,10K,White Gold,8,11,7.33,161000,20
WHG-R-1009,WHG-R-1009-8MM-11.5,10K,White Gold,8,11.5,7.465,163500,20
WHG-R-1009,WHG-R-1009-8MM-12,10K,White Gold,8,12,7.6,166000,20
WHG-R-1009,WHG-R-1009-8MM-12.5,10K,White Gold,8,12.5,7.73,168000,20
WHG-R-1009,WHG-R-1009-8MM-13,10K,White Gold,8,13,7.86,170500,20
WHG-R-1009,WHG-R-1009-8MM-13.5,10K,White Gold,8,13.5,7.995,173000,20
WHG-R-1009,WHG-R-1009-8MM-14,10K,White Gold,8,14,8.13,175500,20
WHG-R-1009,WHG-R-1009-8MM-14.5,10K,White Gold,8,14.5,8.26,178000,20
WHG-R-1009,WHG-R-1009-8MM-15,10K,White Gold,8,15,8.39,180500,20
WHG-R-1009,WHG-R-1009-8MM-15.5,10K,White Gold,8,15.5,8.525,183000,20
WHG-R-1009,WHG-R-1009-8MM-16,10K,White Gold,8,16,8.66,185500,20
WHG-R-1009,WHG-R-1009-9MM-4,10K,White Gold,9,4,6.16,139000,20
WHG-R-1009,WHG-R-1009-9MM-4.5,10K,White Gold,9,4.5,6.31,142000,20
WHG-R-1009,WHG-R-1009-9MM-5,10K,White Gold,9,5,6.46,145000,20
WHG-R-1009,WHG-R-1009-9MM-5.5,10K,White Gold,9,5.5,6.61,147500,20
WHG-R-1009,WHG-R-1009-9MM-6,10K,White Gold,9,6,6.76,150500,20
WHG-R-1009,WHG-R-1009-9MM-6.5,10K,White Gold,9,6.5,6.905,153000,20
WHG-R-1009,WHG-R-1009-9MM-7,10K,White Gold,9,7,7.05,155500,20
WHG-R-1009,WHG-R-1009-9MM-7.5,10K,White Gold,9,7.5,7.2,158500,20
WHG-R-1009,WHG-R-1009-9MM-8,10K,White Gold,9,8,7.35,161500,20
WHG-R-1009,WHG-R-1009-9MM-8.5,10K,White Gold,9,8.5,7.5,164000,20
WHG-R-1009,WHG-R-1009-9MM-9,10K,White Gold,9,9,7.65,167000,20
WHG-R-1009,WHG-R-1009-9MM-9.5,10K,White Gold,9,9.5,7.8,169500,20
WHG-R-1009,WHG-R-1009-9MM-10,10K,White Gold,9,10,7.95,172500,20
WHG-R-1009,WHG-R-1009-9MM-10.5,10K,White Gold,9,10.5,8.1,175000,20
WHG-R-1009,WHG-R-1009-9MM-11,10K,White Gold,9,11,8.25,178000,20
WHG-R-1009,WHG-R-1009-9MM-11.5,10K,White Gold,9,11.5,8.4,180500,20
WHG-R-1009,WHG-R-1009-9MM-12,10K,White Gold,9,12,8.55,183500,20
WHG-R-1009,WHG-R-1009-9MM-12.5,10K,White Gold,9,12.5,8.7,186000,20
WHG-R-1009,WHG-R-1009-9MM-13,10K,White Gold,9,13,8.85,189000,20
WHG-R-1009,WHG-R-1009-9MM-13.5,10K,White Gold,9,13.5,8.995,191500,20
WHG-R-1009,WHG-R-1009-9MM-14,10K,White Gold,9,14,9.14,194500,20
WHG-R-1009,WHG-R-1009-9MM-14.5,10K,White Gold,9,14.5,9.29,197000,20
WHG-R-1009,WHG-R-1009-9MM-15,10K,White Gold,9,15,9.44,200000,20
WHG-R-1009,WHG-R-1009-9MM-15.5,10K,White Gold,9,15.5,9.59,203000,20
WHG-R-1009,WHG-R-1009-9MM-16,10K,White Gold,9,16,9.74,205500,20
WHG-R-1009,WHG-R-1009-10MM-4,10K,White Gold,10,4,6.84,152000,20
WHG-R-1009,WHG-R-1009-10MM-4.5,10K,White Gold,10,4.5,7.005,155000,20
WHG-R-1009,WHG-R-1009-10MM-5,10K,White Gold,10,5,7.17,158000,20
WHG-R-1009,WHG-R-1009-10MM-5.5,10K,White Gold,10,5.5,7.34,161000,20
WHG-R-1009,WHG-R-1009-10MM-6,10K,White Gold,10,6,7.51,164000,20
WHG-R-1009,WHG-R-1009-10MM-6.5,10K,White Gold,10,6.5,7.675,167500,20
WHG-R-1009,WHG-R-1009-10MM-7,10K,White Gold,10,7,7.84,170500,20
WHG-R-1009,WHG-R-1009-10MM-7.5,10K,White Gold,10,7.5,8.005,173500,20
WHG-R-1009,WHG-R-1009-10MM-8,10K,White Gold,10,8,8.17,176500,20
WHG-R-1009,WHG-R-1009-10MM-8.5,10K,White Gold,10,8.5,8.335,179500,20
WHG-R-1009,WHG-R-1009-10MM-9,10K,White Gold,10,9,8.5,182500,20
WHG-R-1009,WHG-R-1009-10MM-9.5,10K,White Gold,10,9.5,8.665,185500,20
WHG-R-1009,WHG-R-1009-10MM-10,10K,White Gold,10,10,8.83,188500,20
WHG-R-1009,WHG-R-1009-10MM-10.5,10K,White Gold,10,10.5,8.995,191500,20
WHG-R-1009,WHG-R-1009-10MM-11,10K,White Gold,10,11,9.16,195000,20
WHG-R-1009,WHG-R-1009-10MM-11.5,10K,White Gold,10,11.5,9.33,198000,20
WHG-R-1009,WHG-R-1009-10MM-12,10K,White Gold,10,12,9.5,201000,20
WHG-R-1009,WHG-R-1009-10MM-12.5,10K,White Gold,10,12.5,9.665,204000,20
WHG-R-1009,WHG-R-1009-10MM-13,10K,White Gold,10,13,9.83,207000,20
WHG-R-1009,WHG-R-1009-10MM-13.5,10K,White Gold,10,13.5,9.995,210000,20
WHG-R-1009,WHG-R-1009-10MM-14,10K,White Gold,10,14,10.16,213500,20
WHG-R-1009,WHG-R-1009-10MM-14.5,10K,White Gold,10,14.5,10.325,216500,20
WHG-R-1009,WHG-R-1009-10MM-15,10K,White Gold,10,15,10.49,219500,20
WHG-R-1009,WHG-R-1009-10MM-15.5,10K,White Gold,10,15.5,10.655,222500,20
WHG-R-1009,WHG-R-1009-10MM-16,10K,White Gold,10,16,10.82,225500,20
WHG-R-1009,WHG-R-1009-11MM-4,10K,White Gold,11,4,7.53,164500,20
WHG-R-1009,WHG-R-1009-11MM-4.5,10K,White Gold,11,4.5,7.71,168000,20
WHG-R-1009,WHG-R-1009-11MM-5,10K,White Gold,11,5,7.89,171500,20
WHG-R-1009,WHG-R-1009-11MM-5.5,10K,White Gold,11,5.5,8.075,174500,20
WHG-R-1009,WHG-R-1009-11MM-6,10K,White Gold,11,6,8.26,178000,20
WHG-R-1009,WHG-R-1009-11MM-6.5,10K,White Gold,11,6.5,8.44,181500,20
WHG-R-1009,WHG-R-1009-11MM-7,10K,White Gold,11,7,8.62,185000,20
WHG-R-1009,WHG-R-1009-11MM-7.5,10K,White Gold,11,7.5,8.805,188000,20
WHG-R-1009,WHG-R-1009-11MM-8,10K,White Gold,11,8,8.99,191500,20
WHG-R-1009,WHG-R-1009-11MM-8.5,10K,White Gold,11,8.5,9.17,195000,20
WHG-R-1009,WHG-R-1009-11MM-9,10K,White Gold,11,9,9.35,198000,20
WHG-R-1009,WHG-R-1009-11MM-9.5,10K,White Gold,11,9.5,9.535,201500,20
WHG-R-1009,WHG-R-1009-11MM-10,10K,White Gold,11,10,9.72,205000,20
WHG-R-1009,WHG-R-1009-11MM-10.5,10K,White Gold,11,10.5,9.9,208500,20
WHG-R-1009,WHG-R-1009-11MM-11,10K,White Gold,11,11,10.08,212000,20
WHG-R-1009,WHG-R-1009-11MM-11.5,10K,White Gold,11,11.5,10.265,215000,20
WHG-R-1009,WHG-R-1009-11MM-12,10K,White Gold,11,12,10.45,218500,20
WHG-R-1009,WHG-R-1009-11MM-12.5,10K,White Gold,11,12.5,10.63,222000,20
WHG-R-1009,WHG-R-1009-11MM-13,10K,White Gold,11,13,10.81,225500,20
WHG-R-1009,WHG-R-1009-11MM-13.5,10K,White Gold,11,13.5,10.995,229000,20
WHG-R-1009,WHG-R-1009-11MM-14,10K,White Gold,11,14,11.18,232000,20
WHG-R-1009,WHG-R-1009-11MM-14.5,10K,White Gold,11,14.5,11.355,235500,20
WHG-R-1009,WHG-R-1009-11MM-15,10K,White Gold,11,15,11.53,238500,20
WHG-R-1009,WHG-R-1009-11MM-15.5,10K,White Gold,11,15.5,11.72,242000,20
WHG-R-1009,WHG-R-1009-11MM-16,10K,White Gold,11,16,11.91,245500,20
WHG-R-1009,WHG-R-1009-12MM-4,10K,White Gold,12,4,8.21,177000,20
WHG-R-1009,WHG-R-1009-12MM-4.5,10K,White Gold,12,4.5,8.41,181000,20
WHG-R-1009,WHG-R-1009-12MM-5,10K,White Gold,12,5,8.61,184500,20
WHG-R-1009,WHG-R-1009-12MM-5.5,10K,White Gold,12,5.5,8.81,188000,20
WHG-R-1009,WHG-R-1009-12MM-6,10K,White Gold,12,6,9.01,192000,20
WHG-R-1009,WHG-R-1009-12MM-6.5,10K,White Gold,12,6.5,9.21,195500,20
WHG-R-1009,WHG-R-1009-12MM-7,10K,White Gold,12,7,9.41,199500,20
WHG-R-1009,WHG-R-1009-12MM-7.5,10K,White Gold,12,7.5,9.605,203000,20
WHG-R-1009,WHG-R-1009-12MM-8,10K,White Gold,12,8,9.8,206500,20
WHG-R-1009,WHG-R-1009-12MM-8.5,10K,White Gold,12,8.5,10.0,210500,20
WHG-R-1009,WHG-R-1009-12MM-9,10K,White Gold,12,9,10.2,214000,20
WHG-R-1009,WHG-R-1009-12MM-9.5,10K,White Gold,12,9.5,10.4,217500,20
WHG-R-1009,WHG-R-1009-12MM-10,10K,White Gold,12,10,10.6,221500,20
WHG-R-1009,WHG-R-1009-12MM-10.5,10K,White Gold,12,10.5,10.8,225000,20
WHG-R-1009,WHG-R-1009-12MM-11,10K,White Gold,12,11,11.0,229000,20
WHG-R-1009,WHG-R-1009-12MM-11.5,10K,White Gold,12,11.5,11.2,232500,20
WHG-R-1009,WHG-R-1009-12MM-12,10K,White Gold,12,12,11.4,236000,20
WHG-R-1009,WHG-R-1009-12MM-12.5,10K,White Gold,12,12.5,11.595,240000,20
WHG-R-1009,WHG-R-1009-12MM-13,10K,White Gold,12,13,11.79,243500,20
WHG-R-1009,WHG-R-1009-12MM-13.5,10K,White Gold,12,13.5,11.99,247000,20
WHG-R-1009,WHG-R-1009-12MM-14,10K,White Gold,12,14,12.19,251000,20
WHG-R-1009,WHG-R-1009-12MM-14.5,10K,White Gold,12,14.5,12.39,254500,20
WHG-R-1009,WHG-R-1009-12MM-15,10K,White Gold,12,15,12.59,258000,20
WHG-R-1009,WHG-R-1009-12MM-15.5,10K,White Gold,12,15.5,12.79,262000,20
WHG-R-1009,WHG-R-1009-12MM-16,10K,White Gold,12,16,12.99,265500,20
WHG-R-1409,WHG-R-1409-4MM-4,14K,White Gold,4,4,3.11,98500,20
WHG-R-1409,WHG-R-1409-4MM-4.5,14K,White Gold,4,4.5,3.185,100000,20
WHG-R-1409,WHG-R-1409-4MM-5,14K,White Gold,4,5,3.26,102000,20
WHG-R-1409,WHG-R-1409-4MM-5.5,14K,White Gold,4,5.5,3.335,104000,20
WHG-R-1409,WHG-R-1409-4MM-6,14K,White Gold,4,6,3.41,105500,20
WHG-R-1409,WHG-R-1409-4MM-6.5,14K,White Gold,4,6.5,3.485,107500,20
WHG-R-1409,WHG-R-1409-4MM-7,14K,White Gold,4,7,3.56,109500,20
WHG-R-1409,WHG-R-1409-4MM-7.5,14K,White Gold,4,7.5,3.635,111000,20
WHG-R-1409,WHG-R-1409-4MM-8,14K,White Gold,4,8,3.71,113000,20
WHG-R-1409,WHG-R-1409-4MM-8.5,14K,White Gold,4,8.5,3.785,115000,20
WHG-R-1409,WHG-R-1409-4MM-9,14K,White Gold,4,9,3.86,116500,20
WHG-R-1409,WHG-R-1409-4MM-9.5,14K,White Gold,4,9.5,3.935,118500,20
WHG-R-1409,WHG-R-1409-4MM-10,14K,White Gold,4,10,4.01,120000,20
WHG-R-1409,WHG-R-1409-4MM-10.5,14K,White Gold,4,10.5,4.09,122000,20
WHG-R-1409,WHG-R-1409-4MM-11,14K,White Gold,4,11,4.17,124000,20
WHG-R-1409,WHG-R-1409-4MM-11.5,14K,White Gold,4,11.5,4.245,126000,20
WHG-R-1409,WHG-R-1409-4MM-12,14K,White Gold,4,12,4.32,127500,20
WHG-R-1409,WHG-R-1409-4MM-12.5,14K,White Gold,4,12.5,4.395,129500,20
WHG-R-1409,WHG-R-1409-4MM-13,14K,White Gold,4,13,4.47,131500,20
WHG-R-1409,WHG-R-1409-4MM-13.5,14K,White Gold,4,13.5,4.545,133000,20
WHG-R-1409,WHG-R-1409-4MM-14,14K,White Gold,4,14,4.62,135000,20
WHG-R-1409,WHG-R-1409-4MM-14.5,14K,White Gold,4,14.5,4.695,137000,20
WHG-R-1409,WHG-R-1409-4MM-15,14K,White Gold,4,15,4.77,138500,20
WHG-R-1409,WHG-R-1409-4MM-15.5,14K,White Gold,4,15.5,4.845,140500,20
WHG-R-1409,WHG-R-1409-4MM-16,14K,White Gold,4,16,4.92,142000,20
WHG-R-1409,WHG-R-1409-5MM-4,14K,White Gold,5,4,3.89,117500,20
WHG-R-1409,WHG-R-1409-5MM-4.5,14K,White Gold,5,4.5,3.975,119500,20
WHG-R-1409,WHG-R-1409-5MM-5,14K,White Gold,5,5,4.06,121500,20
WHG-R-1409,WHG-R-1409-5MM-5.5,14K,White Gold,5,5.5,4.16,124000,20
WHG-R-1409,WHG-R-1409-5MM-6,14K,White Gold,5,6,4.26,126000,20
WHG-R-1409,WHG-R-1409-5MM-6.5,14K,White Gold,5,6.5,4.355,128500,20
WHG-R-1409,WHG-R-1409-5MM-7,14K,White Gold,5,7,4.45,131000,20
WHG-R-1409,WHG-R-1409-5MM-7.5,14K,White Gold,5,7.5,4.545,133000,20
WHG-R-1409,WHG-R-1409-5MM-8,14K,White Gold,5,8,4.64,135500,20
WHG-R-1409,WHG-R-1409-5MM-8.5,14K,White Gold,5,8.5,4.735,137500,20
WHG-R-1409,WHG-R-1409-5MM-9,14K,White Gold,5,9,4.83,140000,20
WHG-R-1409,WHG-R-1409-5MM-9.5,14K,White Gold,5,9.5,4.925,142000,20
WHG-R-1409,WHG-R-1409-5MM-10,14K,White Gold,5,10,5.02,144500,20
WHG-R-1409,WHG-R-1409-5MM-10.5,14K,White Gold,5,10.5,5.115,147000,20
WHG-R-1409,WHG-R-1409-5MM-11,14K,White Gold,5,11,5.21,149000,20
WHG-R-1409,WHG-R-1409-5MM-11.5,14K,White Gold,5,11.5,5.305,151500,20
WHG-R-1409,WHG-R-1409-5MM-12,14K,White Gold,5,12,5.4,153500,20
WHG-R-1409,WHG-R-1409-5MM-12.5,14K,White Gold,5,12.5,5.49,156000,20
WHG-R-1409,WHG-R-1409-5MM-13,14K,White Gold,5,13,5.58,158000,20
WHG-R-1409,WHG-R-1409-5MM-13.5,14K,White Gold,5,13.5,5.675,160500,20
WHG-R-1409,WHG-R-1409-5MM-14,14K,White Gold,5,14,5.77,162500,20
WHG-R-1409,WHG-R-1409-5MM-14.5,14K,White Gold,5,14.5,5.865,165000,20
WHG-R-1409,WHG-R-1409-5MM-15,14K,White Gold,5,15,5.96,167000,20
WHG-R-1409,WHG-R-1409-5MM-15.5,14K,White Gold,5,15.5,6.055,169500,20
WHG-R-1409,WHG-R-1409-5MM-16,14K,White Gold,5,16,6.15,172000,20
WHG-R-1409,WHG-R-1409-6MM-4,14K,White Gold,6,4,4.67,136000,20
WHG-R-1409,WHG-R-1409-6MM-4.5,14K,White Gold,6,4.5,4.78,139000,20
WHG-R-1409,WHG-R-1409-6MM-5,14K,White Gold,6,5,4.89,141500,20
WHG-R-1409,WHG-R-1409-6MM-5.5,14K,White Gold,6,5.5,5.005,144000,20
WHG-R-1409,WHG-R-1409-6MM-6,14K,White Gold,6,6,5.12,147000,20
WHG-R-1409,WHG-R-1409-6MM-6.5,14K,White Gold,6,6.5,5.23,149500,20
WHG-R-1409,WHG-R-1409-6MM-7,14K,White Gold,6,7,5.34,152000,20
WHG-R-1409,WHG-R-1409-6MM-7.5,14K,White Gold,6,7.5,5.455,155000,20
WHG-R-1409,WHG-R-1409-6MM-8,14K,White Gold,6,8,5.57,158000,20
WHG-R-1409,WHG-R-1409-6MM-8.5,14K,White Gold,6,8.5,5.685,160500,20
WHG-R-1409,WHG-R-1409-6MM-9,14K,White Gold,6,9,5.8,163500,20
WHG-R-1409,WHG-R-1409-6MM-9.5,14K,White Gold,6,9.5,5.91,166000,20
WHG-R-1409,WHG-R-1409-6MM-10,14K,White Gold,6,10,6.02,168500,20
WHG-R-1409,WHG-R-1409-6MM-10.5,14K,White Gold,6,10.5,6.135,171500,20
WHG-R-1409,WHG-R-1409-6MM-11,14K,White Gold,6,11,6.25,174000,20
WHG-R-1409,WHG-R-1409-6MM-11.5,14K,White Gold,6,11.5,6.36,177000,20
WHG-R-1409,WHG-R-1409-6MM-12,14K,White Gold,6,12,6.47,179500,20
WHG-R-1409,WHG-R-1409-6MM-12.5,14K,White Gold,6,12.5,6.585,182000,20
WHG-R-1409,WHG-R-1409-6MM-13,14K,White Gold,6,13,6.7,185000,20
WHG-R-1409,WHG-R-1409-6MM-13.5,14K,White Gold,6,13.5,6.815,188000,20
WHG-R-1409,WHG-R-1409-6MM-14,14K,White Gold,6,14,6.93,190500,20
WHG-R-1409,WHG-R-1409-6MM-14.5,14K,White Gold,6,14.5,7.04,193500,20
WHG-R-1409,WHG-R-1409-6MM-15,14K,White Gold,6,15,7.15,196000,20
WHG-R-1409,WHG-R-1409-6MM-15.5,14K,White Gold,6,15.5,7.265,198500,20
WHG-R-1409,WHG-R-1409-6MM-16,14K,White Gold,6,16,7.38,201500,20
WHG-R-1409,WHG-R-1409-7MM-4,14K,White Gold,7,4,5.44,154500,20
WHG-R-1409,WHG-R-1409-7MM-4.5,14K,White Gold,7,4.5,5.575,158000,20
WHG-R-1409,WHG-R-1409-7MM-5,14K,White Gold,7,5,5.71,161000,20
WHG-R-1409,WHG-R-1409-7MM-5.5,14K,White Gold,7,5.5,5.84,164500,20
WHG-R-1409,WHG-R-1409-7MM-6,14K,White Gold,7,6,5.97,167500,20
WHG-R-1409,WHG-R-1409-7MM-6.5,14K,White Gold,7,6.5,6.1,170500,20
WHG-R-1409,WHG-R-1409-7MM-7,14K,White Gold,7,7,6.23,173500,20
WHG-R-1409,WHG-R-1409-7MM-7.5,14K,White Gold,7,7.5,6.365,177000,20
WHG-R-1409,WHG-R-1409-7MM-8,14K,White Gold,7,8,6.5,180000,20
WHG-R-1409,WHG-R-1409-7MM-8.5,14K,White Gold,7,8.5,6.63,183500,20
WHG-R-1409,WHG-R-1409-7MM-9,14K,White Gold,7,9,6.76,186500,20
WHG-R-1409,WHG-R-1409-7MM-9.5,14K,White Gold,7,9.5,6.895,190000,20
WHG-R-1409,WHG-R-1409-7MM-10,14K,White Gold,7,10,7.03,193000,20
WHG-R-1409,WHG-R-1409-7MM-10.5,14K,White Gold,7,10.5,7.16,196000,20
WHG-R-1409,WHG-R-1409-7MM-11,14K,White Gold,7,11,7.29,199500,20
WHG-R-1409,WHG-R-1409-7MM-11.5,14K,White Gold,7,11.5,7.42,202500,20
WHG-R-1409,WHG-R-1409-7MM-12,14K,White Gold,7,12,7.55,205500,20
WHG-R-1409,WHG-R-1409-7MM-12.5,14K,White Gold,7,12.5,7.685,209000,20
WHG-R-1409,WHG-R-1409-7MM-13,14K,White Gold,7,13,7.82,212000,20
WHG-R-1409,WHG-R-1409-7MM-13.5,14K,White Gold,7,13.5,7.95,215000,20
WHG-R-1409,WHG-R-1409-7MM-14,14K,White Gold,7,14,8.08,218500,20
WHG-R-1409,WHG-R-1409-7MM-14.5,14K,White Gold,7,14.5,8.215,221500,20
WHG-R-1409,WHG-R-1409-7MM-15,14K,White Gold,7,15,8.35,225000,20
WHG-R-1409,WHG-R-1409-7MM-15.5,14K,White Gold,7,15.5,8.48,228000,20
WHG-R-1409,WHG-R-1409-7MM-16,14K,White Gold,7,16,8.61,231000,20
WHG-R-1409,WHG-R-1409-8MM-4,14K,White Gold,8,4,6.22,186000,20
WHG-R-1409,WHG-R-1409-8MM-4.5,14K,White Gold,8,4.5,6.37,190000,20
WHG-R-1409,WHG-R-1409-8MM-5,14K,White Gold,8,5,6.52,194000,20
WHG-R-1409,WHG-R-1409-8MM-5.5,14K,White Gold,8,5.5,6.67,198000,20
WHG-R-1409,WHG-R-1409-8MM-6,14K,White Gold,8,6,6.82,201500,20
WHG-R-1409,WHG-R-1409-8MM-6.5,14K,White Gold,8,6.5,6.975,205500,20
WHG-R-1409,WHG-R-1409-8MM-7,14K,White Gold,8,7,7.13,209500,20
WHG-R-1409,WHG-R-1409-8MM-7.5,14K,White Gold,8,7.5,7.28,213500,20
WHG-R-1409,WHG-R-1409-8MM-8,14K,White Gold,8,8,7.43,217500,20
WHG-R-1409,WHG-R-1409-8MM-8.5,14K,White Gold,8,8.5,7.58,221500,20
WHG-R-1409,WHG-R-1409-8MM-9,14K,White Gold,8,9,7.73,225500,20
WHG-R-1409,WHG-R-1409-8MM-9.5,14K,White Gold,8,9.5,7.88,229000,20
WHG-R-1409,WHG-R-1409-8MM-10,14K,White Gold,8,10,8.03,233000,20
WHG-R-1409,WHG-R-1409-8MM-10.5,14K,White Gold,8,10.5,8.18,237000,20
WHG-R-1409,WHG-R-1409-8MM-11,14K,White Gold,8,11,8.33,241000,20
WHG-R-1409,WHG-R-1409-8MM-11.5,14K,White Gold,8,11.5,8.48,244500,20
WHG-R-1409,WHG-R-1409-8MM-12,14K,White Gold,8,12,8.63,248500,20
WHG-R-1409,WHG-R-1409-8MM-12.5,14K,White Gold,8,12.5,8.78,252500,20
WHG-R-1409,WHG-R-1409-8MM-13,14K,White Gold,8,13,8.93,256500,20
WHG-R-1409,WHG-R-1409-8MM-13.5,14K,White Gold,8,13.5,9.085,260500,20
WHG-R-1409,WHG-R-1409-8MM-14,14K,White Gold,8,14,9.24,264500,20
WHG-R-1409,WHG-R-1409-8MM-14.5,14K,White Gold,8,14.5,9.39,268000,20
WHG-R-1409,WHG-R-1409-8MM-15,14K,White Gold,8,15,9.54,272000,20
WHG-R-1409,WHG-R-1409-8MM-15.5,14K,White Gold,8,15.5,9.69,276000,20
WHG-R-1409,WHG-R-1409-8MM-16,14K,White Gold,8,16,9.84,280000,20
WHG-R-1409,WHG-R-1409-9MM-4,14K,White Gold,9,4,7.0,206500,20
WHG-R-1409,WHG-R-1409-9MM-4.5,14K,White Gold,9,4.5,7.17,211000,20
WHG-R-1409,WHG-R-1409-9MM-5,14K,White Gold,9,5,7.34,215000,20
WHG-R-1409,WHG-R-1409-9MM-5.5,14K,White Gold,9,5.5,7.51,219500,20
WHG-R-1409,WHG-R-1409-9MM-6,14K,White Gold,9,6,7.68,224000,20
WHG-R-1409,WHG-R-1409-9MM-6.5,14K,White Gold,9,6.5,7.85,228500,20
WHG-R-1409,WHG-R-1409-9MM-7,14K,White Gold,9,7,8.02,233000,20
WHG-R-1409,WHG-R-1409-9MM-7.5,14K,White Gold,9,7.5,8.19,237000,20
WHG-R-1409,WHG-R-1409-9MM-8,14K,White Gold,9,8,8.36,241500,20
WHG-R-1409,WHG-R-1409-9MM-8.5,14K,White Gold,9,8.5,8.525,246000,20
WHG-R-1409,WHG-R-1409-9MM-9,14K,White Gold,9,9,8.69,250000,20
WHG-R-1409,WHG-R-1409-9MM-9.5,14K,White Gold,9,9.5,8.86,254500,20
WHG-R-1409,WHG-R-1409-9MM-10,14K,White Gold,9,10,9.03,259000,20
WHG-R-1409,WHG-R-1409-9MM-10.5,14K,White Gold,9,10.5,9.2,263500,20
WHG-R-1409,WHG-R-1409-9MM-11,14K,White Gold,9,11,9.37,267500,20
WHG-R-1409,WHG-R-1409-9MM-11.5,14K,White Gold,9,11.5,9.54,272000,20
WHG-R-1409,WHG-R-1409-9MM-12,14K,White Gold,9,12,9.71,276500,20
WHG-R-1409,WHG-R-1409-9MM-12.5,14K,White Gold,9,12.5,9.88,281000,20
WHG-R-1409,WHG-R-1409-9MM-13,14K,White Gold,9,13,10.05,285500,20
WHG-R-1409,WHG-R-1409-9MM-13.5,14K,White Gold,9,13.5,10.22,289500,20
WHG-R-1409,WHG-R-1409-9MM-14,14K,White Gold,9,14,10.39,294000,20
WHG-R-1409,WHG-R-1409-9MM-14.5,14K,White Gold,9,14.5,10.56,298500,20
WHG-R-1409,WHG-R-1409-9MM-15,14K,White Gold,9,15,10.73,303000,20
WHG-R-1409,WHG-R-1409-9MM-15.5,14K,White Gold,9,15.5,10.9,307500,20
WHG-R-1409,WHG-R-1409-9MM-16,14K,White Gold,9,16,11.07,311500,20
WHG-R-1409,WHG-R-1409-10MM-4,14K,White Gold,10,4,7.78,226500,20
WHG-R-1409,WHG-R-1409-10MM-4.5,14K,White Gold,10,4.5,7.965,231500,20
WHG-R-1409,WHG-R-1409-10MM-5,14K,White Gold,10,5,8.15,236000,20
WHG-R-1409,WHG-R-1409-10MM-5.5,14K,White Gold,10,5.5,8.34,241000,20
WHG-R-1409,WHG-R-1409-10MM-6,14K,White Gold,10,6,8.53,246000,20
WHG-R-1409,WHG-R-1409-10MM-6.5,14K,White Gold,10,6.5,8.72,251000,20
WHG-R-1409,WHG-R-1409-10MM-7,14K,White Gold,10,7,8.91,256000,20
WHG-R-1409,WHG-R-1409-10MM-7.5,14K,White Gold,10,7.5,9.095,260500,20
WHG-R-1409,WHG-R-1409-10MM-8,14K,White Gold,10,8,9.28,265500,20
WHG-R-1409,WHG-R-1409-10MM-8.5,14K,White Gold,10,8.5,9.47,270000,20
WHG-R-1409,WHG-R-1409-10MM-9,14K,White Gold,10,9,9.66,275000,20
WHG-R-1409,WHG-R-1409-10MM-9.5,14K,White Gold,10,9.5,9.85,280000,20
WHG-R-1409,WHG-R-1409-10MM-10,14K,White Gold,10,10,10.04,285000,20
WHG-R-1409,WHG-R-1409-10MM-10.5,14K,White Gold,10,10.5,10.225,290000,20
WHG-R-1409,WHG-R-1409-10MM-11,14K,White Gold,10,11,10.41,294500,20
WHG-R-1409,WHG-R-1409-10MM-11.5,14K,White Gold,10,11.5,10.6,299500,20
WHG-R-1409,WHG-R-1409-10MM-12,14K,White Gold,10,12,10.79,304500,20
WHG-R-1409,WHG-R-1409-10MM-12.5,14K,White Gold,10,12.5,10.98,309500,20
WHG-R-1409,WHG-R-1409-10MM-13,14K,White Gold,10,13,11.17,314500,20
WHG-R-1409,WHG-R-1409-10MM-13.5,14K,White Gold,10,13.5,11.36,319000,20
WHG-R-1409,WHG-R-1409-10MM-14,14K,White Gold,10,14,11.55,324000,20
WHG-R-1409,WHG-R-1409-10MM-14.5,14K,White Gold,10,14.5,11.735,329000,20
WHG-R-1409,WHG-R-1409-10MM-15,14K,White Gold,10,15,11.92,333500,20
WHG-R-1409,WHG-R-1409-10MM-15.5,14K,White Gold,10,15.5,12.11,338500,20
WHG-R-1409,WHG-R-1409-10MM-16,14K,White Gold,10,16,12.3,343500,20
WHG-R-1409,WHG-R-1409-11MM-4,14K,White Gold,11,4,8.55,246500,20
WHG-R-1409,WHG-R-1409-11MM-4.5,14K,White Gold,11,4.5,8.76,252000,20
WHG-R-1409,WHG-R-1409-11MM-5,14K,White Gold,11,5,8.97,257500,20
WHG-R-1409,WHG-R-1409-11MM-5.5,14K,White Gold,11,5.5,9.175,262500,20
WHG-R-1409,WHG-R-1409-11MM-6,14K,White Gold,11,6,9.38,268000,20
WHG-R-1409,WHG-R-1409-11MM-6.5,14K,White Gold,11,6.5,9.59,273500,20
WHG-R-1409,WHG-R-1409-11MM-7,14K,White Gold,11,7,9.8,279000,20
WHG-R-1409,WHG-R-1409-11MM-7.5,14K,White Gold,11,7.5,10.005,284000,20
WHG-R-1409,WHG-R-1409-11MM-8,14K,White Gold,11,8,10.21,289500,20
WHG-R-1409,WHG-R-1409-11MM-8.5,14K,White Gold,11,8.5,10.42,295000,20
WHG-R-1409,WHG-R-1409-11MM-9,14K,White Gold,11,9,10.63,300500,20
WHG-R-1409,WHG-R-1409-11MM-9.5,14K,White Gold,11,9.5,10.835,305500,20
WHG-R-1409,WHG-R-1409-11MM-10,14K,White Gold,11,10,11.04,311000,20
WHG-R-1409,WHG-R-1409-11MM-10.5,14K,White Gold,11,10.5,11.25,316500,20
WHG-R-1409,WHG-R-1409-11MM-11,14K,White Gold,11,11,11.46,322000,20
WHG-R-1409,WHG-R-1409-11MM-11.5,14K,White Gold,11,11.5,11.665,327000,20
WHG-R-1409,WHG-R-1409-11MM-12,14K,White Gold,11,12,11.87,332500,20
WHG-R-1409,WHG-R-1409-11MM-12.5,14K,White Gold,11,12.5,12.08,338000,20
WHG-R-1409,WHG-R-1409-11MM-13,14K,White Gold,11,13,12.29,343500,20
WHG-R-1409,WHG-R-1409-11MM-13.5,14K,White Gold,11,13.5,12.495,348500,20
WHG-R-1409,WHG-R-1409-11MM-14,14K,White Gold,11,14,12.7,354000,20
WHG-R-1409,WHG-R-1409-11MM-14.5,14K,White Gold,11,14.5,12.905,359000,20
WHG-R-1409,WHG-R-1409-11MM-15,14K,White Gold,11,15,13.11,364500,20
WHG-R-1409,WHG-R-1409-11MM-15.5,14K,White Gold,11,15.5,13.32,370000,20
WHG-R-1409,WHG-R-1409-11MM-16,14K,White Gold,11,16,13.53,375500,20
WHG-R-1409,WHG-R-1409-12MM-4,14K,White Gold,12,4,9.33,266500,20
WHG-R-1409,WHG-R-1409-12MM-4.5,14K,White Gold,12,4.5,9.555,272500,20
WHG-R-1409,WHG-R-1409-12MM-5,14K,White Gold,12,5,9.78,278500,20
WHG-R-1409,WHG-R-1409-12MM-5.5,14K,White Gold,12,5.5,10.01,284000,20
WHG-R-1409,WHG-R-1409-12MM-6,14K,White Gold,12,6,10.24,290000,20
WHG-R-1409,WHG-R-1409-12MM-6.5,14K,White Gold,12,6.5,10.465,296000,20
WHG-R-1409,WHG-R-1409-12MM-7,14K,White Gold,12,7,10.69,302000,20
WHG-R-1409,WHG-R-1409-12MM-7.5,14K,White Gold,12,7.5,10.915,307500,20
WHG-R-1409,WHG-R-1409-12MM-8,14K,White Gold,12,8,11.14,313500,20
WHG-R-1409,WHG-R-1409-12MM-8.5,14K,White Gold,12,8.5,11.365,319500,20
WHG-R-1409,WHG-R-1409-12MM-9,14K,White Gold,12,9,11.59,325000,20
WHG-R-1409,WHG-R-1409-12MM-9.5,14K,White Gold,12,9.5,11.815,331000,20
WHG-R-1409,WHG-R-1409-12MM-10,14K,White Gold,12,10,12.04,337000,20
WHG-R-1409,WHG-R-1409-12MM-10.5,14K,White Gold,12,10.5,12.27,343000,20
WHG-R-1409,WHG-R-1409-12MM-11,14K,White Gold,12,11,12.5,349000,20
WHG-R-1409,WHG-R-1409-12MM-11.5,14K,White Gold,12,11.5,12.725,354500,20
WHG-R-1409,WHG-R-1409-12MM-12,14K,White Gold,12,12,12.95,360500,20
WHG-R-1409,WHG-R-1409-12MM-12.5,14K,White Gold,12,12.5,13.175,366000,20
WHG-R-1409,WHG-R-1409-12MM-13,14K,White Gold,12,13,13.4,372000,20
WHG-R-1409,WHG-R-1409-12MM-13.5,14K,White Gold,12,13.5,13.625,378000,20
WHG-R-1409,WHG-R-1409-12MM-14,14K,White Gold,12,14,13.85,383500,20
WHG-R-1409,WHG-R-1409-12MM-14.5,14K,White Gold,12,14.5,14.08,389500,20
WHG-R-1409,WHG-R-1409-12MM-15,14K,White Gold,12,15,14.31,395500,20
WHG-R-1409,WHG-R-1409-12MM-15.5,14K,White Gold,12,15.5,14.535,401500,20
WHG-R-1409,WHG-R-1409-12MM-16,14K,White Gold,12,16,14.76,407000,20
WHG-R-1809,WHG-R-1809-4MM-4,18K,White Gold,4,4,3.6,135000,20
WHG-R-1809,WHG-R-1809-4MM-4.5,18K,White Gold,4,4.5,3.67,137500,20
WHG-R-1809,WHG-R-1809-4MM-5,18K,White Gold,4,5,3.74,139500,20
WHG-R-1809,WHG-R-1809-4MM-5.5,18K,White Gold,4,5.5,3.815,142000,20
WHG-R-1809,WHG-R-1809-4MM-6,18K,White Gold,4,6,3.89,144000,20
WHG-R-1809,WHG-R-1809-4MM-6.5,18K,White Gold,4,6.5,3.965,146500,20
WHG-R-1809,WHG-R-1809-4MM-7,18K,White Gold,4,7,4.04,149000,20
WHG-R-1809,WHG-R-1809-4MM-7.5,18K,White Gold,4,7.5,4.115,151000,20
WHG-R-1809,WHG-R-1809-4MM-8,18K,White Gold,4,8,4.19,153500,20
WHG-R-1809,WHG-R-1809-4MM-8.5,18K,White Gold,4,8.5,4.26,155500,20
WHG-R-1809,WHG-R-1809-4MM-9,18K,White Gold,4,9,4.33,158000,20
WHG-R-1809,WHG-R-1809-4MM-9.5,18K,White Gold,4,9.5,4.405,160000,20
WHG-R-1809,WHG-R-1809-4MM-10,18K,White Gold,4,10,4.48,162500,20
WHG-R-1809,WHG-R-1809-4MM-10.5,18K,White Gold,4,10.5,4.555,165000,20
WHG-R-1809,WHG-R-1809-4MM-11,18K,White Gold,4,11,4.63,167000,20
WHG-R-1809,WHG-R-1809-4MM-11.5,18K,White Gold,4,11.5,4.705,169500,20
WHG-R-1809,WHG-R-1809-4MM-12,18K,White Gold,4,12,4.78,172000,20
WHG-R-1809,WHG-R-1809-4MM-12.5,18K,White Gold,4,12.5,4.85,174000,20
WHG-R-1809,WHG-R-1809-4MM-13,18K,White Gold,4,13,4.92,176000,20
WHG-R-1809,WHG-R-1809-4MM-13.5,18K,White Gold,4,13.5,4.98,178000,20
WHG-R-1809,WHG-R-1809-4MM-14,18K,White Gold,4,14,5.04,180000,20
WHG-R-1809,WHG-R-1809-4MM-14.5,18K,White Gold,4,14.5,5.105,182000,20
WHG-R-1809,WHG-R-1809-4MM-15,18K,White Gold,4,15,5.17,184000,20
WHG-R-1809,WHG-R-1809-4MM-15.5,18K,White Gold,4,15.5,5.285,187500,20
WHG-R-1809,WHG-R-1809-4MM-16,18K,White Gold,4,16,5.4,191000,20
WHG-R-1809,WHG-R-1809-5MM-4,18K,White Gold,5,4,4.56,165000,20
WHG-R-1809,WHG-R-1809-5MM-4.5,18K,White Gold,5,4.5,4.655,168000,20
WHG-R-1809,WHG-R-1809-5MM-5,18K,White Gold,5,5,4.75,171000,20
WHG-R-1809,WHG-R-1809-5MM-5.5,18K,White Gold,5,5.5,4.84,173500,20
WHG-R-1809,WHG-R-1809-5MM-6,18K,White Gold,5,6,4.93,176500,20
WHG-R-1809,WHG-R-1809-5MM-6.5,18K,White Gold,5,6.5,5.025,179500,20
WHG-R-1809,WHG-R-1809-5MM-7,18K,White Gold,5,7,5.12,182500,20
WHG-R-1809,WHG-R-1809-5MM-7.5,18K,White Gold,5,7.5,5.21,185000,20
WHG-R-1809,WHG-R-1809-5MM-8,18K,White Gold,5,8,5.3,188000,20
WHG-R-1809,WHG-R-1809-5MM-8.5,18K,White Gold,5,8.5,5.4,191000,20
WHG-R-1809,WHG-R-1809-5MM-9,18K,White Gold,5,9,5.5,194000,20
WHG-R-1809,WHG-R-1809-5MM-9.5,18K,White Gold,5,9.5,5.59,197000,20
WHG-R-1809,WHG-R-1809-5MM-10,18K,White Gold,5,10,5.68,199500,20
WHG-R-1809,WHG-R-1809-5MM-10.5,18K,White Gold,5,10.5,5.775,202500,20
WHG-R-1809,WHG-R-1809-5MM-11,18K,White Gold,5,11,5.87,205500,20
WHG-R-1809,WHG-R-1809-5MM-11.5,18K,White Gold,5,11.5,5.96,208500,20
WHG-R-1809,WHG-R-1809-5MM-12,18K,White Gold,5,12,6.05,211000,20
WHG-R-1809,WHG-R-1809-5MM-12.5,18K,White Gold,5,12.5,6.145,214000,20
WHG-R-1809,WHG-R-1809-5MM-13,18K,White Gold,5,13,6.24,217000,20
WHG-R-1809,WHG-R-1809-5MM-13.5,18K,White Gold,5,13.5,6.305,219000,20
WHG-R-1809,WHG-R-1809-5MM-14,18K,White Gold,5,14,6.37,221000,20
WHG-R-1809,WHG-R-1809-5MM-14.5,18K,White Gold,5,14.5,6.435,223000,20
WHG-R-1809,WHG-R-1809-5MM-15,18K,White Gold,5,15,6.5,225000,20
WHG-R-1809,WHG-R-1809-5MM-15.5,18K,White Gold,5,15.5,6.755,233000,20
WHG-R-1809,WHG-R-1809-5MM-16,18K,White Gold,5,16,7.01,241000,20
WHG-R-1809,WHG-R-1809-6MM-4,18K,White Gold,6,4,5.4,191000,20
WHG-R-1809,WHG-R-1809-6MM-4.5,18K,White Gold,6,4.5,5.515,194500,20
WHG-R-1809,WHG-R-1809-6MM-5,18K,White Gold,6,5,5.63,198000,20
WHG-R-1809,WHG-R-1809-6MM-5.5,18K,White Gold,6,5.5,5.745,201500,20
WHG-R-1809,WHG-R-1809-6MM-6,18K,White Gold,6,6,5.86,205500,20
WHG-R-1809,WHG-R-1809-6MM-6.5,18K,White Gold,6,6.5,5.97,209000,20
WHG-R-1809,WHG-R-1809-6MM-7,18K,White Gold,6,7,6.08,212000,20
WHG-R-1809,WHG-R-1809-6MM-7.5,18K,White Gold,6,7.5,6.195,215500,20
WHG-R-1809,WHG-R-1809-6MM-8,18K,White Gold,6,8,6.31,219500,20
WHG-R-1809,WHG-R-1809-6MM-8.5,18K,White Gold,6,8.5,6.42,222500,20
WHG-R-1809,WHG-R-1809-6MM-9,18K,White Gold,6,9,6.53,226000,20
WHG-R-1809,WHG-R-1809-6MM-9.5,18K,White Gold,6,9.5,6.645,229500,20
WHG-R-1809,WHG-R-1809-6MM-10,18K,White Gold,6,10,6.76,233000,20
WHG-R-1809,WHG-R-1809-6MM-10.5,18K,White Gold,6,10.5,6.87,236500,20
WHG-R-1809,WHG-R-1809-6MM-11,18K,White Gold,6,11,6.98,240000,20
WHG-R-1809,WHG-R-1809-6MM-11.5,18K,White Gold,6,11.5,7.095,243500,20
WHG-R-1809,WHG-R-1809-6MM-12,18K,White Gold,6,12,7.21,247000,20
WHG-R-1809,WHG-R-1809-6MM-12.5,18K,White Gold,6,12.5,7.325,251000,20
WHG-R-1809,WHG-R-1809-6MM-13,18K,White Gold,6,13,7.44,254500,20
WHG-R-1809,WHG-R-1809-6MM-13.5,18K,White Gold,6,13.5,7.505,256500,20
WHG-R-1809,WHG-R-1809-6MM-14,18K,White Gold,6,14,7.57,258500,20
WHG-R-1809,WHG-R-1809-6MM-14.5,18K,White Gold,6,14.5,7.75,264000,20
WHG-R-1809,WHG-R-1809-6MM-15,18K,White Gold,6,15,7.93,269500,20
WHG-R-1809,WHG-R-1809-6MM-15.5,18K,White Gold,6,15.5,8.045,273000,20
WHG-R-1809,WHG-R-1809-6MM-16,18K,White Gold,6,16,8.16,276500,20
WHG-R-1809,WHG-R-1809-7MM-4,18K,White Gold,7,4,5.88,206000,20
WHG-R-1809,WHG-R-1809-7MM-4.5,18K,White Gold,7,4.5,6.01,210000,20
WHG-R-1809,WHG-R-1809-7MM-5,18K,White Gold,7,5,6.14,214000,20
WHG-R-1809,WHG-R-1809-7MM-5.5,18K,White Gold,7,5.5,6.275,218000,20
WHG-R-1809,WHG-R-1809-7MM-6,18K,White Gold,7,6,6.41,222500,20
WHG-R-1809,WHG-R-1809-7MM-6.5,18K,White Gold,7,6.5,6.545,226500,20
WHG-R-1809,WHG-R-1809-7MM-7,18K,White Gold,7,7,6.68,231000,20
WHG-R-1809,WHG-R-1809-7MM-7.5,18K,White Gold,7,7.5,6.815,235000,20
WHG-R-1809,WHG-R-1809-7MM-8,18K,White Gold,7,8,6.95,239000,20
WHG-R-1809,WHG-R-1809-7MM-8.5,18K,White Gold,7,8.5,7.08,243000,20
WHG-R-1809,WHG-R-1809-7MM-9,18K,White Gold,7,9,7.21,247000,20
WHG-R-1809,WHG-R-1809-7MM-9.5,18K,White Gold,7,9.5,7.345,251500,20
WHG-R-1809,WHG-R-1809-7MM-10,18K,White Gold,7,10,7.48,255500,20
WHG-R-1809,WHG-R-1809-7MM-10.5,18K,White Gold,7,10.5,7.615,259500,20
WHG-R-1809,WHG-R-1809-7MM-11,18K,White Gold,7,11,7.75,264000,20
WHG-R-1809,WHG-R-1809-7MM-11.5,18K,White Gold,7,11.5,7.885,268000,20
WHG-R-1809,WHG-R-1809-7MM-12,18K,White Gold,7,12,8.02,272500,20
WHG-R-1809,WHG-R-1809-7MM-12.5,18K,White Gold,7,12.5,8.15,276500,20
WHG-R-1809,WHG-R-1809-7MM-13,18K,White Gold,7,13,8.28,280500,20
WHG-R-1809,WHG-R-1809-7MM-13.5,18K,White Gold,7,13.5,8.34,282000,20
WHG-R-1809,WHG-R-1809-7MM-14,18K,White Gold,7,14,8.4,284000,20
WHG-R-1809,WHG-R-1809-7MM-14.5,18K,White Gold,7,14.5,8.52,288000,20
WHG-R-1809,WHG-R-1809-7MM-15,18K,White Gold,7,15,8.64,291500,20
WHG-R-1809,WHG-R-1809-7MM-15.5,18K,White Gold,7,15.5,8.88,299000,20
WHG-R-1809,WHG-R-1809-7MM-16,18K,White Gold,7,16,9.12,306500,20
WHG-R-1809,WHG-R-1809-8MM-4,18K,White Gold,8,4,6.48,241000,20
WHG-R-1809,WHG-R-1809-8MM-4.5,18K,White Gold,8,4.5,6.625,246000,20
WHG-R-1809,WHG-R-1809-8MM-5,18K,White Gold,8,5,6.77,250500,20
WHG-R-1809,WHG-R-1809-8MM-5.5,18K,White Gold,8,5.5,6.92,255500,20
WHG-R-1809,WHG-R-1809-8MM-6,18K,White Gold,8,6,7.07,260500,20
WHG-R-1809,WHG-R-1809-8MM-6.5,18K,White Gold,8,6.5,7.215,265500,20
WHG-R-1809,WHG-R-1809-8MM-7,18K,White Gold,8,7,7.36,270000,20
WHG-R-1809,WHG-R-1809-8MM-7.5,18K,White Gold,8,7.5,7.51,275500,20
WHG-R-1809,WHG-R-1809-8MM-8,18K,White Gold,8,8,7.66,280000,20
WHG-R-1809,WHG-R-1809-8MM-8.5,18K,White Gold,8,8.5,7.8,285000,20
WHG-R-1809,WHG-R-1809-8MM-9,18K,White Gold,8,9,7.94,289500,20
WHG-R-1809,WHG-R-1809-8MM-9.5,18K,White Gold,8,9.5,8.09,294500,20
WHG-R-1809,WHG-R-1809-8MM-10,18K,White Gold,8,10,8.24,299500,20
WHG-R-1809,WHG-R-1809-8MM-10.5,18K,White Gold,8,10.5,8.385,304500,20
WHG-R-1809,WHG-R-1809-8MM-11,18K,White Gold,8,11,8.53,309000,20
WHG-R-1809,WHG-R-1809-8MM-11.5,18K,White Gold,8,11.5,8.68,314000,20
WHG-R-1809,WHG-R-1809-8MM-12,18K,White Gold,8,12,8.83,319000,20
WHG-R-1809,WHG-R-1809-8MM-12.5,18K,White Gold,8,12.5,8.975,324000,20
WHG-R-1809,WHG-R-1809-8MM-13,18K,White Gold,8,13,9.12,329000,20
WHG-R-1809,WHG-R-1809-8MM-13.5,18K,White Gold,8,13.5,9.24,333000,20
WHG-R-1809,WHG-R-1809-8MM-14,18K,White Gold,8,14,9.36,337000,20
WHG-R-1809,WHG-R-1809-8MM-14.5,18K,White Gold,8,14.5,9.48,341000,20
WHG-R-1809,WHG-R-1809-8MM-15,18K,White Gold,8,15,9.6,345000,20
WHG-R-1809,WHG-R-1809-8MM-15.5,18K,White Gold,8,15.5,9.78,351000,20
WHG-R-1809,WHG-R-1809-8MM-16,18K,White Gold,8,16,9.96,357000,20
WHG-R-1809,WHG-R-1809-9MM-4,18K,White Gold,9,4,7.98,291000,20
WHG-R-1809,WHG-R-1809-9MM-4.5,18K,White Gold,9,4.5,8.17,297000,20
WHG-R-1809,WHG-R-1809-9MM-5,18K,White Gold,9,5,8.36,303500,20
WHG-R-1809,WHG-R-1809-9MM-5.5,18K,White Gold,9,5.5,8.555,310000,20
WHG-R-1809,WHG-R-1809-9MM-6,18K,White Gold,9,6,8.75,316500,20
WHG-R-1809,WHG-R-1809-9MM-6.5,18K,White Gold,9,6.5,8.945,323000,20
WHG-R-1809,WHG-R-1809-9MM-7,18K,White Gold,9,7,9.14,329500,20
WHG-R-1809,WHG-R-1809-9MM-7.5,18K,White Gold,9,7.5,9.33,336000,20
WHG-R-1809,WHG-R-1809-9MM-8,18K,White Gold,9,8,9.52,342000,20
WHG-R-1809,WHG-R-1809-9MM-8.5,18K,White Gold,9,8.5,9.715,348500,20
WHG-R-1809,WHG-R-1809-9MM-9,18K,White Gold,9,9,9.91,355000,20
WHG-R-1809,WHG-R-1809-9MM-9.5,18K,White Gold,9,9.5,10.105,361500,20
WHG-R-1809,WHG-R-1809-9MM-10,18K,White Gold,9,10,10.3,368000,20
WHG-R-1809,WHG-R-1809-9MM-10.5,18K,White Gold,9,10.5,10.495,374500,20
WHG-R-1809,WHG-R-1809-9MM-11,18K,White Gold,9,11,10.69,381000,20
WHG-R-1809,WHG-R-1809-9MM-11.5,18K,White Gold,9,11.5,10.88,387500,20
WHG-R-1809,WHG-R-1809-9MM-12,18K,White Gold,9,12,11.07,394000,20
WHG-R-1809,WHG-R-1809-9MM-12.5,18K,White Gold,9,12.5,11.265,400000,20
WHG-R-1809,WHG-R-1809-9MM-13,18K,White Gold,9,13,11.46,407000,20
WHG-R-1809,WHG-R-1809-9MM-13.5,18K,White Gold,9,13.5,11.655,413500,20
WHG-R-1809,WHG-R-1809-9MM-14,18K,White Gold,9,14,11.85,420000,20
WHG-R-1809,WHG-R-1809-9MM-14.5,18K,White Gold,9,14.5,12.04,426000,20
WHG-R-1809,WHG-R-1809-9MM-15,18K,White Gold,9,15,12.23,432500,20
WHG-R-1809,WHG-R-1809-9MM-15.5,18K,White Gold,9,15.5,12.425,439000,20
WHG-R-1809,WHG-R-1809-9MM-16,18K,White Gold,9,16,12.62,445500,20
WHG-R-1809,WHG-R-1809-10MM-4,18K,White Gold,10,4,8.86,320000,20
WHG-R-1809,WHG-R-1809-10MM-4.5,18K,White Gold,10,4.5,9.075,327500,20
WHG-R-1809,WHG-R-1809-10MM-5,18K,White Gold,10,5,9.29,334500,20
WHG-R-1809,WHG-R-1809-10MM-5.5,18K,White Gold,10,5.5,9.505,341500,20
WHG-R-1809,WHG-R-1809-10MM-6,18K,White Gold,10,6,9.72,349000,20
WHG-R-1809,WHG-R-1809-10MM-6.5,18K,White Gold,10,6.5,9.935,356000,20
WHG-R-1809,WHG-R-1809-10MM-7,18K,White Gold,10,7,10.15,363000,20
WHG-R-1809,WHG-R-1809-10MM-7.5,18K,White Gold,10,7.5,10.365,370500,20
WHG-R-1809,WHG-R-1809-10MM-8,18K,White Gold,10,8,10.58,377500,20
WHG-R-1809,WHG-R-1809-10MM-8.5,18K,White Gold,10,8.5,10.795,384500,20
WHG-R-1809,WHG-R-1809-10MM-9,18K,White Gold,10,9,11.01,392000,20
WHG-R-1809,WHG-R-1809-10MM-9.5,18K,White Gold,10,9.5,11.225,399000,20
WHG-R-1809,WHG-R-1809-10MM-10,18K,White Gold,10,10,11.44,406000,20
WHG-R-1809,WHG-R-1809-10MM-10.5,18K,White Gold,10,10.5,11.51,408500,20
WHG-R-1809,WHG-R-1809-10MM-11,18K,White Gold,10,11,11.58,411000,20
WHG-R-1809,WHG-R-1809-10MM-11.5,18K,White Gold,10,11.5,11.94,423000,20
WHG-R-1809,WHG-R-1809-10MM-12,18K,White Gold,10,12,12.3,435000,20
WHG-R-1809,WHG-R-1809-10MM-12.5,18K,White Gold,10,12.5,12.515,442000,20
WHG-R-1809,WHG-R-1809-10MM-13,18K,White Gold,10,13,12.73,449000,20
WHG-R-1809,WHG-R-1809-10MM-13.5,18K,White Gold,10,13.5,12.945,456000,20
WHG-R-1809,WHG-R-1809-10MM-14,18K,White Gold,10,14,13.16,463500,20
WHG-R-1809,WHG-R-1809-10MM-14.5,18K,White Gold,10,14.5,13.375,470500,20
WHG-R-1809,WHG-R-1809-10MM-15,18K,White Gold,10,15,13.59,477500,20
WHG-R-1809,WHG-R-1809-10MM-15.5,18K,White Gold,10,15.5,13.805,485000,20
WHG-R-1809,WHG-R-1809-10MM-16,18K,White Gold,10,16,14.02,492000,20
WHG-R-1809,WHG-R-1809-11MM-4,18K,White Gold,11,4,9.75,350000,20
WHG-R-1809,WHG-R-1809-11MM-4.5,18K,White Gold,11,4.5,9.985,357500,20
WHG-R-1809,WHG-R-1809-11MM-5,18K,White Gold,11,5,10.22,365500,20
WHG-R-1809,WHG-R-1809-11MM-5.5,18K,White Gold,11,5.5,10.46,373500,20
WHG-R-1809,WHG-R-1809-11MM-6,18K,White Gold,11,6,10.7,381500,20
WHG-R-1809,WHG-R-1809-11MM-6.5,18K,White Gold,11,6.5,10.935,389500,20
WHG-R-1809,WHG-R-1809-11MM-7,18K,White Gold,11,7,11.17,397000,20
WHG-R-1809,WHG-R-1809-11MM-7.5,18K,White Gold,11,7.5,11.405,405000,20
WHG-R-1809,WHG-R-1809-11MM-8,18K,White Gold,11,8,11.64,413000,20
WHG-R-1809,WHG-R-1809-11MM-8.5,18K,White Gold,11,8.5,11.875,420500,20
WHG-R-1809,WHG-R-1809-11MM-9,18K,White Gold,11,9,12.11,428500,20
WHG-R-1809,WHG-R-1809-11MM-9.5,18K,White Gold,11,9.5,12.35,436500,20
WHG-R-1809,WHG-R-1809-11MM-10,18K,White Gold,11,10,12.59,444500,20
WHG-R-1809,WHG-R-1809-11MM-10.5,18K,White Gold,11,10.5,12.825,452000,20
WHG-R-1809,WHG-R-1809-11MM-11,18K,White Gold,11,11,13.06,460000,20
WHG-R-1809,WHG-R-1809-11MM-11.5,18K,White Gold,11,11.5,13.295,468000,20
WHG-R-1809,WHG-R-1809-11MM-12,18K,White Gold,11,12,13.53,475500,20
WHG-R-1809,WHG-R-1809-11MM-12.5,18K,White Gold,11,12.5,13.77,483500,20
WHG-R-1809,WHG-R-1809-11MM-13,18K,White Gold,11,13,14.01,491500,20
WHG-R-1809,WHG-R-1809-11MM-13.5,18K,White Gold,11,13.5,14.245,499500,20
WHG-R-1809,WHG-R-1809-11MM-14,18K,White Gold,11,14,14.48,507500,20
WHG-R-1809,WHG-R-1809-11MM-14.5,18K,White Gold,11,14.5,14.715,515000,20
WHG-R-1809,WHG-R-1809-11MM-15,18K,White Gold,11,15,14.95,523000,20
WHG-R-1809,WHG-R-1809-11MM-15.5,18K,White Gold,11,15.5,15.185,531000,20
WHG-R-1809,WHG-R-1809-11MM-16,18K,White Gold,11,16,15.42,538500,20
WHG-R-1809,WHG-R-1809-12MM-4,18K,White Gold,12,4,10.64,379500,20
WHG-R-1809,WHG-R-1809-12MM-4.5,18K,White Gold,12,4.5,10.895,388000,20
WHG-R-1809,WHG-R-1809-12MM-5,18K,White Gold,12,5,11.15,396500,20
WHG-R-1809,WHG-R-1809-12MM-5.5,18K,White Gold,12,5.5,11.41,405000,20
WHG-R-1809,WHG-R-1809-12MM-6,18K,White Gold,12,6,11.67,414000,20
WHG-R-1809,WHG-R-1809-12MM-6.5,18K,White Gold,12,6.5,11.925,422000,20
WHG-R-1809,WHG-R-1809-12MM-7,18K,White Gold,12,7,12.18,431000,20
WHG-R-1809,WHG-R-1809-12MM-7.5,18K,White Gold,12,7.5,12.44,439500,20
WHG-R-1809,WHG-R-1809-12MM-8,18K,White Gold,12,8,12.7,448000,20
WHG-R-1809,WHG-R-1809-12MM-8.5,18K,White Gold,12,8.5,12.96,457000,20
WHG-R-1809,WHG-R-1809-12MM-9,18K,White Gold,12,9,13.22,465500,20
WHG-R-1809,WHG-R-1809-12MM-9.5,18K,White Gold,12,9.5,13.475,474000,20
WHG-R-1809,WHG-R-1809-12MM-10,18K,White Gold,12,10,13.73,482500,20
WHG-R-1809,WHG-R-1809-12MM-10.5,18K,White Gold,12,10.5,13.985,491000,20
WHG-R-1809,WHG-R-1809-12MM-11,18K,White Gold,12,11,14.24,499500,20
WHG-R-1809,WHG-R-1809-12MM-11.5,18K,White Gold,12,11.5,14.5,508000,20
WHG-R-1809,WHG-R-1809-12MM-12,18K,White Gold,12,12,14.76,516500,20
WHG-R-1809,WHG-R-1809-12MM-12.5,18K,White Gold,12,12.5,15.02,525500,20
WHG-R-1809,WHG-R-1809-12MM-13,18K,White Gold,12,13,15.28,534000,20
WHG-R-1809,WHG-R-1809-12MM-13.5,18K,White Gold,12,13.5,15.535,542500,20
WHG-R-1809,WHG-R-1809-12MM-14,18K,White Gold,12,14,15.79,551000,20
WHG-R-1809,WHG-R-1809-12MM-14.5,18K,White Gold,12,14.5,16.05,559500,20
WHG-R-1809,WHG-R-1809-12MM-15,18K,White Gold,12,15,16.31,568000,20
WHG-R-1809,WHG-R-1809-12MM-15.5,18K,White Gold,12,15.5,16.57,577000,20
WHG-R-1809,WHG-R-1809-12MM-16,18K,White Gold,12,16,16.83,585500,20
RSG-R-1009,RSG-R-1009-4MM-4,10K,Rose Gold,4,4,2.74,71000,20
RSG-R-1009,RSG-R-1009-4MM-4.5,10K,Rose Gold,4,4.5,2.805,72000,20
RSG-R-1009,RSG-R-1009-4MM-5,10K,Rose Gold,4,5,2.87,73000,20
RSG-R-1009,RSG-R-1009-4MM-5.5,10K,Rose Gold,4,5.5,2.935,74000,20
RSG-R-1009,RSG-R-1009-4MM-6,10K,Rose Gold,4,6,3.0,75000,20
RSG-R-1009,RSG-R-1009-4MM-6.5,10K,Rose Gold,4,6.5,3.07,76500,20
RSG-R-1009,RSG-R-1009-4MM-7,10K,Rose Gold,4,7,3.14,77500,20
RSG-R-1009,RSG-R-1009-4MM-7.5,10K,Rose Gold,4,7.5,3.205,79000,20
RSG-R-1009,RSG-R-1009-4MM-8,10K,Rose Gold,4,8,3.27,80000,20
RSG-R-1009,RSG-R-1009-4MM-8.5,10K,Rose Gold,4,8.5,3.335,81000,20
RSG-R-1009,RSG-R-1009-4MM-9,10K,Rose Gold,4,9,3.4,82000,20
RSG-R-1009,RSG-R-1009-4MM-9.5,10K,Rose Gold,4,9.5,3.465,83500,20
RSG-R-1009,RSG-R-1009-4MM-10,10K,Rose Gold,4,10,3.53,84500,20
RSG-R-1009,RSG-R-1009-4MM-10.5,10K,Rose Gold,4,10.5,3.6,85500,20
RSG-R-1009,RSG-R-1009-4MM-11,10K,Rose Gold,4,11,3.67,87000,20
RSG-R-1009,RSG-R-1009-4MM-11.5,10K,Rose Gold,4,11.5,3.735,88000,20
RSG-R-1009,RSG-R-1009-4MM-12,10K,Rose Gold,4,12,3.8,89000,20
RSG-R-1009,RSG-R-1009-4MM-12.5,10K,Rose Gold,4,12.5,3.865,90000,20
RSG-R-1009,RSG-R-1009-4MM-13,10K,Rose Gold,4,13,3.93,91500,20
RSG-R-1009,RSG-R-1009-4MM-13.5,10K,Rose Gold,4,13.5,3.995,92500,20
RSG-R-1009,RSG-R-1009-4MM-14,10K,Rose Gold,4,14,4.06,93500,20
RSG-R-1009,RSG-R-1009-4MM-14.5,10K,Rose Gold,4,14.5,4.13,95000,20
RSG-R-1009,RSG-R-1009-4MM-15,10K,Rose Gold,4,15,4.2,96000,20
RSG-R-1009,RSG-R-1009-4MM-15.5,10K,Rose Gold,4,15.5,4.265,97000,20
RSG-R-1009,RSG-R-1009-4MM-16,10K,Rose Gold,4,16,4.33,98000,20
RSG-R-1009,RSG-R-1009-5MM-4,10K,Rose Gold,5,4,3.42,82500,20
RSG-R-1009,RSG-R-1009-5MM-4.5,10K,Rose Gold,5,4.5,3.505,84000,20
RSG-R-1009,RSG-R-1009-5MM-5,10K,Rose Gold,5,5,3.59,85500,20
RSG-R-1009,RSG-R-1009-5MM-5.5,10K,Rose Gold,5,5.5,3.67,87000,20
RSG-R-1009,RSG-R-1009-5MM-6,10K,Rose Gold,5,6,3.75,88000,20
RSG-R-1009,RSG-R-1009-5MM-6.5,10K,Rose Gold,5,6.5,3.835,89500,20
RSG-R-1009,RSG-R-1009-5MM-7,10K,Rose Gold,5,7,3.92,91000,20
RSG-R-1009,RSG-R-1009-5MM-7.5,10K,Rose Gold,5,7.5,4.0,92500,20
RSG-R-1009,RSG-R-1009-5MM-8,10K,Rose Gold,5,8,4.08,94000,20
RSG-R-1009,RSG-R-1009-5MM-8.5,10K,Rose Gold,5,8.5,4.165,95500,20
RSG-R-1009,RSG-R-1009-5MM-9,10K,Rose Gold,5,9,4.25,97000,20
RSG-R-1009,RSG-R-1009-5MM-9.5,10K,Rose Gold,5,9.5,4.335,98000,20
RSG-R-1009,RSG-R-1009-5MM-10,10K,Rose Gold,5,10,4.42,99500,20
RSG-R-1009,RSG-R-1009-5MM-10.5,10K,Rose Gold,5,10.5,4.5,101000,20
RSG-R-1009,RSG-R-1009-5MM-11,10K,Rose Gold,5,11,4.58,102500,20
RSG-R-1009,RSG-R-1009-5MM-11.5,10K,Rose Gold,5,11.5,4.665,104000,20
RSG-R-1009,RSG-R-1009-5MM-12,10K,Rose Gold,5,12,4.75,105500,20
RSG-R-1009,RSG-R-1009-5MM-12.5,10K,Rose Gold,5,12.5,4.83,107000,20
RSG-R-1009,RSG-R-1009-5MM-13,10K,Rose Gold,5,13,4.91,108000,20
RSG-R-1009,RSG-R-1009-5MM-13.5,10K,Rose Gold,5,13.5,4.995,109500,20
RSG-R-1009,RSG-R-1009-5MM-14,10K,Rose Gold,5,14,5.08,111000,20
RSG-R-1009,RSG-R-1009-5MM-14.5,10K,Rose Gold,5,14.5,5.185,113000,20
RSG-R-1009,RSG-R-1009-5MM-15,10K,Rose Gold,5,15,5.29,115000,20
RSG-R-1009,RSG-R-1009-5MM-15.5,10K,Rose Gold,5,15.5,5.355,116000,20
RSG-R-1009,RSG-R-1009-5MM-16,10K,Rose Gold,5,16,5.42,117000,20
RSG-R-1009,RSG-R-1009-6MM-4,10K,Rose Gold,6,4,4.11,94500,20
RSG-R-1009,RSG-R-1009-6MM-4.5,10K,Rose Gold,6,4.5,4.205,96000,20
RSG-R-1009,RSG-R-1009-6MM-5,10K,Rose Gold,6,5,4.3,97500,20
RSG-R-1009,RSG-R-1009-6MM-5.5,10K,Rose Gold,6,5.5,4.4,99500,20
RSG-R-1009,RSG-R-1009-6MM-6,10K,Rose Gold,6,6,4.5,101000,20
RSG-R-1009,RSG-R-1009-6MM-6.5,10K,Rose Gold,6,6.5,4.6,103000,20
RSG-R-1009,RSG-R-1009-6MM-7,10K,Rose Gold,6,7,4.7,104500,20
RSG-R-1009,RSG-R-1009-6MM-7.5,10K,Rose Gold,6,7.5,4.8,106000,20
RSG-R-1009,RSG-R-1009-6MM-8,10K,Rose Gold,6,8,4.9,108000,20
RSG-R-1009,RSG-R-1009-6MM-8.5,10K,Rose Gold,6,8.5,5.0,109500,20
RSG-R-1009,RSG-R-1009-6MM-9,10K,Rose Gold,6,9,5.1,111500,20
RSG-R-1009,RSG-R-1009-6MM-9.5,10K,Rose Gold,6,9.5,5.2,113000,20
RSG-R-1009,RSG-R-1009-6MM-10,10K,Rose Gold,6,10,5.3,115000,20
RSG-R-1009,RSG-R-1009-6MM-10.5,10K,Rose Gold,6,10.5,5.4,116500,20
RSG-R-1009,RSG-R-1009-6MM-11,10K,Rose Gold,6,11,5.5,118500,20
RSG-R-1009,RSG-R-1009-6MM-11.5,10K,Rose Gold,6,11.5,5.6,120000,20
RSG-R-1009,RSG-R-1009-6MM-12,10K,Rose Gold,6,12,5.7,122000,20
RSG-R-1009,RSG-R-1009-6MM-12.5,10K,Rose Gold,6,12.5,5.8,123500,20
RSG-R-1009,RSG-R-1009-6MM-13,10K,Rose Gold,6,13,5.9,125500,20
RSG-R-1009,RSG-R-1009-6MM-13.5,10K,Rose Gold,6,13.5,6.0,127000,20
RSG-R-1009,RSG-R-1009-6MM-14,10K,Rose Gold,6,14,6.1,129000,20
RSG-R-1009,RSG-R-1009-6MM-14.5,10K,Rose Gold,6,14.5,6.195,130500,20
RSG-R-1009,RSG-R-1009-6MM-15,10K,Rose Gold,6,15,6.29,132000,20
RSG-R-1009,RSG-R-1009-6MM-15.5,10K,Rose Gold,6,15.5,6.39,133500,20
RSG-R-1009,RSG-R-1009-6MM-16,10K,Rose Gold,6,16,6.49,135500,20
RSG-R-1009,RSG-R-1009-7MM-4,10K,Rose Gold,7,4,4.79,106000,20
RSG-R-1009,RSG-R-1009-7MM-4.5,10K,Rose Gold,7,4.5,4.905,108000,20
RSG-R-1009,RSG-R-1009-7MM-5,10K,Rose Gold,7,5,5.02,110000,20
RSG-R-1009,RSG-R-1009-7MM-5.5,10K,Rose Gold,7,5.5,5.135,112000,20
RSG-R-1009,RSG-R-1009-7MM-6,10K,Rose Gold,7,6,5.25,114000,20
RSG-R-1009,RSG-R-1009-7MM-6.5,10K,Rose Gold,7,6.5,5.37,116000,20
RSG-R-1009,RSG-R-1009-7MM-7,10K,Rose Gold,7,7,5.49,118000,20
RSG-R-1009,RSG-R-1009-7MM-7.5,10K,Rose Gold,7,7.5,5.605,120000,20
RSG-R-1009,RSG-R-1009-7MM-8,10K,Rose Gold,7,8,5.72,122000,20
RSG-R-1009,RSG-R-1009-7MM-8.5,10K,Rose Gold,7,8.5,5.835,124000,20
RSG-R-1009,RSG-R-1009-7MM-9,10K,Rose Gold,7,9,5.95,126000,20
RSG-R-1009,RSG-R-1009-7MM-9.5,10K,Rose Gold,7,9.5,6.065,128000,20
RSG-R-1009,RSG-R-1009-7MM-10,10K,Rose Gold,7,10,6.18,130000,20
RSG-R-1009,RSG-R-1009-7MM-10.5,10K,Rose Gold,7,10.5,6.3,132000,20
RSG-R-1009,RSG-R-1009-7MM-11,10K,Rose Gold,7,11,6.42,134000,20
RSG-R-1009,RSG-R-1009-7MM-11.5,10K,Rose Gold,7,11.5,6.535,136000,20
RSG-R-1009,RSG-R-1009-7MM-12,10K,Rose Gold,7,12,6.65,138000,20
RSG-R-1009,RSG-R-1009-7MM-12.5,10K,Rose Gold,7,12.5,6.765,140000,20
RSG-R-1009,RSG-R-1009-7MM-13,10K,Rose Gold,7,13,6.88,142000,20
RSG-R-1009,RSG-R-1009-7MM-13.5,10K,Rose Gold,7,13.5,6.995,144000,20
RSG-R-1009,RSG-R-1009-7MM-14,10K,Rose Gold,7,14,7.11,146000,20
RSG-R-1009,RSG-R-1009-7MM-14.5,10K,Rose Gold,7,14.5,7.225,148000,20
RSG-R-1009,RSG-R-1009-7MM-15,10K,Rose Gold,7,15,7.34,150000,20
RSG-R-1009,RSG-R-1009-7MM-15.5,10K,Rose Gold,7,15.5,7.46,152000,20
RSG-R-1009,RSG-R-1009-7MM-16,10K,Rose Gold,7,16,7.58,154000,20
RSG-R-1009,RSG-R-1009-8MM-4,10K,Rose Gold,8,4,5.47,126500,20
RSG-R-1009,RSG-R-1009-8MM-4.5,10K,Rose Gold,8,4.5,5.605,129000,20
RSG-R-1009,RSG-R-1009-8MM-5,10K,Rose Gold,8,5,5.74,131500,20
RSG-R-1009,RSG-R-1009-8MM-5.5,10K,Rose Gold,8,5.5,5.87,134000,20
RSG-R-1009,RSG-R-1009-8MM-6,10K,Rose Gold,8,6,6.0,136000,20
RSG-R-1009,RSG-R-1009-8MM-6.5,10K,Rose Gold,8,6.5,6.135,139000,20
RSG-R-1009,RSG-R-1009-8MM-7,10K,Rose Gold,8,7,6.27,141500,20
RSG-R-1009,RSG-R-1009-8MM-7.5,10K,Rose Gold,8,7.5,6.405,143500,20
RSG-R-1009,RSG-R-1009-8MM-8,10K,Rose Gold,8,8,6.54,146000,20
RSG-R-1009,RSG-R-1009-8MM-8.5,10K,Rose Gold,8,8.5,6.67,148500,20
RSG-R-1009,RSG-R-1009-8MM-9,10K,Rose Gold,8,9,6.8,151000,20
RSG-R-1009,RSG-R-1009-8MM-9.5,10K,Rose Gold,8,9.5,6.935,153500,20
RSG-R-1009,RSG-R-1009-8MM-10,10K,Rose Gold,8,10,7.07,156000,20
RSG-R-1009,RSG-R-1009-8MM-10.5,10K,Rose Gold,8,10.5,7.2,158500,20
RSG-R-1009,RSG-R-1009-8MM-11,10K,Rose Gold,8,11,7.33,161000,20
RSG-R-1009,RSG-R-1009-8MM-11.5,10K,Rose Gold,8,11.5,7.465,163500,20
RSG-R-1009,RSG-R-1009-8MM-12,10K,Rose Gold,8,12,7.6,166000,20
RSG-R-1009,RSG-R-1009-8MM-12.5,10K,Rose Gold,8,12.5,7.73,168000,20
RSG-R-1009,RSG-R-1009-8MM-13,10K,Rose Gold,8,13,7.86,170500,20
RSG-R-1009,RSG-R-1009-8MM-13.5,10K,Rose Gold,8,13.5,7.995,173000,20
RSG-R-1009,RSG-R-1009-8MM-14,10K,Rose Gold,8,14,8.13,175500,20
RSG-R-1009,RSG-R-1009-8MM-14.5,10K,Rose Gold,8,14.5,8.26,178000,20
RSG-R-1009,RSG-R-1009-8MM-15,10K,Rose Gold,8,15,8.39,180500,20
RSG-R-1009,RSG-R-1009-8MM-15.5,10K,Rose Gold,8,15.5,8.525,183000,20
RSG-R-1009,RSG-R-1009-8MM-16,10K,Rose Gold,8,16,8.66,185500,20
RSG-R-1009,RSG-R-1009-9MM-4,10K,Rose Gold,9,4,6.16,139000,20
RSG-R-1009,RSG-R-1009-9MM-4.5,10K,Rose Gold,9,4.5,6.31,142000,20
RSG-R-1009,RSG-R-1009-9MM-5,10K,Rose Gold,9,5,6.46,145000,20
RSG-R-1009,RSG-R-1009-9MM-5.5,10K,Rose Gold,9,5.5,6.61,147500,20
RSG-R-1009,RSG-R-1009-9MM-6,10K,Rose Gold,9,6,6.76,150500,20
RSG-R-1009,RSG-R-1009-9MM-6.5,10K,Rose Gold,9,6.5,6.905,153000,20
RSG-R-1009,RSG-R-1009-9MM-7,10K,Rose Gold,9,7,7.05,155500,20
RSG-R-1009,RSG-R-1009-9MM-7.5,10K,Rose Gold,9,7.5,7.2,158500,20
RSG-R-1009,RSG-R-1009-9MM-8,10K,Rose Gold,9,8,7.35,161500,20
RSG-R-1009,RSG-R-1009-9MM-8.5,10K,Rose Gold,9,8.5,7.5,164000,20
RSG-R-1009,RSG-R-1009-9MM-9,10K,Rose Gold,9,9,7.65,167000,20
RSG-R-1009,RSG-R-1009-9MM-9.5,10K,Rose Gold,9,9.5,7.8,169500,20
RSG-R-1009,RSG-R-1009-9MM-10,10K,Rose Gold,9,10,7.95,172500,20
RSG-R-1009,RSG-R-1009-9MM-10.5,10K,Rose Gold,9,10.5,8.1,175000,20
RSG-R-1009,RSG-R-1009-9MM-11,10K,Rose Gold,9,11,8.25,178000,20
RSG-R-1009,RSG-R-1009-9MM-11.5,10K,Rose Gold,9,11.5,8.4,180500,20
RSG-R-1009,RSG-R-1009-9MM-12,10K,Rose Gold,9,12,8.55,183500,20
RSG-R-1009,RSG-R-1009-9MM-12.5,10K,Rose Gold,9,12.5,8.7,186000,20
RSG-R-1009,RSG-R-1009-9MM-13,10K,Rose Gold,9,13,8.85,189000,20
RSG-R-1009,RSG-R-1009-9MM-13.5,10K,Rose Gold,9,13.5,8.995,191500,20
RSG-R-1009,RSG-R-1009-9MM-14,10K,Rose Gold,9,14,9.14,194500,20
RSG-R-1009,RSG-R-1009-9MM-14.5,10K,Rose Gold,9,14.5,9.29,197000,20
RSG-R-1009,RSG-R-1009-9MM-15,10K,Rose Gold,9,15,9.44,200000,20
RSG-R-1009,RSG-R-1009-9MM-15.5,10K,Rose Gold,9,15.5,9.59,203000,20
RSG-R-1009,RSG-R-1009-9MM-16,10K,Rose Gold,9,16,9.74,205500,20
RSG-R-1009,RSG-R-1009-10MM-4,10K,Rose Gold,10,4,6.84,152000,20
RSG-R-1009,RSG-R-1009-10MM-4.5,10K,Rose Gold,10,4.5,7.005,155000,20
RSG-R-1009,RSG-R-1009-10MM-5,10K,Rose Gold,10,5,7.17,158000,20
RSG-R-1009,RSG-R-1009-10MM-5.5,10K,Rose Gold,10,5.5,7.34,161000,20
RSG-R-1009,RSG-R-1009-10MM-6,10K,Rose Gold,10,6,7.51,164000,20
RSG-R-1009,RSG-R-1009-10MM-6.5,10K,Rose Gold,10,6.5,7.675,167500,20
RSG-R-1009,RSG-R-1009-10MM-7,10K,Rose Gold,10,7,7.84,170500,20
RSG-R-1009,RSG-R-1009-10MM-7.5,10K,Rose Gold,10,7.5,8.005,173500,20
RSG-R-1009,RSG-R-1009-10MM-8,10K,Rose Gold,10,8,8.17,176500,20
RSG-R-1009,RSG-R-1009-10MM-8.5,10K,Rose Gold,10,8.5,8.335,179500,20
RSG-R-1009,RSG-R-1009-10MM-9,10K,Rose Gold,10,9,8.5,182500,20
RSG-R-1009,RSG-R-1009-10MM-9.5,10K,Rose Gold,10,9.5,8.665,185500,20
RSG-R-1009,RSG-R-1009-10MM-10,10K,Rose Gold,10,10,8.83,188500,20
RSG-R-1009,RSG-R-1009-10MM-10.5,10K,Rose Gold,10,10.5,8.995,191500,20
RSG-R-1009,RSG-R-1009-10MM-11,10K,Rose Gold,10,11,9.16,195000,20
RSG-R-1009,RSG-R-1009-10MM-11.5,10K,Rose Gold,10,11.5,9.33,198000,20
RSG-R-1009,RSG-R-1009-10MM-12,10K,Rose Gold,10,12,9.5,201000,20
RSG-R-1009,RSG-R-1009-10MM-12.5,10K,Rose Gold,10,12.5,9.665,204000,20
RSG-R-1009,RSG-R-1009-10MM-13,10K,Rose Gold,10,13,9.83,207000,20
RSG-R-1009,RSG-R-1009-10MM-13.5,10K,Rose Gold,10,13.5,9.995,210000,20
RSG-R-1009,RSG-R-1009-10MM-14,10K,Rose Gold,10,14,10.16,213500,20
RSG-R-1009,RSG-R-1009-10MM-14.5,10K,Rose Gold,10,14.5,10.325,216500,20
RSG-R-1009,RSG-R-1009-10MM-15,10K,Rose Gold,10,15,10.49,219500,20
RSG-R-1009,RSG-R-1009-10MM-15.5,10K,Rose Gold,10,15.5,10.655,222500,20
RSG-R-1009,RSG-R-1009-10MM-16,10K,Rose Gold,10,16,10.82,225500,20
RSG-R-1009,RSG-R-1009-11MM-4,10K,Rose Gold,11,4,7.53,164500,20
RSG-R-1009,RSG-R-1009-11MM-4.5,10K,Rose Gold,11,4.5,7.71,168000,20
RSG-R-1009,RSG-R-1009-11MM-5,10K,Rose Gold,11,5,7.89,171500,20
RSG-R-1009,RSG-R-1009-11MM-5.5,10K,Rose Gold,11,5.5,8.075,174500,20
RSG-R-1009,RSG-R-1009-11MM-6,10K,Rose Gold,11,6,8.26,178000,20
RSG-R-1009,RSG-R-1009-11MM-6.5,10K,Rose Gold,11,6.5,8.44,181500,20
RSG-R-1009,RSG-R-1009-11MM-7,10K,Rose Gold,11,7,8.62,185000,20
RSG-R-1009,RSG-R-1009-11MM-7.5,10K,Rose Gold,11,7.5,8.805,188000,20
RSG-R-1009,RSG-R-1009-11MM-8,10K,Rose Gold,11,8,8.99,191500,20
RSG-R-1009,RSG-R-1009-11MM-8.5,10K,Rose Gold,11,8.5,9.17,195000,20
RSG-R-1009,RSG-R-1009-11MM-9,10K,Rose Gold,11,9,9.35,198000,20
RSG-R-1009,RSG-R-1009-11MM-9.5,10K,Rose Gold,11,9.5,9.535,201500,20
RSG-R-1009,RSG-R-1009-11MM-10,10K,Rose Gold,11,10,9.72,205000,20
RSG-R-1009,RSG-R-1009-11MM-10.5,10K,Rose Gold,11,10.5,9.9,208500,20
RSG-R-1009,RSG-R-1009-11MM-11,10K,Rose Gold,11,11,10.08,212000,20
RSG-R-1009,RSG-R-1009-11MM-11.5,10K,Rose Gold,11,11.5,10.265,215000,20
RSG-R-1009,RSG-R-1009-11MM-12,10K,Rose Gold,11,12,10.45,218500,20
RSG-R-1009,RSG-R-1009-11MM-12.5,10K,Rose Gold,11,12.5,10.63,222000,20
RSG-R-1009,RSG-R-1009-11MM-13,10K,Rose Gold,11,13,10.81,225500,20
RSG-R-1009,RSG-R-1009-11MM-13.5,10K,Rose Gold,11,13.5,10.995,229000,20
RSG-R-1009,RSG-R-1009-11MM-14,10K,Rose Gold,11,14,11.18,232000,20
RSG-R-1009,RSG-R-1009-11MM-14.5,10K,Rose Gold,11,14.5,11.355,235500,20
RSG-R-1009,RSG-R-1009-11MM-15,10K,Rose Gold,11,15,11.53,238500,20
RSG-R-1009,RSG-R-1009-11MM-15.5,10K,Rose Gold,11,15.5,11.72,242000,20
RSG-R-1009,RSG-R-1009-11MM-16,10K,Rose Gold,11,16,11.91,245500,20
RSG-R-1009,RSG-R-1009-12MM-4,10K,Rose Gold,12,4,8.21,177000,20
RSG-R-1009,RSG-R-1009-12MM-4.5,10K,Rose Gold,12,4.5,8.41,181000,20
RSG-R-1009,RSG-R-1009-12MM-5,10K,Rose Gold,12,5,8.61,184500,20
RSG-R-1009,RSG-R-1009-12MM-5.5,10K,Rose Gold,12,5.5,8.81,188000,20
RSG-R-1009,RSG-R-1009-12MM-6,10K,Rose Gold,12,6,9.01,192000,20
RSG-R-1009,RSG-R-1009-12MM-6.5,10K,Rose Gold,12,6.5,9.21,195500,20
RSG-R-1009,RSG-R-1009-12MM-7,10K,Rose Gold,12,7,9.41,199500,20
RSG-R-1009,RSG-R-1009-12MM-7.5,10K,Rose Gold,12,7.5,9.605,203000,20
RSG-R-1009,RSG-R-1009-12MM-8,10K,Rose Gold,12,8,9.8,206500,20
RSG-R-1009,RSG-R-1009-12MM-8.5,10K,Rose Gold,12,8.5,10.0,210500,20
RSG-R-1009,RSG-R-1009-12MM-9,10K,Rose Gold,12,9,10.2,214000,20
RSG-R-1009,RSG-R-1009-12MM-9.5,10K,Rose Gold,12,9.5,10.4,217500,20
RSG-R-1009,RSG-R-1009-12MM-10,10K,Rose Gold,12,10,10.6,221500,20
RSG-R-1009,RSG-R-1009-12MM-10.5,10K,Rose Gold,12,10.5,10.8,225000,20
RSG-R-1009,RSG-R-1009-12MM-11,10K,Rose Gold,12,11,11.0,229000,20
RSG-R-1009,RSG-R-1009-12MM-11.5,10K,Rose Gold,12,11.5,11.2,232500,20
RSG-R-1009,RSG-R-1009-12MM-12,10K,Rose Gold,12,12,11.4,236000,20
RSG-R-1009,RSG-R-1009-12MM-12.5,10K,Rose Gold,12,12.5,11.595,240000,20
RSG-R-1009,RSG-R-1009-12MM-13,10K,Rose Gold,12,13,11.79,243500,20
RSG-R-1009,RSG-R-1009-12MM-13.5,10K,Rose Gold,12,13.5,11.99,247000,20
RSG-R-1009,RSG-R-1009-12MM-14,10K,Rose Gold,12,14,12.19,251000,20
RSG-R-1009,RSG-R-1009-12MM-14.5,10K,Rose Gold,12,14.5,12.39,254500,20
RSG-R-1009,RSG-R-1009-12MM-15,10K,Rose Gold,12,15,12.59,258000,20
RSG-R-1009,RSG-R-1009-12MM-15.5,10K,Rose Gold,12,15.5,12.79,262000,20
RSG-R-1009,RSG-R-1009-12MM-16,10K,Rose Gold,12,16,12.99,265500,20
RSG-R-1409,RSG-R-1409-4MM-4,14K,Rose Gold,4,4,3.11,98500,20
RSG-R-1409,RSG-R-1409-4MM-4.5,14K,Rose Gold,4,4.5,3.185,100000,20
RSG-R-1409,RSG-R-1409-4MM-5,14K,Rose Gold,4,5,3.26,102000,20
RSG-R-1409,RSG-R-1409-4MM-5.5,14K,Rose Gold,4,5.5,3.335,104000,20
RSG-R-1409,RSG-R-1409-4MM-6,14K,Rose Gold,4,6,3.41,105500,20
RSG-R-1409,RSG-R-1409-4MM-6.5,14K,Rose Gold,4,6.5,3.485,107500,20
RSG-R-1409,RSG-R-1409-4MM-7,14K,Rose Gold,4,7,3.56,109500,20
RSG-R-1409,RSG-R-1409-4MM-7.5,14K,Rose Gold,4,7.5,3.635,111000,20
RSG-R-1409,RSG-R-1409-4MM-8,14K,Rose Gold,4,8,3.71,113000,20
RSG-R-1409,RSG-R-1409-4MM-8.5,14K,Rose Gold,4,8.5,3.785,115000,20
RSG-R-1409,RSG-R-1409-4MM-9,14K,Rose Gold,4,9,3.86,116500,20
RSG-R-1409,RSG-R-1409-4MM-9.5,14K,Rose Gold,4,9.5,3.935,118500,20
RSG-R-1409,RSG-R-1409-4MM-10,14K,Rose Gold,4,10,4.01,120000,20
RSG-R-1409,RSG-R-1409-4MM-10.5,14K,Rose Gold,4,10.5,4.09,122000,20
RSG-R-1409,RSG-R-1409-4MM-11,14K,Rose Gold,4,11,4.17,124000,20
RSG-R-1409,RSG-R-1409-4MM-11.5,14K,Rose Gold,4,11.5,4.245,126000,20
RSG-R-1409,RSG-R-1409-4MM-12,14K,Rose Gold,4,12,4.32,127500,20
RSG-R-1409,RSG-R-1409-4MM-12.5,14K,Rose Gold,4,12.5,4.395,129500,20
RSG-R-1409,RSG-R-1409-4MM-13,14K,Rose Gold,4,13,4.47,131500,20
RSG-R-1409,RSG-R-1409-4MM-13.5,14K,Rose Gold,4,13.5,4.545,133000,20
RSG-R-1409,RSG-R-1409-4MM-14,14K,Rose Gold,4,14,4.62,135000,20
RSG-R-1409,RSG-R-1409-4MM-14.5,14K,Rose Gold,4,14.5,4.695,137000,20
RSG-R-1409,RSG-R-1409-4MM-15,14K,Rose Gold,4,15,4.77,138500,20
RSG-R-1409,RSG-R-1409-4MM-15.5,14K,Rose Gold,4,15.5,4.845,140500,20
RSG-R-1409,RSG-R-1409-4MM-16,14K,Rose Gold,4,16,4.92,142000,20
RSG-R-1409,RSG-R-1409-5MM-4,14K,Rose Gold,5,4,3.89,117500,20
RSG-R-1409,RSG-R-1409-5MM-4.5,14K,Rose Gold,5,4.5,3.975,119500,20
RSG-R-1409,RSG-R-1409-5MM-5,14K,Rose Gold,5,5,4.06,121500,20
RSG-R-1409,RSG-R-1409-5MM-5.5,14K,Rose Gold,5,5.5,4.16,124000,20
RSG-R-1409,RSG-R-1409-5MM-6,14K,Rose Gold,5,6,4.26,126000,20
RSG-R-1409,RSG-R-1409-5MM-6.5,14K,Rose Gold,5,6.5,4.355,128500,20
RSG-R-1409,RSG-R-1409-5MM-7,14K,Rose Gold,5,7,4.45,131000,20
RSG-R-1409,RSG-R-1409-5MM-7.5,14K,Rose Gold,5,7.5,4.545,133000,20
RSG-R-1409,RSG-R-1409-5MM-8,14K,Rose Gold,5,8,4.64,135500,20
RSG-R-1409,RSG-R-1409-5MM-8.5,14K,Rose Gold,5,8.5,4.735,137500,20
RSG-R-1409,RSG-R-1409-5MM-9,14K,Rose Gold,5,9,4.83,140000,20
RSG-R-1409,RSG-R-1409-5MM-9.5,14K,Rose Gold,5,9.5,4.925,142000,20
RSG-R-1409,RSG-R-1409-5MM-10,14K,Rose Gold,5,10,5.02,144500,20
RSG-R-1409,RSG-R-1409-5MM-10.5,14K,Rose Gold,5,10.5,5.115,147000,20
RSG-R-1409,RSG-R-1409-5MM-11,14K,Rose Gold,5,11,5.21,149000,20
RSG-R-1409,RSG-R-1409-5MM-11.5,14K,Rose Gold,5,11.5,5.305,151500,20
RSG-R-1409,RSG-R-1409-5MM-12,14K,Rose Gold,5,12,5.4,153500,20
RSG-R-1409,RSG-R-1409-5MM-12.5,14K,Rose Gold,5,12.5,5.49,156000,20
RSG-R-1409,RSG-R-1409-5MM-13,14K,Rose Gold,5,13,5.58,158000,20
RSG-R-1409,RSG-R-1409-5MM-13.5,14K,Rose Gold,5,13.5,5.675,160500,20
RSG-R-1409,RSG-R-1409-5MM-14,14K,Rose Gold,5,14,5.77,162500,20
RSG-R-1409,RSG-R-1409-5MM-14.5,14K,Rose Gold,5,14.5,5.865,165000,20
RSG-R-1409,RSG-R-1409-5MM-15,14K,Rose Gold,5,15,5.96,167000,20
RSG-R-1409,RSG-R-1409-5MM-15.5,14K,Rose Gold,5,15.5,6.055,169500,20
RSG-R-1409,RSG-R-1409-5MM-16,14K,Rose Gold,5,16,6.15,172000,20
RSG-R-1409,RSG-R-1409-6MM-4,14K,Rose Gold,6,4,4.67,136000,20
RSG-R-1409,RSG-R-1409-6MM-4.5,14K,Rose Gold,6,4.5,4.78,139000,20
RSG-R-1409,RSG-R-1409-6MM-5,14K,Rose Gold,6,5,4.89,141500,20
RSG-R-1409,RSG-R-1409-6MM-5.5,14K,Rose Gold,6,5.5,5.005,144000,20
RSG-R-1409,RSG-R-1409-6MM-6,14K,Rose Gold,6,6,5.12,147000,20
RSG-R-1409,RSG-R-1409-6MM-6.5,14K,Rose Gold,6,6.5,5.23,149500,20
RSG-R-1409,RSG-R-1409-6MM-7,14K,Rose Gold,6,7,5.34,152000,20
RSG-R-1409,RSG-R-1409-6MM-7.5,14K,Rose Gold,6,7.5,5.455,155000,20
RSG-R-1409,RSG-R-1409-6MM-8,14K,Rose Gold,6,8,5.57,158000,20
RSG-R-1409,RSG-R-1409-6MM-8.5,14K,Rose Gold,6,8.5,5.685,160500,20
RSG-R-1409,RSG-R-1409-6MM-9,14K,Rose Gold,6,9,5.8,163500,20
RSG-R-1409,RSG-R-1409-6MM-9.5,14K,Rose Gold,6,9.5,5.91,166000,20
RSG-R-1409,RSG-R-1409-6MM-10,14K,Rose Gold,6,10,6.02,168500,20
RSG-R-1409,RSG-R-1409-6MM-10.5,14K,Rose Gold,6,10.5,6.135,171500,20
RSG-R-1409,RSG-R-1409-6MM-11,14K,Rose Gold,6,11,6.25,174000,20
RSG-R-1409,RSG-R-1409-6MM-11.5,14K,Rose Gold,6,11.5,6.36,177000,20
RSG-R-1409,RSG-R-1409-6MM-12,14K,Rose Gold,6,12,6.47,179500,20
RSG-R-1409,RSG-R-1409-6MM-12.5,14K,Rose Gold,6,12.5,6.585,182000,20
RSG-R-1409,RSG-R-1409-6MM-13,14K,Rose Gold,6,13,6.7,185000,20
RSG-R-1409,RSG-R-1409-6MM-13.5,14K,Rose Gold,6,13.5,6.815,188000,20
RSG-R-1409,RSG-R-1409-6MM-14,14K,Rose Gold,6,14,6.93,190500,20
RSG-R-1409,RSG-R-1409-6MM-14.5,14K,Rose Gold,6,14.5,7.04,193500,20
RSG-R-1409,RSG-R-1409-6MM-15,14K,Rose Gold,6,15,7.15,196000,20
RSG-R-1409,RSG-R-1409-6MM-15.5,14K,Rose Gold,6,15.5,7.265,198500,20
RSG-R-1409,RSG-R-1409-6MM-16,14K,Rose Gold,6,16,7.38,201500,20
RSG-R-1409,RSG-R-1409-7MM-4,14K,Rose Gold,7,4,5.44,154500,20
RSG-R-1409,RSG-R-1409-7MM-4.5,14K,Rose Gold,7,4.5,5.575,158000,20
RSG-R-1409,RSG-R-1409-7MM-5,14K,Rose Gold,7,5,5.71,161000,20
RSG-R-1409,RSG-R-1409-7MM-5.5,14K,Rose Gold,7,5.5,5.84,164500,20
RSG-R-1409,RSG-R-1409-7MM-6,14K,Rose Gold,7,6,5.97,167500,20
RSG-R-1409,RSG-R-1409-7MM-6.5,14K,Rose Gold,7,6.5,6.1,170500,20
RSG-R-1409,RSG-R-1409-7MM-7,14K,Rose Gold,7,7,6.23,173500,20
RSG-R-1409,RSG-R-1409-7MM-7.5,14K,Rose Gold,7,7.5,6.365,177000,20
RSG-R-1409,RSG-R-1409-7MM-8,14K,Rose Gold,7,8,6.5,180000,20
RSG-R-1409,RSG-R-1409-7MM-8.5,14K,Rose Gold,7,8.5,6.63,183500,20
RSG-R-1409,RSG-R-1409-7MM-9,14K,Rose Gold,7,9,6.76,186500,20
RSG-R-1409,RSG-R-1409-7MM-9.5,14K,Rose Gold,7,9.5,6.895,190000,20
RSG-R-1409,RSG-R-1409-7MM-10,14K,Rose Gold,7,10,7.03,193000,20
RSG-R-1409,RSG-R-1409-7MM-10.5,14K,Rose Gold,7,10.5,7.16,196000,20
RSG-R-1409,RSG-R-1409-7MM-11,14K,Rose Gold,7,11,7.29,199500,20
RSG-R-1409,RSG-R-1409-7MM-11.5,14K,Rose Gold,7,11.5,7.42,202500,20
RSG-R-1409,RSG-R-1409-7MM-12,14K,Rose Gold,7,12,7.55,205500,20
RSG-R-1409,RSG-R-1409-7MM-12.5,14K,Rose Gold,7,12.5,7.685,209000,20
RSG-R-1409,RSG-R-1409-7MM-13,14K,Rose Gold,7,13,7.82,212000,20
RSG-R-1409,RSG-R-1409-7MM-13.5,14K,Rose Gold,7,13.5,7.95,215000,20
RSG-R-1409,RSG-R-1409-7MM-14,14K,Rose Gold,7,14,8.08,218500,20
RSG-R-1409,RSG-R-1409-7MM-14.5,14K,Rose Gold,7,14.5,8.215,221500,20
RSG-R-1409,RSG-R-1409-7MM-15,14K,Rose Gold,7,15,8.35,225000,20
RSG-R-1409,RSG-R-1409-7MM-15.5,14K,Rose Gold,7,15.5,8.48,228000,20
RSG-R-1409,RSG-R-1409-7MM-16,14K,Rose Gold,7,16,8.61,231000,20
RSG-R-1409,RSG-R-1409-8MM-4,14K,Rose Gold,8,4,6.22,186000,20
RSG-R-1409,RSG-R-1409-8MM-4.5,14K,Rose Gold,8,4.5,6.37,190000,20
RSG-R-1409,RSG-R-1409-8MM-5,14K,Rose Gold,8,5,6.52,194000,20
RSG-R-1409,RSG-R-1409-8MM-5.5,14K,Rose Gold,8,5.5,6.67,198000,20
RSG-R-1409,RSG-R-1409-8MM-6,14K,Rose Gold,8,6,6.82,201500,20
RSG-R-1409,RSG-R-1409-8MM-6.5,14K,Rose Gold,8,6.5,6.975,205500,20
RSG-R-1409,RSG-R-1409-8MM-7,14K,Rose Gold,8,7,7.13,209500,20
RSG-R-1409,RSG-R-1409-8MM-7.5,14K,Rose Gold,8,7.5,7.28,213500,20
RSG-R-1409,RSG-R-1409-8MM-8,14K,Rose Gold,8,8,7.43,217500,20
RSG-R-1409,RSG-R-1409-8MM-8.5,14K,Rose Gold,8,8.5,7.58,221500,20
RSG-R-1409,RSG-R-1409-8MM-9,14K,Rose Gold,8,9,7.73,225500,20
RSG-R-1409,RSG-R-1409-8MM-9.5,14K,Rose Gold,8,9.5,7.88,229000,20
RSG-R-1409,RSG-R-1409-8MM-10,14K,Rose Gold,8,10,8.03,233000,20
RSG-R-1409,RSG-R-1409-8MM-10.5,14K,Rose Gold,8,10.5,8.18,237000,20
RSG-R-1409,RSG-R-1409-8MM-11,14K,Rose Gold,8,11,8.33,241000,20
RSG-R-1409,RSG-R-1409-8MM-11.5,14K,Rose Gold,8,11.5,8.48,244500,20
RSG-R-1409,RSG-R-1409-8MM-12,14K,Rose Gold,8,12,8.63,248500,20
RSG-R-1409,RSG-R-1409-8MM-12.5,14K,Rose Gold,8,12.5,8.78,252500,20
RSG-R-1409,RSG-R-1409-8MM-13,14K,Rose Gold,8,13,8.93,256500,20
RSG-R-1409,RSG-R-1409-8MM-13.5,14K,Rose Gold,8,13.5,9.085,260500,20
RSG-R-1409,RSG-R-1409-8MM-14,14K,Rose Gold,8,14,9.24,264500,20
RSG-R-1409,RSG-R-1409-8MM-14.5,14K,Rose Gold,8,14.5,9.39,268000,20
RSG-R-1409,RSG-R-1409-8MM-15,14K,Rose Gold,8,15,9.54,272000,20
RSG-R-1409,RSG-R-1409-8MM-15.5,14K,Rose Gold,8,15.5,9.69,276000,20
RSG-R-1409,RSG-R-1409-8MM-16,14K,Rose Gold,8,16,9.84,280000,20
RSG-R-1409,RSG-R-1409-9MM-4,14K,Rose Gold,9,4,7.0,206500,20
RSG-R-1409,RSG-R-1409-9MM-4.5,14K,Rose Gold,9,4.5,7.17,211000,20
RSG-R-1409,RSG-R-1409-9MM-5,14K,Rose Gold,9,5,7.34,215000,20
RSG-R-1409,RSG-R-1409-9MM-5.5,14K,Rose Gold,9,5.5,7.51,219500,20
RSG-R-1409,RSG-R-1409-9MM-6,14K,Rose Gold,9,6,7.68,224000,20
RSG-R-1409,RSG-R-1409-9MM-6.5,14K,Rose Gold,9,6.5,7.85,228500,20
RSG-R-1409,RSG-R-1409-9MM-7,14K,Rose Gold,9,7,8.02,233000,20
RSG-R-1409,RSG-R-1409-9MM-7.5,14K,Rose Gold,9,7.5,8.19,237000,20
RSG-R-1409,RSG-R-1409-9MM-8,14K,Rose Gold,9,8,8.36,241500,20
RSG-R-1409,RSG-R-1409-9MM-8.5,14K,Rose Gold,9,8.5,8.525,246000,20
RSG-R-1409,RSG-R-1409-9MM-9,14K,Rose Gold,9,9,8.69,250000,20
RSG-R-1409,RSG-R-1409-9MM-9.5,14K,Rose Gold,9,9.5,8.86,254500,20
RSG-R-1409,RSG-R-1409-9MM-10,14K,Rose Gold,9,10,9.03,259000,20
RSG-R-1409,RSG-R-1409-9MM-10.5,14K,Rose Gold,9,10.5,9.2,263500,20
RSG-R-1409,RSG-R-1409-9MM-11,14K,Rose Gold,9,11,9.37,267500,20
RSG-R-1409,RSG-R-1409-9MM-11.5,14K,Rose Gold,9,11.5,9.54,272000,20
RSG-R-1409,RSG-R-1409-9MM-12,14K,Rose Gold,9,12,9.71,276500,20
RSG-R-1409,RSG-R-1409-9MM-12.5,14K,Rose Gold,9,12.5,9.88,281000,20
RSG-R-1409,RSG-R-1409-9MM-13,14K,Rose Gold,9,13,10.05,285500,20
RSG-R-1409,RSG-R-1409-9MM-13.5,14K,Rose Gold,9,13.5,10.22,289500,20
RSG-R-1409,RSG-R-1409-9MM-14,14K,Rose Gold,9,14,10.39,294000,20
RSG-R-1409,RSG-R-1409-9MM-14.5,14K,Rose Gold,9,14.5,10.56,298500,20
RSG-R-1409,RSG-R-1409-9MM-15,14K,Rose Gold,9,15,10.73,303000,20
RSG-R-1409,RSG-R-1409-9MM-15.5,14K,Rose Gold,9,15.5,10.9,307500,20
RSG-R-1409,RSG-R-1409-9MM-16,14K,Rose Gold,9,16,11.07,311500,20
RSG-R-1409,RSG-R-1409-10MM-4,14K,Rose Gold,10,4,7.78,226500,20
RSG-R-1409,RSG-R-1409-10MM-4.5,14K,Rose Gold,10,4.5,7.965,231500,20
RSG-R-1409,RSG-R-1409-10MM-5,14K,Rose Gold,10,5,8.15,236000,20
RSG-R-1409,RSG-R-1409-10MM-5.5,14K,Rose Gold,10,5.5,8.34,241000,20
RSG-R-1409,RSG-R-1409-10MM-6,14K,Rose Gold,10,6,8.53,246000,20
RSG-R-1409,RSG-R-1409-10MM-6.5,14K,Rose Gold,10,6.5,8.72,251000,20
RSG-R-1409,RSG-R-1409-10MM-7,14K,Rose Gold,10,7,8.91,256000,20
RSG-R-1409,RSG-R-1409-10MM-7.5,14K,Rose Gold,10,7.5,9.095,260500,20
RSG-R-1409,RSG-R-1409-10MM-8,14K,Rose Gold,10,8,9.28,265500,20
RSG-R-1409,RSG-R-1409-10MM-8.5,14K,Rose Gold,10,8.5,9.47,270000,20
RSG-R-1409,RSG-R-1409-10MM-9,14K,Rose Gold,10,9,9.66,275000,20
RSG-R-1409,RSG-R-1409-10MM-9.5,14K,Rose Gold,10,9.5,9.85,280000,20
RSG-R-1409,RSG-R-1409-10MM-10,14K,Rose Gold,10,10,10.04,285000,20
RSG-R-1409,RSG-R-1409-10MM-10.5,14K,Rose Gold,10,10.5,10.225,290000,20
RSG-R-1409,RSG-R-1409-10MM-11,14K,Rose Gold,10,11,10.41,294500,20
RSG-R-1409,RSG-R-1409-10MM-11.5,14K,Rose Gold,10,11.5,10.6,299500,20
RSG-R-1409,RSG-R-1409-10MM-12,14K,Rose Gold,10,12,10.79,304500,20
RSG-R-1409,RSG-R-1409-10MM-12.5,14K,Rose Gold,10,12.5,10.98,309500,20
RSG-R-1409,RSG-R-1409-10MM-13,14K,Rose Gold,10,13,11.17,314500,20
RSG-R-1409,RSG-R-1409-10MM-13.5,14K,Rose Gold,10,13.5,11.36,319000,20
RSG-R-1409,RSG-R-1409-10MM-14,14K,Rose Gold,10,14,11.55,324000,20
RSG-R-1409,RSG-R-1409-10MM-14.5,14K,Rose Gold,10,14.5,11.735,329000,20
RSG-R-1409,RSG-R-1409-10MM-15,14K,Rose Gold,10,15,11.92,333500,20
RSG-R-1409,RSG-R-1409-10MM-15.5,14K,Rose Gold,10,15.5,12.11,338500,20
RSG-R-1409,RSG-R-1409-10MM-16,14K,Rose Gold,10,16,12.3,343500,20
RSG-R-1409,RSG-R-1409-11MM-4,14K,Rose Gold,11,4,8.55,246500,20
RSG-R-1409,RSG-R-1409-11MM-4.5,14K,Rose Gold,11,4.5,8.76,252000,20
RSG-R-1409,RSG-R-1409-11MM-5,14K,Rose Gold,11,5,8.97,257500,20
RSG-R-1409,RSG-R-1409-11MM-5.5,14K,Rose Gold,11,5.5,9.175,262500,20
RSG-R-1409,RSG-R-1409-11MM-6,14K,Rose Gold,11,6,9.38,268000,20
RSG-R-1409,RSG-R-1409-11MM-6.5,14K,Rose Gold,11,6.5,9.59,273500,20
RSG-R-1409,RSG-R-1409-11MM-7,14K,Rose Gold,11,7,9.8,279000,20
RSG-R-1409,RSG-R-1409-11MM-7.5,14K,Rose Gold,11,7.5,10.005,284000,20
RSG-R-1409,RSG-R-1409-11MM-8,14K,Rose Gold,11,8,10.21,289500,20
RSG-R-1409,RSG-R-1409-11MM-8.5,14K,Rose Gold,11,8.5,10.42,295000,20
RSG-R-1409,RSG-R-1409-11MM-9,14K,Rose Gold,11,9,10.63,300500,20
RSG-R-1409,RSG-R-1409-11MM-9.5,14K,Rose Gold,11,9.5,10.835,305500,20
RSG-R-1409,RSG-R-1409-11MM-10,14K,Rose Gold,11,10,11.04,311000,20
RSG-R-1409,RSG-R-1409-11MM-10.5,14K,Rose Gold,11,10.5,11.25,316500,20
RSG-R-1409,RSG-R-1409-11MM-11,14K,Rose Gold,11,11,11.46,322000,20
RSG-R-1409,RSG-R-1409-11MM-11.5,14K,Rose Gold,11,11.5,11.665,327000,20
RSG-R-1409,RSG-R-1409-11MM-12,14K,Rose Gold,11,12,11.87,332500,20
RSG-R-1409,RSG-R-1409-11MM-12.5,14K,Rose Gold,11,12.5,12.08,338000,20
RSG-R-1409,RSG-R-1409-11MM-13,14K,Rose Gold,11,13,12.29,343500,20
RSG-R-1409,RSG-R-1409-11MM-13.5,14K,Rose Gold,11,13.5,12.495,348500,20
RSG-R-1409,RSG-R-1409-11MM-14,14K,Rose Gold,11,14,12.7,354000,20
RSG-R-1409,RSG-R-1409-11MM-14.5,14K,Rose Gold,11,14.5,12.905,359000,20
RSG-R-1409,RSG-R-1409-11MM-15,14K,Rose Gold,11,15,13.11,364500,20
RSG-R-1409,RSG-R-1409-11MM-15.5,14K,Rose Gold,11,15.5,13.32,370000,20
RSG-R-1409,RSG-R-1409-11MM-16,14K,Rose Gold,11,16,13.53,375500,20
RSG-R-1409,RSG-R-1409-12MM-4,14K,Rose Gold,12,4,9.33,266500,20
RSG-R-1409,RSG-R-1409-12MM-4.5,14K,Rose Gold,12,4.5,9.555,272500,20
RSG-R-1409,RSG-R-1409-12MM-5,14K,Rose Gold,12,5,9.78,278500,20
RSG-R-1409,RSG-R-1409-12MM-5.5,14K,Rose Gold,12,5.5,10.01,284000,20
RSG-R-1409,RSG-R-1409-12MM-6,14K,Rose Gold,12,6,10.24,290000,20
RSG-R-1409,RSG-R-1409-12MM-6.5,14K,Rose Gold,12,6.5,10.465,296000,20
RSG-R-1409,RSG-R-1409-12MM-7,14K,Rose Gold,12,7,10.69,302000,20
RSG-R-1409,RSG-R-1409-12MM-7.5,14K,Rose Gold,12,7.5,10.915,307500,20
RSG-R-1409,RSG-R-1409-12MM-8,14K,Rose Gold,12,8,11.14,313500,20
RSG-R-1409,RSG-R-1409-12MM-8.5,14K,Rose Gold,12,8.5,11.365,319500,20
RSG-R-1409,RSG-R-1409-12MM-9,14K,Rose Gold,12,9,11.59,325000,20
RSG-R-1409,RSG-R-1409-12MM-9.5,14K,Rose Gold,12,9.5,11.815,331000,20
RSG-R-1409,RSG-R-1409-12MM-10,14K,Rose Gold,12,10,12.04,337000,20
RSG-R-1409,RSG-R-1409-12MM-10.5,14K,Rose Gold,12,10.5,12.27,343000,20
RSG-R-1409,RSG-R-1409-12MM-11,14K,Rose Gold,12,11,12.5,349000,20
RSG-R-1409,RSG-R-1409-12MM-11.5,14K,Rose Gold,12,11.5,12.725,354500,20
RSG-R-1409,RSG-R-1409-12MM-12,14K,Rose Gold,12,12,12.95,360500,20
RSG-R-1409,RSG-R-1409-12MM-12.5,14K,Rose Gold,12,12.5,13.175,366000,20
RSG-R-1409,RSG-R-1409-12MM-13,14K,Rose Gold,12,13,13.4,372000,20
RSG-R-1409,RSG-R-1409-12MM-13.5,14K,Rose Gold,12,13.5,13.625,378000,20
RSG-R-1409,RSG-R-1409-12MM-14,14K,Rose Gold,12,14,13.85,383500,20
RSG-R-1409,RSG-R-1409-12MM-14.5,14K,Rose Gold,12,14.5,14.08,389500,20
RSG-R-1409,RSG-R-1409-12MM-15,14K,Rose Gold,12,15,14.31,395500,20
RSG-R-1409,RSG-R-1409-12MM-15.5,14K,Rose Gold,12,15.5,14.535,401500,20
RSG-R-1409,RSG-R-1409-12MM-16,14K,Rose Gold,12,16,14.76,407000,20
RSG-R-1809,RSG-R-1809-4MM-4,18K,Rose Gold,4,4,3.6,135000,20
RSG-R-1809,RSG-R-1809-4MM-4.5,18K,Rose Gold,4,4.5,3.67,137500,20
RSG-R-1809,RSG-R-1809-4MM-5,18K,Rose Gold,4,5,3.74,139500,20
RSG-R-1809,RSG-R-1809-4MM-5.5,18K,Rose Gold,4,5.5,3.815,142000,20
RSG-R-1809,RSG-R-1809-4MM-6,18K,Rose Gold,4,6,3.89,144000,20
RSG-R-1809,RSG-R-1809-4MM-6.5,18K,Rose Gold,4,6.5,3.965,146500,20
RSG-R-1809,RSG-R-1809-4MM-7,18K,Rose Gold,4,7,4.04,149000,20
RSG-R-1809,RSG-R-1809-4MM-7.5,18K,Rose Gold,4,7.5,4.115,151000,20
RSG-R-1809,RSG-R-1809-4MM-8,18K,Rose Gold,4,8,4.19,153500,20
RSG-R-1809,RSG-R-1809-4MM-8.5,18K,Rose Gold,4,8.5,4.26,155500,20
RSG-R-1809,RSG-R-1809-4MM-9,18K,Rose Gold,4,9,4.33,158000,20
RSG-R-1809,RSG-R-1809-4MM-9.5,18K,Rose Gold,4,9.5,4.405,160000,20
RSG-R-1809,RSG-R-1809-4MM-10,18K,Rose Gold,4,10,4.48,162500,20
RSG-R-1809,RSG-R-1809-4MM-10.5,18K,Rose Gold,4,10.5,4.555,165000,20
RSG-R-1809,RSG-R-1809-4MM-11,18K,Rose Gold,4,11,4.63,167000,20
RSG-R-1809,RSG-R-1809-4MM-11.5,18K,Rose Gold,4,11.5,4.705,169500,20
RSG-R-1809,RSG-R-1809-4MM-12,18K,Rose Gold,4,12,4.78,172000,20
RSG-R-1809,RSG-R-1809-4MM-12.5,18K,Rose Gold,4,12.5,4.85,174000,20
RSG-R-1809,RSG-R-1809-4MM-13,18K,Rose Gold,4,13,4.92,176000,20
RSG-R-1809,RSG-R-1809-4MM-13.5,18K,Rose Gold,4,13.5,4.98,178000,20
RSG-R-1809,RSG-R-1809-4MM-14,18K,Rose Gold,4,14,5.04,180000,20
RSG-R-1809,RSG-R-1809-4MM-14.5,18K,Rose Gold,4,14.5,5.105,182000,20
RSG-R-1809,RSG-R-1809-4MM-15,18K,Rose Gold,4,15,5.17,184000,20
RSG-R-1809,RSG-R-1809-4MM-15.5,18K,Rose Gold,4,15.5,5.285,187500,20
RSG-R-1809,RSG-R-1809-4MM-16,18K,Rose Gold,4,16,5.4,191000,20
RSG-R-1809,RSG-R-1809-5MM-4,18K,Rose Gold,5,4,4.56,165000,20
RSG-R-1809,RSG-R-1809-5MM-4.5,18K,Rose Gold,5,4.5,4.655,168000,20
RSG-R-1809,RSG-R-1809-5MM-5,18K,Rose Gold,5,5,4.75,171000,20
RSG-R-1809,RSG-R-1809-5MM-5.5,18K,Rose Gold,5,5.5,4.84,173500,20
RSG-R-1809,RSG-R-1809-5MM-6,18K,Rose Gold,5,6,4.93,176500,20
RSG-R-1809,RSG-R-1809-5MM-6.5,18K,Rose Gold,5,6.5,5.025,179500,20
RSG-R-1809,RSG-R-1809-5MM-7,18K,Rose Gold,5,7,5.12,182500,20
RSG-R-1809,RSG-R-1809-5MM-7.5,18K,Rose Gold,5,7.5,5.21,185000,20
RSG-R-1809,RSG-R-1809-5MM-8,18K,Rose Gold,5,8,5.3,188000,20
RSG-R-1809,RSG-R-1809-5MM-8.5,18K,Rose Gold,5,8.5,5.4,191000,20
RSG-R-1809,RSG-R-1809-5MM-9,18K,Rose Gold,5,9,5.5,194000,20
RSG-R-1809,RSG-R-1809-5MM-9.5,18K,Rose Gold,5,9.5,5.59,197000,20
RSG-R-1809,RSG-R-1809-5MM-10,18K,Rose Gold,5,10,5.68,199500,20
RSG-R-1809,RSG-R-1809-5MM-10.5,18K,Rose Gold,5,10.5,5.775,202500,20
RSG-R-1809,RSG-R-1809-5MM-11,18K,Rose Gold,5,11,5.87,205500,20
RSG-R-1809,RSG-R-1809-5MM-11.5,18K,Rose Gold,5,11.5,5.96,208500,20
RSG-R-1809,RSG-R-1809-5MM-12,18K,Rose Gold,5,12,6.05,211000,20
RSG-R-1809,RSG-R-1809-5MM-12.5,18K,Rose Gold,5,12.5,6.145,214000,20
RSG-R-1809,RSG-R-1809-5MM-13,18K,Rose Gold,5,13,6.24,217000,20
RSG-R-1809,RSG-R-1809-5MM-13.5,18K,Rose Gold,5,13.5,6.305,219000,20
RSG-R-1809,RSG-R-1809-5MM-14,18K,Rose Gold,5,14,6.37,221000,20
RSG-R-1809,RSG-R-1809-5MM-14.5,18K,Rose Gold,5,14.5,6.435,223000,20
RSG-R-1809,RSG-R-1809-5MM-15,18K,Rose Gold,5,15,6.5,225000,20
RSG-R-1809,RSG-R-1809-5MM-15.5,18K,Rose Gold,5,15.5,6.755,233000,20
RSG-R-1809,RSG-R-1809-5MM-16,18K,Rose Gold,5,16,7.01,241000,20
RSG-R-1809,RSG-R-1809-6MM-4,18K,Rose Gold,6,4,5.4,191000,20
RSG-R-1809,RSG-R-1809-6MM-4.5,18K,Rose Gold,6,4.5,5.515,194500,20
RSG-R-1809,RSG-R-1809-6MM-5,18K,Rose Gold,6,5,5.63,198000,20
RSG-R-1809,RSG-R-1809-6MM-5.5,18K,Rose Gold,6,5.5,5.745,201500,20
RSG-R-1809,RSG-R-1809-6MM-6,18K,Rose Gold,6,6,5.86,205500,20
RSG-R-1809,RSG-R-1809-6MM-6.5,18K,Rose Gold,6,6.5,5.97,209000,20
RSG-R-1809,RSG-R-1809-6MM-7,18K,Rose Gold,6,7,6.08,212000,20
RSG-R-1809,RSG-R-1809-6MM-7.5,18K,Rose Gold,6,7.5,6.195,215500,20
RSG-R-1809,RSG-R-1809-6MM-8,18K,Rose Gold,6,8,6.31,219500,20
RSG-R-1809,RSG-R-1809-6MM-8.5,18K,Rose Gold,6,8.5,6.42,222500,20
RSG-R-1809,RSG-R-1809-6MM-9,18K,Rose Gold,6,9,6.53,226000,20
RSG-R-1809,RSG-R-1809-6MM-9.5,18K,Rose Gold,6,9.5,6.645,229500,20
RSG-R-1809,RSG-R-1809-6MM-10,18K,Rose Gold,6,10,6.76,233000,20
RSG-R-1809,RSG-R-1809-6MM-10.5,18K,Rose Gold,6,10.5,6.87,236500,20
RSG-R-1809,RSG-R-1809-6MM-11,18K,Rose Gold,6,11,6.98,240000,20
RSG-R-1809,RSG-R-1809-6MM-11.5,18K,Rose Gold,6,11.5,7.095,243500,20
RSG-R-1809,RSG-R-1809-6MM-12,18K,Rose Gold,6,12,7.21,247000,20
RSG-R-1809,RSG-R-1809-6MM-12.5,18K,Rose Gold,6,12.5,7.325,251000,20
RSG-R-1809,RSG-R-1809-6MM-13,18K,Rose Gold,6,13,7.44,254500,20
RSG-R-1809,RSG-R-1809-6MM-13.5,18K,Rose Gold,6,13.5,7.505,256500,20
RSG-R-1809,RSG-R-1809-6MM-14,18K,Rose Gold,6,14,7.57,258500,20
RSG-R-1809,RSG-R-1809-6MM-14.5,18K,Rose Gold,6,14.5,7.75,264000,20
RSG-R-1809,RSG-R-1809-6MM-15,18K,Rose Gold,6,15,7.93,269500,20
RSG-R-1809,RSG-R-1809-6MM-15.5,18K,Rose Gold,6,15.5,8.045,273000,20
RSG-R-1809,RSG-R-1809-6MM-16,18K,Rose Gold,6,16,8.16,276500,20
RSG-R-1809,RSG-R-1809-7MM-4,18K,Rose Gold,7,4,5.88,206000,20
RSG-R-1809,RSG-R-1809-7MM-4.5,18K,Rose Gold,7,4.5,6.01,210000,20
RSG-R-1809,RSG-R-1809-7MM-5,18K,Rose Gold,7,5,6.14,214000,20
RSG-R-1809,RSG-R-1809-7MM-5.5,18K,Rose Gold,7,5.5,6.275,218000,20
RSG-R-1809,RSG-R-1809-7MM-6,18K,Rose Gold,7,6,6.41,222500,20
RSG-R-1809,RSG-R-1809-7MM-6.5,18K,Rose Gold,7,6.5,6.545,226500,20
RSG-R-1809,RSG-R-1809-7MM-7,18K,Rose Gold,7,7,6.68,231000,20
RSG-R-1809,RSG-R-1809-7MM-7.5,18K,Rose Gold,7,7.5,6.815,235000,20
RSG-R-1809,RSG-R-1809-7MM-8,18K,Rose Gold,7,8,6.95,239000,20
RSG-R-1809,RSG-R-1809-7MM-8.5,18K,Rose Gold,7,8.5,7.08,243000,20
RSG-R-1809,RSG-R-1809-7MM-9,18K,Rose Gold,7,9,7.21,247000,20
RSG-R-1809,RSG-R-1809-7MM-9.5,18K,Rose Gold,7,9.5,7.345,251500,20
RSG-R-1809,RSG-R-1809-7MM-10,18K,Rose Gold,7,10,7.48,255500,20
RSG-R-1809,RSG-R-1809-7MM-10.5,18K,Rose Gold,7,10.5,7.615,259500,20
RSG-R-1809,RSG-R-1809-7MM-11,18K,Rose Gold,7,11,7.75,264000,20
RSG-R-1809,RSG-R-1809-7MM-11.5,18K,Rose Gold,7,11.5,7.885,268000,20
RSG-R-1809,RSG-R-1809-7MM-12,18K,Rose Gold,7,12,8.02,272500,20
RSG-R-1809,RSG-R-1809-7MM-12.5,18K,Rose Gold,7,12.5,8.15,276500,20
RSG-R-1809,RSG-R-1809-7MM-13,18K,Rose Gold,7,13,8.28,280500,20
RSG-R-1809,RSG-R-1809-7MM-13.5,18K,Rose Gold,7,13.5,8.34,282000,20
RSG-R-1809,RSG-R-1809-7MM-14,18K,Rose Gold,7,14,8.4,284000,20
RSG-R-1809,RSG-R-1809-7MM-14.5,18K,Rose Gold,7,14.5,8.52,288000,20
RSG-R-1809,RSG-R-1809-7MM-15,18K,Rose Gold,7,15,8.64,291500,20
RSG-R-1809,RSG-R-1809-7MM-15.5,18K,Rose Gold,7,15.5,8.88,299000,20
RSG-R-1809,RSG-R-1809-7MM-16,18K,Rose Gold,7,16,9.12,306500,20
RSG-R-1809,RSG-R-1809-8MM-4,18K,Rose Gold,8,4,6.48,241000,20
RSG-R-1809,RSG-R-1809-8MM-4.5,18K,Rose Gold,8,4.5,6.625,246000,20
RSG-R-1809,RSG-R-1809-8MM-5,18K,Rose Gold,8,5,6.77,250500,20
RSG-R-1809,RSG-R-1809-8MM-5.5,18K,Rose Gold,8,5.5,6.92,255500,20
RSG-R-1809,RSG-R-1809-8MM-6,18K,Rose Gold,8,6,7.07,260500,20
RSG-R-1809,RSG-R-1809-8MM-6.5,18K,Rose Gold,8,6.5,7.215,265500,20
RSG-R-1809,RSG-R-1809-8MM-7,18K,Rose Gold,8,7,7.36,270000,20
RSG-R-1809,RSG-R-1809-8MM-7.5,18K,Rose Gold,8,7.5,7.51,275500,20
RSG-R-1809,RSG-R-1809-8MM-8,18K,Rose Gold,8,8,7.66,280000,20
RSG-R-1809,RSG-R-1809-8MM-8.5,18K,Rose Gold,8,8.5,7.8,285000,20
RSG-R-1809,RSG-R-1809-8MM-9,18K,Rose Gold,8,9,7.94,289500,20
RSG-R-1809,RSG-R-1809-8MM-9.5,18K,Rose Gold,8,9.5,8.09,294500,20
RSG-R-1809,RSG-R-1809-8MM-10,18K,Rose Gold,8,10,8.24,299500,20
RSG-R-1809,RSG-R-1809-8MM-10.5,18K,Rose Gold,8,10.5,8.385,304500,20
RSG-R-1809,RSG-R-1809-8MM-11,18K,Rose Gold,8,11,8.53,309000,20
RSG-R-1809,RSG-R-1809-8MM-11.5,18K,Rose Gold,8,11.5,8.68,314000,20
RSG-R-1809,RSG-R-1809-8MM-12,18K,Rose Gold,8,12,8.83,319000,20
RSG-R-1809,RSG-R-1809-8MM-12.5,18K,Rose Gold,8,12.5,8.975,324000,20
RSG-R-1809,RSG-R-1809-8MM-13,18K,Rose Gold,8,13,9.12,329000,20
RSG-R-1809,RSG-R-1809-8MM-13.5,18K,Rose Gold,8,13.5,9.24,333000,20
RSG-R-1809,RSG-R-1809-8MM-14,18K,Rose Gold,8,14,9.36,337000,20
RSG-R-1809,RSG-R-1809-8MM-14.5,18K,Rose Gold,8,14.5,9.48,341000,20
RSG-R-1809,RSG-R-1809-8MM-15,18K,Rose Gold,8,15,9.6,345000,20
RSG-R-1809,RSG-R-1809-8MM-15.5,18K,Rose Gold,8,15.5,9.78,351000,20
RSG-R-1809,RSG-R-1809-8MM-16,18K,Rose Gold,8,16,9.96,357000,20
RSG-R-1809,RSG-R-1809-9MM-4,18K,Rose Gold,9,4,7.98,291000,20
RSG-R-1809,RSG-R-1809-9MM-4.5,18K,Rose Gold,9,4.5,8.17,297000,20
RSG-R-1809,RSG-R-1809-9MM-5,18K,Rose Gold,9,5,8.36,303500,20
RSG-R-1809,RSG-R-1809-9MM-5.5,18K,Rose Gold,9,5.5,8.555,310000,20
RSG-R-1809,RSG-R-1809-9MM-6,18K,Rose Gold,9,6,8.75,316500,20
RSG-R-1809,RSG-R-1809-9MM-6.5,18K,Rose Gold,9,6.5,8.945,323000,20
RSG-R-1809,RSG-R-1809-9MM-7,18K,Rose Gold,9,7,9.14,329500,20
RSG-R-1809,RSG-R-1809-9MM-7.5,18K,Rose Gold,9,7.5,9.33,336000,20
RSG-R-1809,RSG-R-1809-9MM-8,18K,Rose Gold,9,8,9.52,342000,20
RSG-R-1809,RSG-R-1809-9MM-8.5,18K,Rose Gold,9,8.5,9.715,348500,20
RSG-R-1809,RSG-R-1809-9MM-9,18K,Rose Gold,9,9,9.91,355000,20
RSG-R-1809,RSG-R-1809-9MM-9.5,18K,Rose Gold,9,9.5,10.105,361500,20
RSG-R-1809,RSG-R-1809-9MM-10,18K,Rose Gold,9,10,10.3,368000,20
RSG-R-1809,RSG-R-1809-9MM-10.5,18K,Rose Gold,9,10.5,10.495,374500,20
RSG-R-1809,RSG-R-1809-9MM-11,18K,Rose Gold,9,11,10.69,381000,20
RSG-R-1809,RSG-R-1809-9MM-11.5,18K,Rose Gold,9,11.5,10.88,387500,20
RSG-R-1809,RSG-R-1809-9MM-12,18K,Rose Gold,9,12,11.07,394000,20
RSG-R-1809,RSG-R-1809-9MM-12.5,18K,Rose Gold,9,12.5,11.265,400000,20
RSG-R-1809,RSG-R-1809-9MM-13,18K,Rose Gold,9,13,11.46,407000,20
RSG-R-1809,RSG-R-1809-9MM-13.5,18K,Rose Gold,9,13.5,11.655,413500,20
RSG-R-1809,RSG-R-1809-9MM-14,18K,Rose Gold,9,14,11.85,420000,20
RSG-R-1809,RSG-R-1809-9MM-14.5,18K,Rose Gold,9,14.5,12.04,426000,20
RSG-R-1809,RSG-R-1809-9MM-15,18K,Rose Gold,9,15,12.23,432500,20
RSG-R-1809,RSG-R-1809-9MM-15.5,18K,Rose Gold,9,15.5,12.425,439000,20
RSG-R-1809,RSG-R-1809-9MM-16,18K,Rose Gold,9,16,12.62,445500,20
RSG-R-1809,RSG-R-1809-10MM-4,18K,Rose Gold,10,4,8.86,320000,20
RSG-R-1809,RSG-R-1809-10MM-4.5,18K,Rose Gold,10,4.5,9.075,327500,20
RSG-R-1809,RSG-R-1809-10MM-5,18K,Rose Gold,10,5,9.29,334500,20
RSG-R-1809,RSG-R-1809-10MM-5.5,18K,Rose Gold,10,5.5,9.505,341500,20
RSG-R-1809,RSG-R-1809-10MM-6,18K,Rose Gold,10,6,9.72,349000,20
RSG-R-1809,RSG-R-1809-10MM-6.5,18K,Rose Gold,10,6.5,9.935,356000,20
RSG-R-1809,RSG-R-1809-10MM-7,18K,Rose Gold,10,7,10.15,363000,20
RSG-R-1809,RSG-R-1809-10MM-7.5,18K,Rose Gold,10,7.5,10.365,370500,20
RSG-R-1809,RSG-R-1809-10MM-8,18K,Rose Gold,10,8,10.58,377500,20
RSG-R-1809,RSG-R-1809-10MM-8.5,18K,Rose Gold,10,8.5,10.795,384500,20
RSG-R-1809,RSG-R-1809-10MM-9,18K,Rose Gold,10,9,11.01,392000,20
RSG-R-1809,RSG-R-1809-10MM-9.5,18K,Rose Gold,10,9.5,11.225,399000,20
RSG-R-1809,RSG-R-1809-10MM-10,18K,Rose Gold,10,10,11.44,406000,20
RSG-R-1809,RSG-R-1809-10MM-10.5,18K,Rose Gold,10,10.5,11.51,408500,20
RSG-R-1809,RSG-R-1809-10MM-11,18K,Rose Gold,10,11,11.58,411000,20
RSG-R-1809,RSG-R-1809-10MM-11.5,18K,Rose Gold,10,11.5,11.94,423000,20
RSG-R-1809,RSG-R-1809-10MM-12,18K,Rose Gold,10,12,12.3,435000,20
RSG-R-1809,RSG-R-1809-10MM-12.5,18K,Rose Gold,10,12.5,12.515,442000,20
RSG-R-1809,RSG-R-1809-10MM-13,18K,Rose Gold,10,13,12.73,449000,20
RSG-R-1809,RSG-R-1809-10MM-13.5,18K,Rose Gold,10,13.5,12.945,456000,20
RSG-R-1809,RSG-R-1809-10MM-14,18K,Rose Gold,10,14,13.16,463500,20
RSG-R-1809,RSG-R-1809-10MM-14.5,18K,Rose Gold,10,14.5,13.375,470500,20
RSG-R-1809,RSG-R-1809-10MM-15,18K,Rose Gold,10,15,13.59,477500,20
RSG-R-1809,RSG-R-1809-10MM-15.5,18K,Rose Gold,10,15.5,13.805,485000,20
RSG-R-1809,RSG-R-1809-10MM-16,18K,Rose Gold,10,16,14.02,492000,20
RSG-R-1809,RSG-R-1809-11MM-4,18K,Rose Gold,11,4,9.75,350000,20
RSG-R-1809,RSG-R-1809-11MM-4.5,18K,Rose Gold,11,4.5,9.985,357500,20
RSG-R-1809,RSG-R-1809-11MM-5,18K,Rose Gold,11,5,10.22,365500,20
RSG-R-1809,RSG-R-1809-11MM-5.5,18K,Rose Gold,11,5.5,10.46,373500,20
RSG-R-1809,RSG-R-1809-11MM-6,18K,Rose Gold,11,6,10.7,381500,20
RSG-R-1809,RSG-R-1809-11MM-6.5,18K,Rose Gold,11,6.5,10.935,389500,20
RSG-R-1809,RSG-R-1809-11MM-7,18K,Rose Gold,11,7,11.17,397000,20
RSG-R-1809,RSG-R-1809-11MM-7.5,18K,Rose Gold,11,7.5,11.405,405000,20
RSG-R-1809,RSG-R-1809-11MM-8,18K,Rose Gold,11,8,11.64,413000,20
RSG-R-1809,RSG-R-1809-11MM-8.5,18K,Rose Gold,11,8.5,11.875,420500,20
RSG-R-1809,RSG-R-1809-11MM-9,18K,Rose Gold,11,9,12.11,428500,20
RSG-R-1809,RSG-R-1809-11MM-9.5,18K,Rose Gold,11,9.5,12.35,436500,20
RSG-R-1809,RSG-R-1809-11MM-10,18K,Rose Gold,11,10,12.59,444500,20
RSG-R-1809,RSG-R-1809-11MM-10.5,18K,Rose Gold,11,10.5,12.825,452000,20
RSG-R-1809,RSG-R-1809-11MM-11,18K,Rose Gold,11,11,13.06,460000,20
RSG-R-1809,RSG-R-1809-11MM-11.5,18K,Rose Gold,11,11.5,13.295,468000,20
RSG-R-1809,RSG-R-1809-11MM-12,18K,Rose Gold,11,12,13.53,475500,20
RSG-R-1809,RSG-R-1809-11MM-12.5,18K,Rose Gold,11,12.5,13.77,483500,20
RSG-R-1809,RSG-R-1809-11MM-13,18K,Rose Gold,11,13,14.01,491500,20
RSG-R-1809,RSG-R-1809-11MM-13.5,18K,Rose Gold,11,13.5,14.245,499500,20
RSG-R-1809,RSG-R-1809-11MM-14,18K,Rose Gold,11,14,14.48,507500,20
RSG-R-1809,RSG-R-1809-11MM-14.5,18K,Rose Gold,11,14.5,14.715,515000,20
RSG-R-1809,RSG-R-1809-11MM-15,18K,Rose Gold,11,15,14.95,523000,20
RSG-R-1809,RSG-R-1809-11MM-15.5,18K,Rose Gold,11,15.5,15.185,531000,20
RSG-R-1809,RSG-R-1809-11MM-16,18K,Rose Gold,11,16,15.42,538500,20
RSG-R-1809,RSG-R-1809-12MM-4,18K,Rose Gold,12,4,10.64,379500,20
RSG-R-1809,RSG-R-1809-12MM-4.5,18K,Rose Gold,12,4.5,10.895,388000,20
RSG-R-1809,RSG-R-1809-12MM-5,18K,Rose Gold,12,5,11.15,396500,20
RSG-R-1809,RSG-R-1809-12MM-5.5,18K,Rose Gold,12,5.5,11.41,405000,20
RSG-R-1809,RSG-R-1809-12MM-6,18K,Rose Gold,12,6,11.67,414000,20
RSG-R-1809,RSG-R-1809-12MM-6.5,18K,Rose Gold,12,6.5,11.925,422000,20
RSG-R-1809,RSG-R-1809-12MM-7,18K,Rose Gold,12,7,12.18,431000,20
RSG-R-1809,RSG-R-1809-12MM-7.5,18K,Rose Gold,12,7.5,12.44,439500,20
RSG-R-1809,RSG-R-1809-12MM-8,18K,Rose Gold,12,8,12.7,448000,20
RSG-R-1809,RSG-R-1809-12MM-8.5,18K,Rose Gold,12,8.5,12.96,457000,20
RSG-R-1809,RSG-R-1809-12MM-9,18K,Rose Gold,12,9,13.22,465500,20
RSG-R-1809,RSG-R-1809-12MM-9.5,18K,Rose Gold,12,9.5,13.475,474000,20
RSG-R-1809,RSG-R-1809-12MM-10,18K,Rose Gold,12,10,13.73,482500,20
RSG-R-1809,RSG-R-1809-12MM-10.5,18K,Rose Gold,12,10.5,13.985,491000,20
RSG-R-1809,RSG-R-1809-12MM-11,18K,Rose Gold,12,11,14.24,499500,20
RSG-R-1809,RSG-R-1809-12MM-11.5,18K,Rose Gold,12,11.5,14.5,508000,20
RSG-R-1809,RSG-R-1809-12MM-12,18K,Rose Gold,12,12,14.76,516500,20
RSG-R-1809,RSG-R-1809-12MM-12.5,18K,Rose Gold,12,12.5,15.02,525500,20
RSG-R-1809,RSG-R-1809-12MM-13,18K,Rose Gold,12,13,15.28,534000,20
RSG-R-1809,RSG-R-1809-12MM-13.5,18K,Rose Gold,12,13.5,15.535,542500,20
RSG-R-1809,RSG-R-1809-12MM-14,18K,Rose Gold,12,14,15.79,551000,20
RSG-R-1809,RSG-R-1809-12MM-14.5,18K,Rose Gold,12,14.5,16.05,559500,20
RSG-R-1809,RSG-R-1809-12MM-15,18K,Rose Gold,12,15,16.31,568000,20
RSG-R-1809,RSG-R-1809-12MM-15.5,18K,Rose Gold,12,15.5,16.57,577000,20
RSG-R-1809,RSG-R-1809-12MM-16,18K,Rose Gold,12,16,16.83,585500,20
