family_sku,sku,karat,metal,width_mm,ring_size_us,weight_grams,price_preview_cents_spot_4090,quantity
GLD-R-1008,GLD-R-1008-3MM-4,10K,Yellow Gold,3,4,2.05,39500,20
GLD-R-1008,GLD-R-1008-3MM-4.5,10K,Yellow Gold,3,4.5,2.1,40000,20
GLD-R-1008,GLD-R-1008-3MM-5,10K,Yellow Gold,3,5,2.15,41000,20
GLD-R-1008,GLD-R-1008-3MM-5.5,10K,Yellow Gold,3,5.5,2.2,41500,20
GLD-R-1008,GLD-R-1008-3MM-6,10K,Yellow Gold,3,6,2.25,42000,20
GLD-R-1008,GLD-R-1008-3MM-6.5,10K,Yellow Gold,3,6.5,2.3,42500,20
GLD-R-1008,GLD-R-1008-3MM-7,10K,Yellow Gold,3,7,2.35,43000,20
GLD-R-1008,GLD-R-1008-3MM-7.5,10K,Yellow Gold,3,7.5,2.4,44000,20
GLD-R-1008,GLD-R-1008-3MM-8,10K,Yellow Gold,3,8,2.45,44500,20
GLD-R-1008,GLD-R-1008-3MM-8.5,10K,Yellow Gold,3,8.5,2.5,45000,20
GLD-R-1008,GLD-R-1008-3MM-9,10K,Yellow Gold,3,9,2.55,45500,20
GLD-R-1008,GLD-R-1008-3MM-9.5,10K,Yellow Gold,3,9.5,2.6,46000,20
GLD-R-1008,GLD-R-1008-3MM-10,10K,Yellow Gold,3,10,2.65,47000,20
GLD-R-1008,GLD-R-1008-3MM-10.5,10K,Yellow Gold,3,10.5,2.7,47500,20
GLD-R-1008,GLD-R-1008-3MM-11,10K,Yellow Gold,3,11,2.75,48000,20
GLD-R-1008,GLD-R-1008-3MM-11.5,10K,Yellow Gold,3,11.5,2.8,48500,20
GLD-R-1008,GLD-R-1008-3MM-12,10K,Yellow Gold,3,12,2.85,49500,20
GLD-R-1008,GLD-R-1008-3MM-12.5,10K,Yellow Gold,3,12.5,2.9,50000,20
GLD-R-1008,GLD-R-1008-3MM-13,10K,Yellow Gold,3,13,2.95,50500,20
GLD-R-1008,GLD-R-1008-3MM-13.5,10K,Yellow Gold,3,13.5,3.0,51000,20
GLD-R-1008,GLD-R-1008-3MM-14,10K,Yellow Gold,3,14,3.05,51500,20
GLD-R-1008,GLD-R-1008-3MM-14.5,10K,Yellow Gold,3,14.5,3.1,52000,20
GLD-R-1008,GLD-R-1008-3MM-15,10K,Yellow Gold,3,15,3.15,53000,20
GLD-R-1008,GLD-R-1008-3MM-15.5,10K,Yellow Gold,3,15.5,3.2,53500,20
GLD-R-1008,GLD-R-1008-3MM-16,10K,Yellow Gold,3,16,3.25,54000,20
GLD-R-1008,GLD-R-1008-4MM-4,10K,Yellow Gold,4,4,2.74,48000,20
GLD-R-1008,GLD-R-1008-4MM-4.5,10K,Yellow Gold,4,4.5,2.805,49000,20
GLD-R-1008,GLD-R-1008-4MM-5,10K,Yellow Gold,4,5,2.87,49500,20
GLD-R-1008,GLD-R-1008-4MM-5.5,10K,Yellow Gold,4,5.5,2.935,50000,20
GLD-R-1008,GLD-R-1008-4MM-6,10K,Yellow Gold,4,6,3.0,51000,20
GLD-R-1008,GLD-R-1008-4MM-6.5,10K,Yellow Gold,4,6.5,3.07,52000,20
GLD-R-1008,GLD-R-1008-4MM-7,10K,Yellow Gold,4,7,3.14,53000,20
GLD-R-1008,GLD-R-1008-4MM-7.5,10K,Yellow Gold,4,7.5,3.205,53500,20
GLD-R-1008,GLD-R-1008-4MM-8,10K,Yellow Gold,4,8,3.27,54500,20
GLD-R-1008,GLD-R-1008-4MM-8.5,10K,Yellow Gold,4,8.5,3.335,55000,20
GLD-R-1008,GLD-R-1008-4MM-9,10K,Yellow Gold,4,9,3.4,56000,20
GLD-R-1008,GLD-R-1008-4MM-9.5,10K,Yellow Gold,4,9.5,3.465,57000,20
GLD-R-1008,GLD-R-1008-4MM-10,10K,Yellow Gold,4,10,3.53,57500,20
GLD-R-1008,GLD-R-1008-4MM-10.5,10K,Yellow Gold,4,10.5,3.6,58500,20
GLD-R-1008,GLD-R-1008-4MM-11,10K,Yellow Gold,4,11,3.67,59000,20
GLD-R-1008,GLD-R-1008-4MM-11.5,10K,Yellow Gold,4,11.5,3.735,60000,20
GLD-R-1008,GLD-R-1008-4MM-12,10K,Yellow Gold,4,12,3.8,61000,20
GLD-R-1008,GLD-R-1008-4MM-12.5,10K,Yellow Gold,4,12.5,3.865,61500,20
GLD-R-1008,GLD-R-1008-4MM-13,10K,Yellow Gold,4,13,3.93,62500,20
GLD-R-1008,GLD-R-1008-4MM-13.5,10K,Yellow Gold,4,13.5,3.995,63000,20
GLD-R-1008,GLD-R-1008-4MM-14,10K,Yellow Gold,4,14,4.06,64000,20
GLD-R-1008,GLD-R-1008-4MM-14.5,10K,Yellow Gold,4,14.5,4.13,65000,20
GLD-R-1008,GLD-R-1008-4MM-15,10K,Yellow Gold,4,15,4.2,65500,20
GLD-R-1008,GLD-R-1008-4MM-15.5,10K,Yellow Gold,4,15.5,4.265,66500,20
GLD-R-1008,GLD-R-1008-4MM-16,10K,Yellow Gold,4,16,4.33,67000,20
GLD-R-1008,GLD-R-1008-5MM-4,10K,Yellow Gold,5,4,3.42,56000,20
GLD-R-1008,GLD-R-1008-5MM-4.5,10K,Yellow Gold,5,4.5,3.505,57000,20
GLD-R-1008,GLD-R-1008-5MM-5,10K,Yellow Gold,5,5,3.59,58000,20
GLD-R-1008,GLD-R-1008-5MM-5.5,10K,Yellow Gold,5,5.5,3.67,59000,20
GLD-R-1008,GLD-R-1008-5MM-6,10K,Yellow Gold,5,6,3.75,60000,20
GLD-R-1008,GLD-R-1008-5MM-6.5,10K,Yellow Gold,5,6.5,3.835,61000,20
GLD-R-1008,GLD-R-1008-5MM-7,10K,Yellow Gold,5,7,3.92,62000,20
GLD-R-1008,GLD-R-1008-5MM-7.5,10K,Yellow Gold,5,7.5,4.0,63000,20
GLD-R-1008,GLD-R-1008-5MM-8,10K,Yellow Gold,5,8,4.08,64000,20
GLD-R-1008,GLD-R-1008-5MM-8.5,10K,Yellow Gold,5,8.5,4.165,65000,20
GLD-R-1008,GLD-R-1008-5MM-9,10K,Yellow Gold,5,9,4.25,66000,20
GLD-R-1008,GLD-R-1008-5MM-9.5,10K,Yellow Gold,5,9.5,4.335,67500,20
GLD-R-1008,GLD-R-1008-5MM-10,10K,Yellow Gold,5,10,4.42,68000,20
GLD-R-1008,GLD-R-1008-5MM-10.5,10K,Yellow Gold,5,10.5,4.5,69500,20
GLD-R-1008,GLD-R-1008-5MM-11,10K,Yellow Gold,5,11,4.58,70000,20
GLD-R-1008,GLD-R-1008-5MM-11.5,10K,Yellow Gold,5,11.5,4.665,71500,20
GLD-R-1008,GLD-R-1008-5MM-12,10K,Yellow Gold,5,12,4.75,72000,20
GLD-R-1008,GLD-R-1008-5MM-12.5,10K,Yellow Gold,5,12.5,4.83,73500,20
GLD-R-1008,GLD-R-1008-5MM-13,10K,Yellow Gold,5,13,4.91,74000,20
GLD-R-1008,GLD-R-1008-5MM-13.5,10K,Yellow Gold,5,13.5,4.995,75500,20
GLD-R-1008,GLD-R-1008-5MM-14,10K,Yellow Gold,5,14,5.08,76000,20
GLD-R-1008,GLD-R-1008-5MM-14.5,10K,Yellow Gold,5,14.5,5.185,77500,20
GLD-R-1008,GLD-R-1008-5MM-15,10K,Yellow Gold,5,15,5.29,79000,20
GLD-R-1008,GLD-R-1008-5MM-15.5,10K,Yellow Gold,5,15.5,5.355,79500,20
GLD-R-1008,GLD-R-1008-5MM-16,10K,Yellow Gold,5,16,5.42,80500,20
GLD-R-1008,GLD-R-1008-6MM-4,10K,Yellow Gold,6,4,4.11,64500,20
GLD-R-1008,GLD-R-1008-6MM-4.5,10K,Yellow Gold,6,4.5,4.205,65500,20
GLD-R-1008,GLD-R-1008-6MM-5,10K,Yellow Gold,6,5,4.3,67000,20
GLD-R-1008,GLD-R-1008-6MM-5.5,10K,Yellow Gold,6,5.5,4.4,68000,20
GLD-R-1008,GLD-R-1008-6MM-6,10K,Yellow Gold,6,6,4.5,69500,20
GLD-R-1008,GLD-R-1008-6MM-6.5,10K,Yellow Gold,6,6.5,4.6,70500,20
GLD-R-1008,GLD-R-1008-6MM-7,10K,Yellow Gold,6,7,4.7,71500,20
GLD-R-1008,GLD-R-1008-6MM-7.5,10K,Yellow Gold,6,7.5,4.8,73000,20
GLD-R-1008,GLD-R-1008-6MM-8,10K,Yellow Gold,6,8,4.9,74000,20
GLD-R-1008,GLD-R-1008-6MM-8.5,10K,Yellow Gold,6,8.5,5.0,75500,20
GLD-R-1008,GLD-R-1008-6MM-9,10K,Yellow Gold,6,9,5.1,76500,20
GLD-R-1008,GLD-R-1008-6MM-9.5,10K,Yellow Gold,6,9.5,5.2,77500,20
GLD-R-1008,GLD-R-1008-6MM-10,10K,Yellow Gold,6,10,5.3,79000,20
GLD-R-1008,GLD-R-1008-6MM-10.5,10K,Yellow Gold,6,10.5,5.4,80000,20
GLD-R-1008,GLD-R-1008-6MM-11,10K,Yellow Gold,6,11,5.5,81500,20
GLD-R-1008,GLD-R-1008-6MM-11.5,10K,Yellow Gold,6,11.5,5.6,82500,20
GLD-R-1008,GLD-R-1008-6MM-12,10K,Yellow Gold,6,12,5.7,84000,20
GLD-R-1008,GLD-R-1008-6MM-12.5,10K,Yellow Gold,6,12.5,5.8,85000,20
GLD-R-1008,GLD-R-1008-6MM-13,10K,Yellow Gold,6,13,5.9,86000,20
GLD-R-1008,GLD-R-1008-6MM-13.5,10K,Yellow Gold,6,13.5,6.0,87500,20
GLD-R-1008,GLD-R-1008-6MM-14,10K,Yellow Gold,6,14,6.1,88500,20
GLD-R-1008,GLD-R-1008-6MM-14.5,10K,Yellow Gold,6,14.5,6.195,90000,20
GLD-R-1008,GLD-R-1008-6MM-15,10K,Yellow Gold,6,15,6.29,91000,20
GLD-R-1008,GLD-R-1008-6MM-15.5,10K,Yellow Gold,6,15.5,6.39,92000,20
GLD-R-1008,GLD-R-1008-6MM-16,10K,Yellow Gold,6,16,6.49,93500,20
GLD-R-1008,GLD-R-1008-7MM-4,10K,Yellow Gold,7,4,4.79,73000,20
GLD-R-1008,GLD-R-1008-7MM-4.5,10K,Yellow Gold,7,4.5,4.905,74000,20
GLD-R-1008,GLD-R-1008-7MM-5,10K,Yellow Gold,7,5,5.02,75500,20
GLD-R-1008,GLD-R-1008-7MM-5.5,10K,Yellow Gold,7,5.5,5.135,77000,20
GLD-R-1008,GLD-R-1008-7MM-6,10K,Yellow Gold,7,6,5.25,78500,20
GLD-R-1008,GLD-R-1008-7MM-6.5,10K,Yellow Gold,7,6.5,5.37,80000,20
GLD-R-1008,GLD-R-1008-7MM-7,10K,Yellow Gold,7,7,5.49,81500,20
GLD-R-1008,GLD-R-1008-7MM-7.5,10K,Yellow Gold,7,7.5,5.605,82500,20
GLD-R-1008,GLD-R-1008-7MM-8,10K,Yellow Gold,7,8,5.72,84000,20
GLD-R-1008,GLD-R-1008-7MM-8.5,10K,Yellow Gold,7,8.5,5.835,85500,20
GLD-R-1008,GLD-R-1008-7MM-9,10K,Yellow Gold,7,9,5.95,87000,20
GLD-R-1008,GLD-R-1008-7MM-9.5,10K,Yellow Gold,7,9.5,6.065,88000,20
GLD-R-1008,GLD-R-1008-7MM-10,10K,Yellow Gold,7,10,6.18,89500,20
GLD-R-1008,GLD-R-1008-7MM-10.5,10K,Yellow Gold,7,10.5,6.3,91000,20
GLD-R-1008,GLD-R-1008-7MM-11,10K,Yellow Gold,7,11,6.42,92500,20
GLD-R-1008,GLD-R-1008-7MM-11.5,10K,Yellow Gold,7,11.5,6.535,94000,20
GLD-R-1008,GLD-R-1008-7MM-12,10K,Yellow Gold,7,12,6.65,95500,20
GLD-R-1008,GLD-R-1008-7MM-12.5,10K,Yellow Gold,7,12.5,6.765,97000,20
GLD-R-1008,GLD-R-1008-7MM-13,10K,Yellow Gold,7,13,6.88,98000,20
GLD-R-1008,GLD-R-1008-7MM-13.5,10K,Yellow Gold,7,13.5,6.995,99500,20
GLD-R-1008,GLD-R-1008-7MM-14,10K,Yellow Gold,7,14,7.11,101000,20
GLD-R-1008,GLD-R-1008-7MM-14.5,10K,Yellow Gold,7,14.5,7.225,102500,20
GLD-R-1008,GLD-R-1008-7MM-15,10K,Yellow Gold,7,15,7.34,103500,20
GLD-R-1008,GLD-R-1008-7MM-15.5,10K,Yellow Gold,7,15.5,7.46,105000,20
GLD-R-1008,GLD-R-1008-7MM-16,10K,Yellow Gold,7,16,7.58,106500,20
GLD-R-1008,GLD-R-1008-8MM-4,10K,Yellow Gold,8,4,5.47,104500,20
GLD-R-1008,GLD-R-1008-8MM-4.5,10K,Yellow Gold,8,4.5,5.605,106500,20
GLD-R-1008,GLD-R-1008-8MM-5,10K,Yellow Gold,8,5,5.74,109000,20
GLD-R-1008,GLD-R-1008-8MM-5.5,10K,Yellow Gold,8,5.5,5.87,111000,20
GLD-R-1008,GLD-R-1008-8MM-6,10K,Yellow Gold,8,6,6.0,113000,20
GLD-R-1008,GLD-R-1008-8MM-6.5,10K,Yellow Gold,8,6.5,6.135,115000,20
GLD-R-1008,GLD-R-1008-8MM-7,10K,Yellow Gold,8,7,6.27,117000,20
GLD-R-1008,GLD-R-1008-8MM-7.5,10K,Yellow Gold,8,7.5,6.405,119000,20
GLD-R-1008,GLD-R-1008-8MM-8,10K,Yellow Gold,8,8,6.54,121000,20
GLD-R-1008,GLD-R-1008-8MM-8.5,10K,Yellow Gold,8,8.5,6.67,123500,20
GLD-R-1008,GLD-R-1008-8MM-9,10K,Yellow Gold,8,9,6.8,125500,20
GLD-R-1008,GLD-R-1008-8MM-9.5,10K,Yellow Gold,8,9.5,6.935,127500,20
GLD-R-1008,GLD-R-1008-8MM-10,10K,Yellow Gold,8,10,7.07,129500,20
GLD-R-1008,GLD-R-1008-8MM-10.5,10K,Yellow Gold,8,10.5,7.2,131500,20
GLD-R-1008,GLD-R-1008-8MM-11,10K,Yellow Gold,8,11,7.33,133500,20
GLD-R-1008,GLD-R-1008-8MM-11.5,10K,Yellow Gold,8,11.5,7.465,135500,20
GLD-R-1008,GLD-R-1008-8MM-12,10K,Yellow Gold,8,12,7.6,138000,20
GLD-R-1008,GLD-R-1008-8MM-12.5,10K,Yellow Gold,8,12.5,7.73,140000,20
GLD-R-1008,GLD-R-1008-8MM-13,10K,Yellow Gold,8,13,7.86,142000,20
GLD-R-1008,GLD-R-1008-8MM-13.5,10K,Yellow Gold,8,13.5,7.995,144000,20
GLD-R-1008,GLD-R-1008-8MM-14,10K,Yellow Gold,8,14,8.13,146000,20
GLD-R-1008,GLD-R-1008-8MM-14.5,10K,Yellow Gold,8,14.5,8.26,148000,20
GLD-R-1008,GLD-R-1008-8MM-15,10K,Yellow Gold,8,15,8.39,150000,20
GLD-R-1008,GLD-R-1008-8MM-15.5,10K,Yellow Gold,8,15.5,8.525,152000,20
GLD-R-1008,GLD-R-1008-8MM-16,10K,Yellow Gold,8,16,8.66,154500,20
GLD-R-1008,GLD-R-1008-9MM-4,10K,Yellow Gold,9,4,6.16,115500,20
GLD-R-1008,GLD-R-1008-9MM-4.5,10K,Yellow Gold,9,4.5,6.31,117500,20
GLD-R-1008,GLD-R-1008-9MM-5,10K,Yellow Gold,9,5,6.46,120000,20
GLD-R-1008,GLD-R-1008-9MM-5.5,10K,Yellow Gold,9,5.5,6.61,122500,20
GLD-R-1008,GLD-R-1008-9MM-6,10K,Yellow Gold,9,6,6.76,124500,20
GLD-R-1008,GLD-R-1008-9MM-6.5,10K,Yellow Gold,9,6.5,6.905,127000,20
GLD-R-1008,GLD-R-1008-9MM-7,10K,Yellow Gold,9,7,7.05,129000,20
GLD-R-1008,GLD-R-1008-9MM-7.5,10K,Yellow Gold,9,7.5,7.2,131500,20
GLD-R-1008,GLD-R-1008-9MM-8,10K,Yellow Gold,9,8,7.35,134000,20
GLD-R-1008,GLD-R-1008-9MM-8.5,10K,Yellow Gold,9,8.5,7.5,136000,20
GLD-R-1008,GLD-R-1008-9MM-9,10K,Yellow Gold,9,9,7.65,138500,20
GLD-R-1008,GLD-R-1008-9MM-9.5,10K,Yellow Gold,9,9.5,7.8,141000,20
GLD-R-1008,GLD-R-1008-9MM-10,10K,Yellow Gold,9,10,7.95,143500,20
GLD-R-1008,GLD-R-1008-9MM-10.5,10K,Yellow Gold,9,10.5,8.1,145500,20
GLD-R-1008,GLD-R-1008-9MM-11,10K,Yellow Gold,9,11,8.25,148000,20
GLD-R-1008,GLD-R-1008-9MM-11.5,10K,Yellow Gold,9,11.5,8.4,150500,20
GLD-R-1008,GLD-R-1008-9MM-12,10K,Yellow Gold,9,12,8.55,152500,20
GLD-R-1008,GLD-R-1008-9MM-12.5,10K,Yellow Gold,9,12.5,8.7,155000,20
GLD-R-1008,GLD-R-1008-9MM-13,10K,Yellow Gold,9,13,8.85,157500,20
GLD-R-1008,GLD-R-1008-9MM-13.5,10K,Yellow Gold,9,13.5,8.995,159500,20
GLD-R-1008,GLD-R-1008-9MM-14,10K,Yellow Gold,9,14,9.14,162000,20
GLD-R-1008,GLD-R-1008-9MM-14.5,10K,Yellow Gold,9,14.5,9.29,164000,20
GLD-R-1008,GLD-R-1008-9MM-15,10K,Yellow Gold,9,15,9.44,166500,20
GLD-R-1008,GLD-R-1008-9MM-15.5,10K,Yellow Gold,9,15.5,9.59,169000,20
GLD-R-1008,GLD-R-1008-9MM-16,10K,Yellow Gold,9,16,9.74,171500,20
GLD-R-1008,GLD-R-1008-10MM-4,10K,Yellow Gold,10,4,6.84,126000,20
GLD-R-1008,GLD-R-1008-10MM-4.5,10K,Yellow Gold,10,4.5,7.005,128500,20
GLD-R-1008,GLD-R-1008-10MM-5,10K,Yellow Gold,10,5,7.17,131000,20
GLD-R-1008,GLD-R-1008-10MM-5.5,10K,Yellow Gold,10,5.5,7.34,133500,20
GLD-R-1008,GLD-R-1008-10MM-6,10K,Yellow Gold,10,6,7.51,136500,20
GLD-R-1008,GLD-R-1008-10MM-6.5,10K,Yellow Gold,10,6.5,7.675,139000,20
GLD-R-1008,GLD-R-1008-10MM-7,10K,Yellow Gold,10,7,7.84,141500,20
GLD-R-1008,GLD-R-1008-10MM-7.5,10K,Yellow Gold,10,7.5,8.005,144000,20
GLD-R-1008,GLD-R-1008-10MM-8,10K,Yellow Gold,10,8,8.17,147000,20
GLD-R-1008,GLD-R-1008-10MM-8.5,10K,Yellow Gold,10,8.5,8.335,149500,20
GLD-R-1008,GLD-R-1008-10MM-9,10K,Yellow Gold,10,9,8.5,152000,20
GLD-R-1008,GLD-R-1008-10MM-9.5,10K,Yellow Gold,10,9.5,8.665,154500,20
GLD-R-1008,GLD-R-1008-10MM-10,10K,Yellow Gold,10,10,8.83,157000,20
GLD-R-1008,GLD-R-1008-10MM-10.5,10K,Yellow Gold,10,10.5,8.995,159500,20
GLD-R-1008,GLD-R-1008-10MM-11,10K,Yellow Gold,10,11,9.16,162000,20
GLD-R-1008,GLD-R-1008-10MM-11.5,10K,Yellow Gold,10,11.5,9.33,165000,20
GLD-R-1008,GLD-R-1008-10MM-12,10K,Yellow Gold,10,12,9.5,167500,20
GLD-R-1008,GLD-R-1008-10MM-12.5,10K,Yellow Gold,10,12.5,9.665,170000,20
GLD-R-1008,GLD-R-1008-10MM-13,10K,Yellow Gold,10,13,9.83,173000,20
GLD-R-1008,GLD-R-1008-10MM-13.5,10K,Yellow Gold,10,13.5,9.995,175500,20
GLD-R-1008,GLD-R-1008-10MM-14,10K,Yellow Gold,10,14,10.16,178000,20
GLD-R-1008,GLD-R-1008-10MM-14.5,10K,Yellow Gold,10,14.5,10.325,180500,20
GLD-R-1008,GLD-R-1008-10MM-15,10K,Yellow Gold,10,15,10.49,183000,20
GLD-R-1008,GLD-R-1008-10MM-15.5,10K,Yellow Gold,10,15.5,10.655,185500,20
GLD-R-1008,GLD-R-1008-10MM-16,10K,Yellow Gold,10,16,10.82,188000,20
GLD-R-1008,GLD-R-1008-11MM-4,10K,Yellow Gold,11,4,7.53,137000,20
GLD-R-1008,GLD-R-1008-11MM-4.5,10K,Yellow Gold,11,4.5,7.71,139500,20
GLD-R-1008,GLD-R-1008-11MM-5,10K,Yellow Gold,11,5,7.89,142500,20
GLD-R-1008,GLD-R-1008-11MM-5.5,10K,Yellow Gold,11,5.5,8.075,145500,20
GLD-R-1008,GLD-R-1008-11MM-6,10K,Yellow Gold,11,6,8.26,148000,20
GLD-R-1008,GLD-R-1008-11MM-6.5,10K,Yellow Gold,11,6.5,8.44,151000,20
GLD-R-1008,GLD-R-1008-11MM-7,10K,Yellow Gold,11,7,8.62,154000,20
GLD-R-1008,GLD-R-1008-11MM-7.5,10K,Yellow Gold,11,7.5,8.805,156500,20
GLD-R-1008,GLD-R-1008-11MM-8,10K,Yellow Gold,11,8,8.99,159500,20
GLD-R-1008,GLD-R-1008-11MM-8.5,10K,Yellow Gold,11,8.5,9.17,162500,20
GLD-R-1008,GLD-R-1008-11MM-9,10K,Yellow Gold,11,9,9.35,165000,20
GLD-R-1008,GLD-R-1008-11MM-9.5,10K,Yellow Gold,11,9.5,9.535,168000,20
GLD-R-1008,GLD-R-1008-11MM-10,10K,Yellow Gold,11,10,9.72,171000,20
GLD-R-1008,GLD-R-1008-11MM-10.5,10K,Yellow Gold,11,10.5,9.9,174000,20
GLD-R-1008,GLD-R-1008-11MM-11,10K,Yellow Gold,11,11,10.08,176500,20
GLD-R-1008,GLD-R-1008-11MM-11.5,10K,Yellow Gold,11,11.5,10.265,179500,20
GLD-R-1008,GLD-R-1008-11MM-12,10K,Yellow Gold,11,12,10.45,182500,20
GLD-R-1008,GLD-R-1008-11MM-12.5,10K,Yellow Gold,11,12.5,10.63,185000,20
GLD-R-1008,GLD-R-1008-11MM-13,10K,Yellow Gold,11,13,10.81,188000,20
GLD-R-1008,GLD-R-1008-11MM-13.5,10K,Yellow Gold,11,13.5,10.995,191000,20
GLD-R-1008,GLD-R-1008-11MM-14,10K,Yellow Gold,11,14,11.18,194000,20
GLD-R-1008,GLD-R-1008-11MM-14.5,10K,Yellow Gold,11,14.5,11.355,196500,20
GLD-R-1008,GLD-R-1008-11MM-15,10K,Yellow Gold,11,15,11.53,199500,20
GLD-R-1008,GLD-R-1008-11MM-15.5,10K,Yellow Gold,11,15.5,11.72,202000,20
GLD-R-1008,GLD-R-1008-11MM-16,10K,Yellow Gold,11,16,11.91,205500,20
GLD-R-1008,GLD-R-1008-12MM-4,10K,Yellow Gold,12,4,8.21,147500,20
GLD-R-1008,GLD-R-1008-12MM-4.5,10K,Yellow Gold,12,4.5,8.41,150500,20
GLD-R-1008,GLD-R-1008-12MM-5,10K,Yellow Gold,12,5,8.61,153500,20
GLD-R-1008,GLD-R-1008-12MM-5.5,10K,Yellow Gold,12,5.5,8.81,157000,20
GLD-R-1008,GLD-R-1008-12MM-6,10K,Yellow Gold,12,6,9.01,160000,20
GLD-R-1008,GLD-R-1008-12MM-6.5,10K,Yellow Gold,12,6.5,9.21,163000,20
GLD-R-1008,GLD-R-1008-12MM-7,10K,Yellow Gold,12,7,9.41,166000,20
GLD-R-1008,GLD-R-1008-12MM-7.5,10K,Yellow Gold,12,7.5,9.605,169000,20
GLD-R-1008,GLD-R-1008-12MM-8,10K,Yellow Gold,12,8,9.8,172000,20
GLD-R-1008,GLD-R-1008-12MM-8.5,10K,Yellow Gold,12,8.5,10.0,175500,20
GLD-R-1008,GLD-R-1008-12MM-9,10K,Yellow Gold,12,9,10.2,178500,20
GLD-R-1008,GLD-R-1008-12MM-9.5,10K,Yellow Gold,12,9.5,10.4,181500,20
GLD-R-1008,GLD-R-1008-12MM-10,10K,Yellow Gold,12,10,10.6,185000,20
GLD-R-1008,GLD-R-1008-12MM-10.5,10K,Yellow Gold,12,10.5,10.8,188000,20
GLD-R-1008,GLD-R-1008-12MM-11,10K,Yellow Gold,12,11,11.0,191000,20
GLD-R-1008,GLD-R-1008-12MM-11.5,10K,Yellow Gold,12,11.5,11.2,194000,20
GLD-R-1008,GLD-R-1008-12MM-12,10K,Yellow Gold,12,12,11.4,197500,20
GLD-R-1008,GLD-R-1008-12MM-12.5,10K,Yellow Gold,12,12.5,11.595,200500,20
GLD-R-1008,GLD-R-1008-12MM-13,10K,Yellow Gold,12,13,11.79,203500,20
GLD-R-1008,GLD-R-1008-12MM-13.5,10K,Yellow Gold,12,13.5,11.99,206500,20
GLD-R-1008,GLD-R-1008-12MM-14,10K,Yellow Gold,12,14,12.19,209500,20
GLD-R-1008,GLD-R-1008-12MM-14.5,10K,Yellow Gold,12,14.5,12.39,213000,20
GLD-R-1008,GLD-R-1008-12MM-15,10K,Yellow Gold,12,15,12.59,216000,20
GLD-R-1008,GLD-R-1008-12MM-15.5,10K,Yellow Gold,12,15.5,12.79,219000,20
GLD-R-1008,GLD-R-1008-12MM-16,10K,Yellow Gold,12,16,12.99,222000,20
GLD-R-1408,GLD-R-1408-3MM-4,14K,Yellow Gold,3,4,2.33,54000,20
GLD-R-1408,GLD-R-1408-3MM-4.5,14K,Yellow Gold,3,4.5,2.39,55000,20
GLD-R-1408,GLD-R-1408-3MM-5,14K,Yellow Gold,3,5,2.45,56000,20
GLD-R-1408,GLD-R-1408-3MM-5.5,14K,Yellow Gold,3,5.5,2.505,57000,20
GLD-R-1408,GLD-R-1408-3MM-6,14K,Yellow Gold,3,6,2.56,58000,20
GLD-R-1408,GLD-R-1408-3MM-6.5,14K,Yellow Gold,3,6.5,2.615,59000,20
GLD-R-1408,GLD-R-1408-3MM-7,14K,Yellow Gold,3,7,2.67,60000,20
GLD-R-1408,GLD-R-1408-3MM-7.5,14K,Yellow Gold,3,7.5,2.73,61000,20
GLD-R-1408,GLD-R-1408-3MM-8,14K,Yellow Gold,3,8,2.79,62000,20
GLD-R-1408,GLD-R-1408-3MM-8.5,14K,Yellow Gold,3,8.5,2.845,63000,20
GLD-R-1408,GLD-R-1408-3MM-9,14K,Yellow Gold,3,9,2.9,64000,20
GLD-R-1408,GLD-R-1408-3MM-9.5,14K,Yellow Gold,3,9.5,2.955,65000,20
GLD-R-1408,GLD-R-1408-3MM-10,14K,Yellow Gold,3,10,3.01,65500,20
GLD-R-1408,GLD-R-1408-3MM-10.5,14K,Yellow Gold,3,10.5,3.065,66500,20
GLD-R-1408,GLD-R-1408-3MM-11,14K,Yellow Gold,3,11,3.12,67500,20
GLD-R-1408,GLD-R-1408-3MM-11.5,14K,Yellow Gold,3,11.5,3.18,68500,20
GLD-R-1408,GLD-R-1408-3MM-12,14K,Yellow Gold,3,12,3.24,69500,20
GLD-R-1408,GLD-R-1408-3MM-12.5,14K,Yellow Gold,3,12.5,3.295,70500,20
GLD-R-1408,GLD-R-1408-3MM-13,14K,Yellow Gold,3,13,3.35,71500,20
GLD-R-1408,GLD-R-1408-3MM-13.5,14K,Yellow Gold,3,13.5,3.405,72500,20
GLD-R-1408,GLD-R-1408-3MM-14,14K,Yellow Gold,3,14,3.46,73500,20
GLD-R-1408,GLD-R-1408-3MM-14.5,14K,Yellow Gold,3,14.5,3.52,74500,20
GLD-R-1408,GLD-R-1408-3MM-15,14K,Yellow Gold,3,15,3.58,75500,20
GLD-R-1408,GLD-R-1408-3MM-15.5,14K,Yellow Gold,3,15.5,3.635,76500,20
GLD-R-1408,GLD-R-1408-3MM-16,14K,Yellow Gold,3,16,3.69,77500,20
GLD-R-1408,GLD-R-1408-4MM-4,14K,Yellow Gold,4,4,3.11,67500,20
GLD-R-1408,GLD-R-1408-4MM-4.5,14K,Yellow Gold,4,4.5,3.185,68500,20
GLD-R-1408,GLD-R-1408-4MM-5,14K,Yellow Gold,4,5,3.26,70000,20
GLD-R-1408,GLD-R-1408-4MM-5.5,14K,Yellow Gold,4,5.5,3.335,71500,20
GLD-R-1408,GLD-R-1408-4MM-6,14K,Yellow Gold,4,6,3.41,72500,20
GLD-R-1408,GLD-R-1408-4MM-6.5,14K,Yellow Gold,4,6.5,3.485,74000,20
GLD-R-1408,GLD-R-1408-4MM-7,14K,Yellow Gold,4,7,3.56,75000,20
GLD-R-1408,GLD-R-1408-4MM-7.5,14K,Yellow Gold,4,7.5,3.635,76500,20
GLD-R-1408,GLD-R-1408-4MM-8,14K,Yellow Gold,4,8,3.71,77500,20
GLD-R-1408,GLD-R-1408-4MM-8.5,14K,Yellow Gold,4,8.5,3.785,79000,20
GLD-R-1408,GLD-R-1408-4MM-9,14K,Yellow Gold,4,9,3.86,80000,20
GLD-R-1408,GLD-R-1408-4MM-9.5,14K,Yellow Gold,4,9.5,3.935,81500,20
GLD-R-1408,GLD-R-1408-4MM-10,14K,Yellow Gold,4,10,4.01,82500,20
GLD-R-1408,GLD-R-1408-4MM-10.5,14K,Yellow Gold,4,10.5,4.09,84000,20
GLD-R-1408,GLD-R-1408-4MM-11,14K,Yellow Gold,4,11,4.17,85500,20
GLD-R-1408,GLD-R-1408-4MM-11.5,14K,Yellow Gold,4,11.5,4.245,86500,20
GLD-R-1408,GLD-R-1408-4MM-12,14K,Yellow Gold,4,12,4.32,88000,20
GLD-R-1408,GLD-R-1408-4MM-12.5,14K,Yellow Gold,4,12.5,4.395,89000,20
GLD-R-1408,GLD-R-1408-4MM-13,14K,Yellow Gold,4,13,4.47,90500,20
GLD-R-1408,GLD-R-1408-4MM-13.5,14K,Yellow Gold,4,13.5,4.545,91500,20
GLD-R-1408,GLD-R-1408-4MM-14,14K,Yellow Gold,4,14,4.62,93000,20
GLD-R-1408,GLD-R-1408-4MM-14.5,14K,Yellow Gold,4,14.5,4.695,94000,20
GLD-R-1408,GLD-R-1408-4MM-15,14K,Yellow Gold,4,15,4.77,95500,20
GLD-R-1408,GLD-R-1408-4MM-15.5,14K,Yellow Gold,4,15.5,4.845,97000,20
GLD-R-1408,GLD-R-1408-4MM-16,14K,Yellow Gold,4,16,4.92,98000,20
GLD-R-1408,GLD-R-1408-5MM-4,14K,Yellow Gold,5,4,3.89,80500,20
GLD-R-1408,GLD-R-1408-5MM-4.5,14K,Yellow Gold,5,4.5,3.975,82000,20
GLD-R-1408,GLD-R-1408-5MM-5,14K,Yellow Gold,5,5,4.06,83500,20
GLD-R-1408,GLD-R-1408-5MM-5.5,14K,Yellow Gold,5,5.5,4.16,85000,20
GLD-R-1408,GLD-R-1408-5MM-6,14K,Yellow Gold,5,6,4.26,87000,20
GLD-R-1408,GLD-R-1408-5MM-6.5,14K,Yellow Gold,5,6.5,4.355,88500,20
GLD-R-1408,GLD-R-1408-5MM-7,14K,Yellow Gold,5,7,4.45,90000,20
GLD-R-1408,GLD-R-1408-5MM-7.5,14K,Yellow Gold,5,7.5,4.545,91500,20
GLD-R-1408,GLD-R-1408-5MM-8,14K,Yellow Gold,5,8,4.64,93500,20
GLD-R-1408,GLD-R-1408-5MM-8.5,14K,Yellow Gold,5,8.5,4.735,95000,20
GLD-R-1408,GLD-R-1408-5MM-9,14K,Yellow Gold,5,9,4.83,96500,20
GLD-R-1408,GLD-R-1408-5MM-9.5,14K,Yellow Gold,5,9.5,4.925,98000,20
GLD-R-1408,GLD-R-1408-5MM-10,14K,Yellow Gold,5,10,5.02,100000,20
GLD-R-1408,GLD-R-1408-5MM-10.5,14K,Yellow Gold,5,10.5,5.115,101500,20
GLD-R-1408,GLD-R-1408-5MM-11,14K,Yellow Gold,5,11,5.21,103000,20
GLD-R-1408,GLD-R-1408-5MM-11.5,14K,Yellow Gold,5,11.5,5.305,104500,20
GLD-R-1408,GLD-R-1408-5MM-12,14K,Yellow Gold,5,12,5.4,106000,20
GLD-R-1408,GLD-R-1408-5MM-12.5,14K,Yellow Gold,5,12.5,5.49,108000,20
GLD-R-1408,GLD-R-1408-5MM-13,14K,Yellow Gold,5,13,5.58,109500,20
GLD-R-1408,GLD-R-1408-5MM-13.5,14K,Yellow Gold,5,13.5,5.675,111000,20
GLD-R-1408,GLD-R-1408-5MM-14,14K,Yellow Gold,5,14,5.77,112500,20
GLD-R-1408,GLD-R-1408-5MM-14.5,14K,Yellow Gold,5,14.5,5.865,114000,20
GLD-R-1408,GLD-R-1408-5MM-15,14K,Yellow Gold,5,15,5.96,115500,20
GLD-R-1408,GLD-R-1408-5MM-15.5,14K,Yellow Gold,5,15.5,6.055,117500,20
GLD-R-1408,GLD-R-1408-5MM-16,14K,Yellow Gold,5,16,6.15,119000,20
GLD-R-1408,GLD-R-1408-6MM-4,14K,Yellow Gold,6,4,4.67,94000,20
GLD-R-1408,GLD-R-1408-6MM-4.5,14K,Yellow Gold,6,4.5,4.78,95500,20
GLD-R-1408,GLD-R-1408-6MM-5,14K,Yellow Gold,6,5,4.89,97500,20
GLD-R-1408,GLD-R-1408-6MM-5.5,14K,Yellow Gold,6,5.5,5.005,99500,20
GLD-R-1408,GLD-R-1408-6MM-6,14K,Yellow Gold,6,6,5.12,101500,20
GLD-R-1408,GLD-R-1408-6MM-6.5,14K,Yellow Gold,6,6.5,5.23,103500,20
GLD-R-1408,GLD-R-1408-6MM-7,14K,Yellow Gold,6,7,5.34,105000,20
GLD-R-1408,GLD-R-1408-6MM-7.5,14K,Yellow Gold,6,7.5,5.455,107000,20
GLD-R-1408,GLD-R-1408-6MM-8,14K,Yellow Gold,6,8,5.57,109000,20
GLD-R-1408,GLD-R-1408-6MM-8.5,14K,Yellow Gold,6,8.5,5.685,111000,20
GLD-R-1408,GLD-R-1408-6MM-9,14K,Yellow Gold,6,9,5.8,113000,20
GLD-R-1408,GLD-R-1408-6MM-9.5,14K,Yellow Gold,6,9.5,5.91,115000,20
GLD-R-1408,GLD-R-1408-6MM-10,14K,Yellow Gold,6,10,6.02,117000,20
GLD-R-1408,GLD-R-1408-6MM-10.5,14K,Yellow Gold,6,10.5,6.135,119000,20
GLD-R-1408,GLD-R-1408-6MM-11,14K,Yellow Gold,6,11,6.25,120500,20
GLD-R-1408,GLD-R-1408-6MM-11.5,14K,Yellow Gold,6,11.5,6.36,122500,20
GLD-R-1408,GLD-R-1408-6MM-12,14K,Yellow Gold,6,12,6.47,124500,20
GLD-R-1408,GLD-R-1408-6MM-12.5,14K,Yellow Gold,6,12.5,6.585,126500,20
GLD-R-1408,GLD-R-1408-6MM-13,14K,Yellow Gold,6,13,6.7,128000,20
GLD-R-1408,GLD-R-1408-6MM-13.5,14K,Yellow Gold,6,13.5,6.815,130000,20
GLD-R-1408,GLD-R-1408-6MM-14,14K,Yellow Gold,6,14,6.93,132000,20
GLD-R-1408,GLD-R-1408-6MM-14.5,14K,Yellow Gold,6,14.5,7.04,134000,20
GLD-R-1408,GLD-R-1408-6MM-15,14K,Yellow Gold,6,15,7.15,136000,20
GLD-R-1408,GLD-R-1408-6MM-15.5,14K,Yellow Gold,6,15.5,7.265,138000,20
GLD-R-1408,GLD-R-1408-6MM-16,14K,Yellow Gold,6,16,7.38,140000,20
GLD-R-1408,GLD-R-1408-7MM-4,14K,Yellow Gold,7,4,5.44,107000,20
GLD-R-1408,GLD-R-1408-7MM-4.5,14K,Yellow Gold,7,4.5,5.575,109000,20
GLD-R-1408,GLD-R-1408-7MM-5,14K,Yellow Gold,7,5,5.71,111500,20
GLD-R-1408,GLD-R-1408-7MM-5.5,14K,Yellow Gold,7,5.5,5.84,113500,20
GLD-R-1408,GLD-R-1408-7MM-6,14K,Yellow Gold,7,6,5.97,116000,20
GLD-R-1408,GLD-R-1408-7MM-6.5,14K,Yellow Gold,7,6.5,6.1,118000,20
GLD-R-1408,GLD-R-1408-7MM-7,14K,Yellow Gold,7,7,6.23,120500,20
GLD-R-1408,GLD-R-1408-7MM-7.5,14K,Yellow Gold,7,7.5,6.365,122500,20
GLD-R-1408,GLD-R-1408-7MM-8,14K,Yellow Gold,7,8,6.5,125000,20
GLD-R-1408,GLD-R-1408-7MM-8.5,14K,Yellow Gold,7,8.5,6.63,127000,20
GLD-R-1408,GLD-R-1408-7MM-9,14K,Yellow Gold,7,9,6.76,129500,20
GLD-R-1408,GLD-R-1408-7MM-9.5,14K,Yellow Gold,7,9.5,6.895,131500,20
GLD-R-1408,GLD-R-1408-7MM-10,14K,Yellow Gold,7,10,7.03,134000,20
GLD-R-1408,GLD-R-1408-7MM-10.5,14K,Yellow Gold,7,10.5,7.16,136000,20
GLD-R-1408,GLD-R-1408-7MM-11,14K,Yellow Gold,7,11,7.29,138000,20
GLD-R-1408,GLD-R-1408-7MM-11.5,14K,Yellow Gold,7,11.5,7.42,140500,20
GLD-R-1408,GLD-R-1408-7MM-12,14K,Yellow Gold,7,12,7.55,142500,20
GLD-R-1408,GLD-R-1408-7MM-12.5,14K,Yellow Gold,7,12.5,7.685,145000,20
GLD-R-1408,GLD-R-1408-7MM-13,14K,Yellow Gold,7,13,7.82,147500,20
GLD-R-1408,GLD-R-1408-7MM-13.5,14K,Yellow Gold,7,13.5,7.95,149500,20
GLD-R-1408,GLD-R-1408-7MM-14,14K,Yellow Gold,7,14,8.08,151500,20
GLD-R-1408,GLD-R-1408-7MM-14.5,14K,Yellow Gold,7,14.5,8.215,154000,20
GLD-R-1408,GLD-R-1408-7MM-15,14K,Yellow Gold,7,15,8.35,156000,20
GLD-R-1408,GLD-R-1408-7MM-15.5,14K,Yellow Gold,7,15.5,8.48,158500,20
GLD-R-1408,GLD-R-1408-7MM-16,14K,Yellow Gold,7,16,8.61,160500,20
GLD-R-1408,GLD-R-1408-8MM-4,14K,Yellow Gold,8,4,6.22,155000,20
GLD-R-1408,GLD-R-1408-8MM-4.5,14K,Yellow Gold,8,4.5,6.37,158000,20
GLD-R-1408,GLD-R-1408-8MM-5,14K,Yellow Gold,8,5,6.52,161500,20
GLD-R-1408,GLD-R-1408-8MM-5.5,14K,Yellow Gold,8,5.5,6.67,165000,20
GLD-R-1408,GLD-R-1408-8MM-6,14K,Yellow Gold,8,6,6.82,168000,20
GLD-R-1408,GLD-R-1408-8MM-6.5,14K,Yellow Gold,8,6.5,6.975,171500,20
GLD-R-1408,GLD-R-1408-8MM-7,14K,Yellow Gold,8,7,7.13,175000,20
GLD-R-1408,GLD-R-1408-8MM-7.5,14K,Yellow Gold,8,7.5,7.28,178000,20
GLD-R-1408,GLD-R-1408-8MM-8,14K,Yellow Gold,8,8,7.43,181500,20
GLD-R-1408,GLD-R-1408-8MM-8.5,14K,Yellow Gold,8,8.5,7.58,185000,20
GLD-R-1408,GLD-R-1408-8MM-9,14K,Yellow Gold,8,9,7.73,188000,20
GLD-R-1408,GLD-R-1408-8MM-9.5,14K,Yellow Gold,8,9.5,7.88,191500,20
GLD-R-1408,GLD-R-1408-8MM-10,14K,Yellow Gold,8,10,8.03,194500,20
GLD-R-1408,GLD-R-1408-8MM-10.5,14K,Yellow Gold,8,10.5,8.18,198000,20
GLD-R-1408,GLD-R-1408-8MM-11,14K,Yellow Gold,8,11,8.33,201000,20
GLD-R-1408,GLD-R-1408-8MM-11.5,14K,Yellow Gold,8,11.5,8.48,204500,20
GLD-R-1408,GLD-R-1408-8MM-12,14K,Yellow Gold,8,12,8.63,207500,20
GLD-R-1408,GLD-R-1408-8MM-12.5,14K,Yellow Gold,8,12.5,8.78,211000,20
GLD-R-1408,GLD-R-1408-8MM-13,14K,Yellow Gold,8,13,8.93,214000,20
GLD-R-1408,GLD-R-1408-8MM-13.5,14K,Yellow Gold,8,13.5,9.085,217500,20
GLD-R-1408,GLD-R-1408-8MM-14,14K,Yellow Gold,8,14,9.24,221000,20
GLD-R-1408,GLD-R-1408-8MM-14.5,14K,Yellow Gold,8,14.5,9.39,224500,20
GLD-R-1408,GLD-R-1408-8MM-15,14K,Yellow Gold,8,15,9.54,227500,20
GLD-R-1408,GLD-R-1408-8MM-15.5,14K,Yellow Gold,8,15.5,9.69,231000,20
GLD-R-1408,GLD-R-1408-8MM-16,14K,Yellow Gold,8,16,9.84,234000,20
GLD-R-1408,GLD-R-1408-9MM-4,14K,Yellow Gold,9,4,7.0,172000,20
GLD-R-1408,GLD-R-1408-9MM-4.5,14K,Yellow Gold,9,4.5,7.17,175500,20
GLD-R-1408,GLD-R-1408-9MM-5,14K,Yellow Gold,9,5,7.34,179500,20
GLD-R-1408,GLD-R-1408-9MM-5.5,14K,Yellow Gold,9,5.5,7.51,183000,20
GLD-R-1408,GLD-R-1408-9MM-6,14K,Yellow Gold,9,6,7.68,187000,20
GLD-R-1408,GLD-R-1408-9MM-6.5,14K,Yellow Gold,9,6.5,7.85,190500,20
GLD-R-1408,GLD-R-1408-9MM-7,14K,Yellow Gold,9,7,8.02,194500,20
GLD-R-1408,GLD-R-1408-9MM-7.5,14K,Yellow Gold,9,7.5,8.19,198000,20
GLD-R-1408,GLD-R-1408-9MM-8,14K,Yellow Gold,9,8,8.36,202000,20
GLD-R-1408,GLD-R-1408-9MM-8.5,14K,Yellow Gold,9,8.5,8.525,205500,20
GLD-R-1408,GLD-R-1408-9MM-9,14K,Yellow Gold,9,9,8.69,209000,20
GLD-R-1408,GLD-R-1408-9MM-9.5,14K,Yellow Gold,9,9.5,8.86,213000,20
GLD-R-1408,GLD-R-1408-9MM-10,14K,Yellow Gold,9,10,9.03,216500,20
GLD-R-1408,GLD-R-1408-9MM-10.5,14K,Yellow Gold,9,10.5,9.2,220000,20
GLD-R-1408,GLD-R-1408-9MM-11,14K,Yellow Gold,9,11,9.37,224000,20
GLD-R-1408,GLD-R-1408-9MM-11.5,14K,Yellow Gold,9,11.5,9.54,227500,20
GLD-R-1408,GLD-R-1408-9MM-12,14K,Yellow Gold,9,12,9.71,231500,20
GLD-R-1408,GLD-R-1408-9MM-12.5,14K,Yellow Gold,9,12.5,9.88,235000,20
GLD-R-1408,GLD-R-1408-9MM-13,14K,Yellow Gold,9,13,10.05,239000,20
GLD-R-1408,GLD-R-1408-9MM-13.5,14K,Yellow Gold,9,13.5,10.22,242500,20
GLD-R-1408,GLD-R-1408-9MM-14,14K,Yellow Gold,9,14,10.39,246000,20
GLD-R-1408,GLD-R-1408-9MM-14.5,14K,Yellow Gold,9,14.5,10.56,250000,20
GLD-R-1408,GLD-R-1408-9MM-15,14K,Yellow Gold,9,15,10.73,253500,20
GLD-R-1408,GLD-R-1408-9MM-15.5,14K,Yellow Gold,9,15.5,10.9,257500,20
GLD-R-1408,GLD-R-1408-9MM-16,14K,Yellow Gold,9,16,11.07,261000,20
GLD-R-1408,GLD-R-1408-10MM-4,14K,Yellow Gold,10,4,7.78,189000,20
GLD-R-1408,GLD-R-1408-10MM-4.5,14K,Yellow Gold,10,4.5,7.965,193000,20
GLD-R-1408,GLD-R-1408-10MM-5,14K,Yellow Gold,10,5,8.15,197000,20
GLD-R-1408,GLD-R-1408-10MM-5.5,14K,Yellow Gold,10,5.5,8.34,201500,20
GLD-R-1408,GLD-R-1408-10MM-6,14K,Yellow Gold,10,6,8.53,205500,20
GLD-R-1408,GLD-R-1408-10MM-6.5,14K,Yellow Gold,10,6.5,8.72,209500,20
GLD-R-1408,GLD-R-1408-10MM-7,14K,Yellow Gold,10,7,8.91,214000,20
GLD-R-1408,GLD-R-1408-10MM-7.5,14K,Yellow Gold,10,7.5,9.095,218000,20
GLD-R-1408,GLD-R-1408-10MM-8,14K,Yellow Gold,10,8,9.28,222000,20
GLD-R-1408,GLD-R-1408-10MM-8.5,14K,Yellow Gold,10,8.5,9.47,226000,20
GLD-R-1408,GLD-R-1408-10MM-9,14K,Yellow Gold,10,9,9.66,230000,20
GLD-R-1408,GLD-R-1408-10MM-9.5,14K,Yellow Gold,10,9.5,9.85,234500,20
GLD-R-1408,GLD-R-1408-10MM-10,14K,Yellow Gold,10,10,10.04,238500,20
GLD-R-1408,GLD-R-1408-10MM-10.5,14K,Yellow Gold,10,10.5,10.225,242500,20
GLD-R-1408,GLD-R-1408-10MM-11,14K,Yellow Gold,10,11,10.41,246500,20
GLD-R-1408,GLD-R-1408-10MM-11.5,14K,Yellow Gold,10,11.5,10.6,251000,20
GLD-R-1408,GLD-R-1408-10MM-12,14K,Yellow Gold,10,12,10.79,255000,20
GLD-R-1408,GLD-R-1408-10MM-12.5,14K,Yellow Gold,10,12.5,10.98,259000,20
GLD-R-1408,GLD-R-1408-10MM-13,14K,Yellow Gold,10,13,11.17,263500,20
GLD-R-1408,GLD-R-1408-10MM-13.5,14K,Yellow Gold,10,13.5,11.36,267500,20
GLD-R-1408,GLD-R-1408-10MM-14,14K,Yellow Gold,10,14,11.55,271500,20
GLD-R-1408,GLD-R-1408-10MM-14.5,14K,Yellow Gold,10,14.5,11.735,275500,20
GLD-R-1408,GLD-R-1408-10MM-15,14K,Yellow Gold,10,15,11.92,279500,20
GLD-R-1408,GLD-R-1408-10MM-15.5,14K,Yellow Gold,10,15.5,12.11,284000,20
GLD-R-1408,GLD-R-1408-10MM-16,14K,Yellow Gold,10,16,12.3,288000,20
GLD-R-1408,GLD-R-1408-11MM-4,14K,Yellow Gold,11,4,8.55,206000,20
GLD-R-1408,GLD-R-1408-11MM-4.5,14K,Yellow Gold,11,4.5,8.76,210500,20
GLD-R-1408,GLD-R-1408-11MM-5,14K,Yellow Gold,11,5,8.97,215000,20
GLD-R-1408,GLD-R-1408-11MM-5.5,14K,Yellow Gold,11,5.5,9.175,219500,20
GLD-R-1408,GLD-R-1408-11MM-6,14K,Yellow Gold,11,6,9.38,224000,20
GLD-R-1408,GLD-R-1408-11MM-6.5,14K,Yellow Gold,11,6.5,9.59,228500,20
GLD-R-1408,GLD-R-1408-11MM-7,14K,Yellow Gold,11,7,9.8,233500,20
GLD-R-1408,GLD-R-1408-11MM-7.5,14K,Yellow Gold,11,7.5,10.005,237500,20
GLD-R-1408,GLD-R-1408-11MM-8,14K,Yellow Gold,11,8,10.21,242000,20
GLD-R-1408,GLD-R-1408-11MM-8.5,14K,Yellow Gold,11,8.5,10.42,247000,20
GLD-R-1408,GLD-R-1408-11MM-9,14K,Yellow Gold,11,9,10.63,251500,20
GLD-R-1408,GLD-R-1408-11MM-9.5,14K,Yellow Gold,11,9.5,10.835,256000,20
GLD-R-1408,GLD-R-1408-11MM-10,14K,Yellow Gold,11,10,11.04,260500,20
GLD-R-1408,GLD-R-1408-11MM-10.5,14K,Yellow Gold,11,10.5,11.25,265000,20
GLD-R-1408,GLD-R-1408-11MM-11,14K,Yellow Gold,11,11,11.46,269500,20
GLD-R-1408,GLD-R-1408-11MM-11.5,14K,Yellow Gold,11,11.5,11.665,274000,20
GLD-R-1408,GLD-R-1408-11MM-12,14K,Yellow Gold,11,12,11.87,278500,20
GLD-R-1408,GLD-R-1408-11MM-12.5,14K,Yellow Gold,11,12.5,12.08,283000,20
GLD-R-1408,GLD-R-1408-11MM-13,14K,Yellow Gold,11,13,12.29,287500,20
GLD-R-1408,GLD-R-1408-11MM-13.5,14K,Yellow Gold,11,13.5,12.495,292000,20
GLD-R-1408,GLD-R-1408-11MM-14,14K,Yellow Gold,11,14,12.7,297000,20
GLD-R-1408,GLD-R-1408-11MM-14.5,14K,Yellow Gold,11,14.5,12.905,301000,20
GLD-R-1408,GLD-R-1408-11MM-15,14K,Yellow Gold,11,15,13.11,305500,20
GLD-R-1408,GLD-R-1408-11MM-15.5,14K,Yellow Gold,11,15.5,13.32,310000,20
GLD-R-1408,GLD-R-1408-11MM-16,14K,Yellow Gold,11,16,13.53,315000,20
GLD-R-1408,GLD-R-1408-12MM-4,14K,Yellow Gold,12,4,9.33,223000,20
GLD-R-1408,GLD-R-1408-12MM-4.5,14K,Yellow Gold,12,4.5,9.555,228000,20
GLD-R-1408,GLD-R-1408-12MM-5,14K,Yellow Gold,12,5,9.78,233000,20
GLD-R-1408,GLD-R-1408-12MM-5.5,14K,Yellow Gold,12,5.5,10.01,238000,20
GLD-R-1408,GLD-R-1408-12MM-6,14K,Yellow Gold,12,6,10.24,243000,20
GLD-R-1408,GLD-R-1408-12MM-6.5,14K,Yellow Gold,12,6.5,10.465,248000,20
GLD-R-1408,GLD-R-1408-12MM-7,14K,Yellow Gold,12,7,10.69,253000,20
GLD-R-1408,GLD-R-1408-12MM-7.5,14K,Yellow Gold,12,7.5,10.915,257500,20
GLD-R-1408,GLD-R-1408-12MM-8,14K,Yellow Gold,12,8,11.14,262500,20
GLD-R-1408,GLD-R-1408-12MM-8.5,14K,Yellow Gold,12,8.5,11.365,267500,20
GLD-R-1408,GLD-R-1408-12MM-9,14K,Yellow Gold,12,9,11.59,272500,20
GLD-R-1408,GLD-R-1408-12MM-9.5,14K,Yellow Gold,12,9.5,11.815,277500,20
GLD-R-1408,GLD-R-1408-12MM-10,14K,Yellow Gold,12,10,12.04,282000,20
GLD-R-1408,GLD-R-1408-12MM-10.5,14K,Yellow Gold,12,10.5,12.27,287500,20
GLD-R-1408,GLD-R-1408-12MM-11,14K,Yellow Gold,12,11,12.5,292500,20
GLD-R-1408,GLD-R-1408-12MM-11.5,14K,Yellow Gold,12,11.5,12.725,297500,20
GLD-R-1408,GLD-R-1408-12MM-12,14K,Yellow Gold,12,12,12.95,302000,20
GLD-R-1408,GLD-R-1408-12MM-12.5,14K,Yellow Gold,12,12.5,13.175,307000,20
GLD-R-1408,GLD-R-1408-12MM-13,14K,Yellow Gold,12,13,13.4,312000,20
GLD-R-1408,GLD-R-1408-12MM-13.5,14K,Yellow Gold,12,13.5,13.625,317000,20
GLD-R-1408,GLD-R-1408-12MM-14,14K,Yellow Gold,12,14,13.85,322000,20
GLD-R-1408,GLD-R-1408-12MM-14.5,14K,Yellow Gold,12,14.5,14.08,327000,20
GLD-R-1408,GLD-R-1408-12MM-15,14K,Yellow Gold,12,15,14.31,332000,20
GLD-R-1408,GLD-R-1408-12MM-15.5,14K,Yellow Gold,12,15.5,14.535,337000,20
GLD-R-1408,GLD-R-1408-12MM-16,14K,Yellow Gold,12,16,14.76,341500,20
GLD-R-1808,GLD-R-1808-3MM-4,18K,Yellow Gold,3,4,2.64,72000,20
GLD-R-1808,GLD-R-1808-3MM-4.5,18K,Yellow Gold,3,4.5,2.7,73500,20
GLD-R-1808,GLD-R-1808-3MM-5,18K,Yellow Gold,3,5,2.76,75000,20
GLD-R-1808,GLD-R-1808-3MM-5.5,18K,Yellow Gold,3,5.5,2.82,76000,20
GLD-R-1808,GLD-R-1808-3MM-6,18K,Yellow Gold,3,6,2.88,77500,20
GLD-R-1808,GLD-R-1808-3MM-6.5,18K,Yellow Gold,3,6.5,2.94,79000,20
GLD-R-1808,GLD-R-1808-3MM-7,18K,Yellow Gold,3,7,3.0,80000,20
GLD-R-1808,GLD-R-1808-3MM-7.5,18K,Yellow Gold,3,7.5,3.06,81500,20
GLD-R-1808,GLD-R-1808-3MM-8,18K,Yellow Gold,3,8,3.12,83000,20
GLD-R-1808,GLD-R-1808-3MM-8.5,18K,Yellow Gold,3,8.5,3.18,84000,20
GLD-R-1808,GLD-R-1808-3MM-9,18K,Yellow Gold,3,9,3.24,85500,20
GLD-R-1808,GLD-R-1808-3MM-9.5,18K,Yellow Gold,3,9.5,3.3,86500,20
GLD-R-1808,GLD-R-1808-3MM-10,18K,Yellow Gold,3,10,3.36,88000,20
GLD-R-1808,GLD-R-1808-3MM-10.5,18K,Yellow Gold,3,10.5,3.42,89500,20
GLD-R-1808,GLD-R-1808-3MM-11,18K,Yellow Gold,3,11,3.48,90500,20
GLD-R-1808,GLD-R-1808-3MM-11.5,18K,Yellow Gold,3,11.5,3.54,92000,20
GLD-R-1808,GLD-R-1808-3MM-12,18K,Yellow Gold,3,12,3.6,93000,20
GLD-R-1808,GLD-R-1808-3MM-12.5,18K,Yellow Gold,3,12.5,3.66,94500,20
GLD-R-1808,GLD-R-1808-3MM-13,18K,Yellow Gold,3,13,3.72,96000,20
GLD-R-1808,GLD-R-1808-3MM-13.5,18K,Yellow Gold,3,13.5,3.785,97500,20
GLD-R-1808,GLD-R-1808-3MM-14,18K,Yellow Gold,3,14,3.85,98500,20
GLD-R-1808,GLD-R-1808-3MM-14.5,18K,Yellow Gold,3,14.5,3.93,100500,20
GLD-R-1808,GLD-R-1808-3MM-15,18K,Yellow Gold,3,15,4.01,102000,20
GLD-R-1808,GLD-R-1808-3MM-15.5,18K,Yellow Gold,3,15.5,4.045,103000,20
GLD-R-1808,GLD-R-1808-3MM-16,18K,Yellow Gold,3,16,4.08,103500,20
GLD-R-1808,GLD-R-1808-4MM-4,18K,Yellow Gold,4,4,3.6,93000,20
GLD-R-1808,GLD-R-1808-4MM-4.5,18K,Yellow Gold,4,4.5,3.67,95000,20
GLD-R-1808,GLD-R-1808-4MM-5,18K,Yellow Gold,4,5,3.74,96000,20
GLD-R-1808,GLD-R-1808-4MM-5.5,18K,Yellow Gold,4,5.5,3.815,98000,20
GLD-R-1808,GLD-R-1808-4MM-6,18K,Yellow Gold,4,6,3.89,99500,20
GLD-R-1808,GLD-R-1808-4MM-6.5,18K,Yellow Gold,4,6.5,3.965,101000,20
GLD-R-1808,GLD-R-1808-4MM-7,18K,Yellow Gold,4,7,4.04,103000,20
GLD-R-1808,GLD-R-1808-4MM-7.5,18K,Yellow Gold,4,7.5,4.115,104500,20
GLD-R-1808,GLD-R-1808-4MM-8,18K,Yellow Gold,4,8,4.19,106000,20
GLD-R-1808,GLD-R-1808-4MM-8.5,18K,Yellow Gold,4,8.5,4.26,107500,20
GLD-R-1808,GLD-R-1808-4MM-9,18K,Yellow Gold,4,9,4.33,109000,20
GLD-R-1808,GLD-R-1808-4MM-9.5,18K,Yellow Gold,4,9.5,4.405,111000,20
GLD-R-1808,GLD-R-1808-4MM-10,18K,Yellow Gold,4,10,4.48,112500,20
GLD-R-1808,GLD-R-1808-4MM-10.5,18K,Yellow Gold,4,10.5,4.555,114000,20
GLD-R-1808,GLD-R-1808-4MM-11,18K,Yellow Gold,4,11,4.63,115500,20
GLD-R-1808,GLD-R-1808-4MM-11.5,18K,Yellow Gold,4,11.5,4.705,117500,20
GLD-R-1808,GLD-R-1808-4MM-12,18K,Yellow Gold,4,12,4.78,119000,20
GLD-R-1808,GLD-R-1808-4MM-12.5,18K,Yellow Gold,4,12.5,4.85,120500,20
GLD-R-1808,GLD-R-1808-4MM-13,18K,Yellow Gold,4,13,4.92,122000,20
GLD-R-1808,GLD-R-1808-4MM-13.5,18K,Yellow Gold,4,13.5,4.98,123500,20
GLD-R-1808,GLD-R-1808-4MM-14,18K,Yellow Gold,4,14,5.04,124500,20
GLD-R-1808,GLD-R-1808-4MM-14.5,18K,Yellow Gold,4,14.5,5.105,126000,20
GLD-R-1808,GLD-R-1808-4MM-15,18K,Yellow Gold,4,15,5.17,127500,20
GLD-R-1808,GLD-R-1808-4MM-15.5,18K,Yellow Gold,4,15.5,5.285,130000,20
GLD-R-1808,GLD-R-1808-4MM-16,18K,Yellow Gold,4,16,5.4,132500,20
GLD-R-1808,GLD-R-1808-5MM-4,18K,Yellow Gold,5,4,4.56,114000,20
GLD-R-1808,GLD-R-1808-5MM-4.5,18K,Yellow Gold,5,4.5,4.655,116000,20
GLD-R-1808,GLD-R-1808-5MM-5,18K,Yellow Gold,5,5,4.75,118000,20
GLD-R-1808,GLD-R-1808-5MM-5.5,18K,Yellow Gold,5,5.5,4.84,120000,20
GLD-R-1808,GLD-R-1808-5MM-6,18K,Yellow Gold,5,6,4.93,122000,20
GLD-R-1808,GLD-R-1808-5MM-6.5,18K,Yellow Gold,5,6.5,5.025,124000,20
GLD-R-1808,GLD-R-1808-5MM-7,18K,Yellow Gold,5,7,5.12,126500,20
GLD-R-1808,GLD-R-1808-5MM-7.5,18K,Yellow Gold,5,7.5,5.21,128500,20
GLD-R-1808,GLD-R-1808-5MM-8,18K,Yellow Gold,5,8,5.3,130000,20
GLD-R-1808,GLD-R-1808-5MM-8.5,18K,Yellow Gold,5,8.5,5.4,132500,20
GLD-R-1808,GLD-R-1808-5MM-9,18K,Yellow Gold,5,9,5.5,134500,20
GLD-R-1808,GLD-R-1808-5MM-9.5,18K,Yellow Gold,5,9.5,5.59,136500,20
GLD-R-1808,GLD-R-1808-5MM-10,18K,Yellow Gold,5,10,5.68,138500,20
GLD-R-1808,GLD-R-1808-5MM-10.5,18K,Yellow Gold,5,10.5,5.775,140500,20
GLD-R-1808,GLD-R-1808-5MM-11,18K,Yellow Gold,5,11,5.87,143000,20
GLD-R-1808,GLD-R-1808-5MM-11.5,18K,Yellow Gold,5,11.5,5.96,144500,20
GLD-R-1808,GLD-R-1808-5MM-12,18K,Yellow Gold,5,12,6.05,146500,20
GLD-R-1808,GLD-R-1808-5MM-12.5,18K,Yellow Gold,5,12.5,6.145,149000,20
GLD-R-1808,GLD-R-1808-5MM-13,18K,Yellow Gold,5,13,6.24,151000,20
GLD-R-1808,GLD-R-1808-5MM-13.5,18K,Yellow Gold,5,13.5,6.305,152000,20
GLD-R-1808,GLD-R-1808-5MM-14,18K,Yellow Gold,5,14,6.37,153500,20
GLD-R-1808,GLD-R-1808-5MM-14.5,18K,Yellow Gold,5,14.5,6.435,155000,20
GLD-R-1808,GLD-R-1808-5MM-15,18K,Yellow Gold,5,15,6.5,156500,20
GLD-R-1808,GLD-R-1808-5MM-15.5,18K,Yellow Gold,5,15.5,6.755,162000,20
GLD-R-1808,GLD-R-1808-5MM-16,18K,Yellow Gold,5,16,7.01,167500,20
GLD-R-1808,GLD-R-1808-6MM-4,18K,Yellow Gold,6,4,5.4,132500,20
GLD-R-1808,GLD-R-1808-6MM-4.5,18K,Yellow Gold,6,4.5,5.515,135000,20
GLD-R-1808,GLD-R-1808-6MM-5,18K,Yellow Gold,6,5,5.63,137500,20
GLD-R-1808,GLD-R-1808-6MM-5.5,18K,Yellow Gold,6,5.5,5.745,140000,20
GLD-R-1808,GLD-R-1808-6MM-6,18K,Yellow Gold,6,6,5.86,142500,20
GLD-R-1808,GLD-R-1808-6MM-6.5,18K,Yellow Gold,6,6.5,5.97,145000,20
GLD-R-1808,GLD-R-1808-6MM-7,18K,Yellow Gold,6,7,6.08,147500,20
GLD-R-1808,GLD-R-1808-6MM-7.5,18K,Yellow Gold,6,7.5,6.195,150000,20
GLD-R-1808,GLD-R-1808-6MM-8,18K,Yellow Gold,6,8,6.31,152500,20
GLD-R-1808,GLD-R-1808-6MM-8.5,18K,Yellow Gold,6,8.5,6.42,155000,20
GLD-R-1808,GLD-R-1808-6MM-9,18K,Yellow Gold,6,9,6.53,157000,20
GLD-R-1808,GLD-R-1808-6MM-9.5,18K,Yellow Gold,6,9.5,6.645,159500,20
GLD-R-1808,GLD-R-1808-6MM-10,18K,Yellow Gold,6,10,6.76,162000,20
GLD-R-1808,GLD-R-1808-6MM-10.5,18K,Yellow Gold,6,10.5,6.87,164500,20
GLD-R-1808,GLD-R-1808-6MM-11,18K,Yellow Gold,6,11,6.98,167000,20
GLD-R-1808,GLD-R-1808-6MM-11.5,18K,Yellow Gold,6,11.5,7.095,169500,20
GLD-R-1808,GLD-R-1808-6MM-12,18K,Yellow Gold,6,12,7.21,172000,20
GLD-R-1808,GLD-R-1808-6MM-12.5,18K,Yellow Gold,6,12.5,7.325,174500,20
GLD-R-1808,GLD-R-1808-6MM-13,18K,Yellow Gold,6,13,7.44,177000,20
GLD-R-1808,GLD-R-1808-6MM-13.5,18K,Yellow Gold,6,13.5,7.505,178500,20
GLD-R-1808,GLD-R-1808-6MM-14,18K,Yellow Gold,6,14,7.57,180000,20
GLD-R-1808,GLD-R-1808-6MM-14.5,18K,Yellow Gold,6,14.5,7.75,183500,20
GLD-R-1808,GLD-R-1808-6MM-15,18K,Yellow Gold,6,15,7.93,187500,20
GLD-R-1808,GLD-R-1808-6MM-15.5,18K,Yellow Gold,6,15.5,8.045,190000,20
GLD-R-1808,GLD-R-1808-6MM-16,18K,Yellow Gold,6,16,8.16,192500,20
GLD-R-1808,GLD-R-1808-7MM-4,18K,Yellow Gold,7,4,5.88,143000,20
GLD-R-1808,GLD-R-1808-7MM-4.5,18K,Yellow Gold,7,4.5,6.01,146000,20
GLD-R-1808,GLD-R-1808-7MM-5,18K,Yellow Gold,7,5,6.14,148500,20
GLD-R-1808,GLD-R-1808-7MM-5.5,18K,Yellow Gold,7,5.5,6.275,151500,20
GLD-R-1808,GLD-R-1808-7MM-6,18K,Yellow Gold,7,6,6.41,154500,20
GLD-R-1808,GLD-R-1808-7MM-6.5,18K,Yellow Gold,7,6.5,6.545,157500,20
GLD-R-1808,GLD-R-1808-7MM-7,18K,Yellow Gold,7,7,6.68,160500,20
GLD-R-1808,GLD-R-1808-7MM-7.5,18K,Yellow Gold,7,7.5,6.815,163500,20
GLD-R-1808,GLD-R-1808-7MM-8,18K,Yellow Gold,7,8,6.95,166000,20
GLD-R-1808,GLD-R-1808-7MM-8.5,18K,Yellow Gold,7,8.5,7.08,169000,20
GLD-R-1808,GLD-R-1808-7MM-9,18K,Yellow Gold,7,9,7.21,172000,20
GLD-R-1808,GLD-R-1808-7MM-9.5,18K,Yellow Gold,7,9.5,7.345,175000,20
GLD-R-1808,GLD-R-1808-7MM-10,18K,Yellow Gold,7,10,7.48,178000,20
GLD-R-1808,GLD-R-1808-7MM-10.5,18K,Yellow Gold,7,10.5,7.615,181000,20
GLD-R-1808,GLD-R-1808-7MM-11,18K,Yellow Gold,7,11,7.75,183500,20
GLD-R-1808,GLD-R-1808-7MM-11.5,18K,Yellow Gold,7,11.5,7.885,186500,20
GLD-R-1808,GLD-R-1808-7MM-12,18K,Yellow Gold,7,12,8.02,189500,20
GLD-R-1808,GLD-R-1808-7MM-12.5,18K,Yellow Gold,7,12.5,8.15,192500,20
GLD-R-1808,GLD-R-1808-7MM-13,18K,Yellow Gold,7,13,8.28,195500,20
GLD-R-1808,GLD-R-1808-7MM-13.5,18K,Yellow Gold,7,13.5,8.34,196500,20
GLD-R-1808,GLD-R-1808-7MM-14,18K,Yellow Gold,7,14,8.4,198000,20
GLD-R-1808,GLD-R-1808-7MM-14.5,18K,Yellow Gold,7,14.5,8.52,200500,20
GLD-R-1808,GLD-R-1808-7MM-15,18K,Yellow Gold,7,15,8.64,203000,20
GLD-R-1808,GLD-R-1808-7MM-15.5,18K,Yellow Gold,7,15.5,8.88,208500,20
GLD-R-1808,GLD-R-1808-7MM-16,18K,Yellow Gold,7,16,9.12,213500,20
GLD-R-1808,GLD-R-1808-8MM-4,18K,Yellow Gold,8,4,6.48,201500,20
GLD-R-1808,GLD-R-1808-8MM-4.5,18K,Yellow Gold,8,4.5,6.625,205500,20
GLD-R-1808,GLD-R-1808-8MM-5,18K,Yellow Gold,8,5,6.77,209500,20
GLD-R-1808,GLD-R-1808-8MM-5.5,18K,Yellow Gold,8,5.5,6.92,213500,20
GLD-R-1808,GLD-R-1808-8MM-6,18K,Yellow Gold,8,6,7.07,218000,20
GLD-R-1808,GLD-R-1808-8MM-6.5,18K,Yellow Gold,8,6.5,7.215,222000,20
GLD-R-1808,GLD-R-1808-8MM-7,18K,Yellow Gold,8,7,7.36,226000,20
GLD-R-1808,GLD-R-1808-8MM-7.5,18K,Yellow Gold,8,7.5,7.51,230000,20
GLD-R-1808,GLD-R-1808-8MM-8,18K,Yellow Gold,8,8,7.66,234500,20
GLD-R-1808,GLD-R-1808-8MM-8.5,18K,Yellow Gold,8,8.5,7.8,238500,20
GLD-R-1808,GLD-R-1808-8MM-9,18K,Yellow Gold,8,9,7.94,242500,20
GLD-R-1808,GLD-R-1808-8MM-9.5,18K,Yellow Gold,8,9.5,8.09,246500,20
GLD-R-1808,GLD-R-1808-8MM-10,18K,Yellow Gold,8,10,8.24,251000,20
GLD-R-1808,GLD-R-1808-8MM-10.5,18K,Yellow Gold,8,10.5,8.385,255000,20
GLD-R-1808,GLD-R-1808-8MM-11,18K,Yellow Gold,8,11,8.53,259000,20
GLD-R-1808,GLD-R-1808-8MM-11.5,18K,Yellow Gold,8,11.5,8.68,263000,20
GLD-R-1808,GLD-R-1808-8MM-12,18K,Yellow Gold,8,12,8.83,267500,20
GLD-R-1808,GLD-R-1808-8MM-12.5,18K,Yellow Gold,8,12.5,8.975,271500,20
GLD-R-1808,GLD-R-1808-8MM-13,18K,Yellow Gold,8,13,9.12,275500,20
GLD-R-1808,GLD-R-1808-8MM-13.5,18K,Yellow Gold,8,13.5,9.24,279000,20
GLD-R-1808,GLD-R-1808-8MM-14,18K,Yellow Gold,8,14,9.36,282000,20
GLD-R-1808,GLD-R-1808-8MM-14.5,18K,Yellow Gold,8,14.5,9.48,285500,20
GLD-R-1808,GLD-R-1808-8MM-15,18K,Yellow Gold,8,15,9.6,289000,20
GLD-R-1808,GLD-R-1808-8MM-15.5,18K,Yellow Gold,8,15.5,9.78,294000,20
GLD-R-1808,GLD-R-1808-8MM-16,18K,Yellow Gold,8,16,9.96,299000,20
GLD-R-1808,GLD-R-1808-9MM-4,18K,Yellow Gold,9,4,7.98,243500,20
GLD-R-1808,GLD-R-1808-9MM-4.5,18K,Yellow Gold,9,4.5,8.17,249000,20
GLD-R-1808,GLD-R-1808-9MM-5,18K,Yellow Gold,9,5,8.36,254000,20
GLD-R-1808,GLD-R-1808-9MM-5.5,18K,Yellow Gold,9,5.5,8.555,259500,20
GLD-R-1808,GLD-R-1808-9MM-6,18K,Yellow Gold,9,6,8.75,265000,20
GLD-R-1808,GLD-R-1808-9MM-6.5,18K,Yellow Gold,9,6.5,8.945,270500,20
GLD-R-1808,GLD-R-1808-9MM-7,18K,Yellow Gold,9,7,9.14,276000,20
GLD-R-1808,GLD-R-1808-9MM-7.5,18K,Yellow Gold,9,7.5,9.33,281500,20
GLD-R-1808,GLD-R-1808-9MM-8,18K,Yellow Gold,9,8,9.52,287000,20
GLD-R-1808,GLD-R-1808-9MM-8.5,18K,Yellow Gold,9,8.5,9.715,292000,20
GLD-R-1808,GLD-R-1808-9MM-9,18K,Yellow Gold,9,9,9.91,298000,20
GLD-R-1808,GLD-R-1808-9MM-9.5,18K,Yellow Gold,9,9.5,10.105,303500,20
GLD-R-1808,GLD-R-1808-9MM-10,18K,Yellow Gold,9,10,10.3,309000,20
GLD-R-1808,GLD-R-1808-9MM-10.5,18K,Yellow Gold,9,10.5,10.495,314000,20
GLD-R-1808,GLD-R-1808-9MM-11,18K,Yellow Gold,9,11,10.69,319500,20
GLD-R-1808,GLD-R-1808-9MM-11.5,18K,Yellow Gold,9,11.5,10.88,325000,20
GLD-R-1808,GLD-R-1808-9MM-12,18K,Yellow Gold,9,12,11.07,330500,20
GLD-R-1808,GLD-R-1808-9MM-12.5,18K,Yellow Gold,9,12.5,11.265,336000,20
GLD-R-1808,GLD-R-1808-9MM-13,18K,Yellow Gold,9,13,11.46,341500,20
GLD-R-1808,GLD-R-1808-9MM-13.5,18K,Yellow Gold,9,13.5,11.655,347000,20
GLD-R-1808,GLD-R-1808-9MM-14,18K,Yellow Gold,9,14,11.85,352500,20
GLD-R-1808,GLD-R-1808-9MM-14.5,18K,Yellow Gold,9,14.5,12.04,357500,20
GLD-R-1808,GLD-R-1808-9MM-15,18K,Yellow Gold,9,15,12.23,363000,20
GLD-R-1808,GLD-R-1808-9MM-15.5,18K,Yellow Gold,9,15.5,12.425,368500,20
GLD-R-1808,GLD-R-1808-9MM-16,18K,Yellow Gold,9,16,12.62,374000,20
GLD-R-1808,GLD-R-1808-10MM-4,18K,Yellow Gold,10,4,8.86,268000,20
GLD-R-1808,GLD-R-1808-10MM-4.5,18K,Yellow Gold,10,4.5,9.075,274000,20
GLD-R-1808,GLD-R-1808-10MM-5,18K,Yellow Gold,10,5,9.29,280500,20
GLD-R-1808,GLD-R-1808-10MM-5.5,18K,Yellow Gold,10,5.5,9.505,286500,20
GLD-R-1808,GLD-R-1808-10MM-6,18K,Yellow Gold,10,6,9.72,292500,20
GLD-R-1808,GLD-R-1808-10MM-6.5,18K,Yellow Gold,10,6.5,9.935,298500,20
GLD-R-1808,GLD-R-1808-10MM-7,18K,Yellow Gold,10,7,10.15,304500,20
GLD-R-1808,GLD-R-1808-10MM-7.5,18K,Yellow Gold,10,7.5,10.365,310500,20
GLD-R-1808,GLD-R-1808-10MM-8,18K,Yellow Gold,10,8,10.58,316500,20
GLD-R-1808,GLD-R-1808-10MM-8.5,18K,Yellow Gold,10,8.5,10.795,322500,20
GLD-R-1808,GLD-R-1808-10MM-9,18K,Yellow Gold,10,9,11.01,329000,20
GLD-R-1808,GLD-R-1808-10MM-9.5,18K,Yellow Gold,10,9.5,11.225,335000,20
GLD-R-1808,GLD-R-1808-10MM-10,18K,Yellow Gold,10,10,11.44,341000,20
GLD-R-1808,GLD-R-1808-10MM-10.5,18K,Yellow Gold,10,10.5,11.51,343000,20
GLD-R-1808,GLD-R-1808-10MM-11,18K,Yellow Gold,10,11,11.58,345000,20
GLD-R-1808,GLD-R-1808-10MM-11.5,18K,Yellow Gold,10,11.5,11.94,355000,20
GLD-R-1808,GLD-R-1808-10MM-12,18K,Yellow Gold,10,12,12.3,365000,20
GLD-R-1808,GLD-R-1808-10MM-12.5,18K,Yellow Gold,10,12.5,12.515,371000,20
GLD-R-1808,GLD-R-1808-10MM-13,18K,Yellow Gold,10,13,12.73,377000,20
GLD-R-1808,GLD-R-1808-10MM-13.5,18K,Yellow Gold,10,13.5,12.945,383000,20
GLD-R-1808,GLD-R-1808-10MM-14,18K,Yellow Gold,10,14,13.16,389000,20
GLD-R-1808,GLD-R-1808-10MM-14.5,18K,Yellow Gold,10,14.5,13.375,395500,20
GLD-R-1808,GLD-R-1808-10MM-15,18K,Yellow Gold,10,15,13.59,401500,20
GLD-R-1808,GLD-R-1808-10MM-15.5,18K,Yellow Gold,10,15.5,13.805,407500,20
GLD-R-1808,GLD-R-1808-10MM-16,18K,Yellow Gold,10,16,14.02,413500,20
GLD-R-1808,GLD-R-1808-11MM-4,18K,Yellow Gold,11,4,9.75,293500,20
GLD-R-1808,GLD-R-1808-11MM-4.5,18K,Yellow Gold,11,4.5,9.985,300000,20
GLD-R-1808,GLD-R-1808-11MM-5,18K,Yellow Gold,11,5,10.22,306500,20
GLD-R-1808,GLD-R-1808-11MM-5.5,18K,Yellow Gold,11,5.5,10.46,313500,20
GLD-R-1808,GLD-R-1808-11MM-6,18K,Yellow Gold,11,6,10.7,320000,20
GLD-R-1808,GLD-R-1808-11MM-6.5,18K,Yellow Gold,11,6.5,10.935,326500,20
GLD-R-1808,GLD-R-1808-11MM-7,18K,Yellow Gold,11,7,11.17,333000,20
GLD-R-1808,GLD-R-1808-11MM-7.5,18K,Yellow Gold,11,7.5,11.405,340000,20
GLD-R-1808,GLD-R-1808-11MM-8,18K,Yellow Gold,11,8,11.64,346500,20
GLD-R-1808,GLD-R-1808-11MM-8.5,18K,Yellow Gold,11,8.5,11.875,353000,20
GLD-R-1808,GLD-R-1808-11MM-9,18K,Yellow Gold,11,9,12.11,359500,20
GLD-R-1808,GLD-R-1808-11MM-9.5,18K,Yellow Gold,11,9.5,12.35,366500,20
GLD-R-1808,GLD-R-1808-11MM-10,18K,Yellow Gold,11,10,12.59,373000,20
GLD-R-1808,GLD-R-1808-11MM-10.5,18K,Yellow Gold,11,10.5,12.825,380000,20
GLD-R-1808,GLD-R-1808-11MM-11,18K,Yellow Gold,11,11,13.06,386500,20
GLD-R-1808,GLD-R-1808-11MM-11.5,18K,Yellow Gold,11,11.5,13.295,393000,20
GLD-R-1808,GLD-R-1808-11MM-12,18K,Yellow Gold,11,12,13.53,399500,20
GLD-R-1808,GLD-R-1808-11MM-12.5,18K,Yellow Gold,11,12.5,13.77,406500,20
GLD-R-1808,GLD-R-1808-11MM-13,18K,Yellow Gold,11,13,14.01,413000,20
GLD-R-1808,GLD-R-1808-11MM-13.5,18K,Yellow Gold,11,13.5,14.245,419500,20
GLD-R-1808,GLD-R-1808-11MM-14,18K,Yellow Gold,11,14,14.48,426500,20
GLD-R-1808,GLD-R-1808-11MM-14.5,18K,Yellow Gold,11,14.5,14.715,433000,20
GLD-R-1808,GLD-R-1808-11MM-15,18K,Yellow Gold,11,15,14.95,439500,20
GLD-R-1808,GLD-R-1808-11MM-15.5,18K,Yellow Gold,11,15.5,15.185,446000,20
GLD-R-1808,GLD-R-1808-11MM-16,18K,Yellow Gold,11,16,15.42,453000,20
GLD-R-1808,GLD-R-1808-12MM-4,18K,Yellow Gold,12,4,10.64,318500,20
GLD-R-1808,GLD-R-1808-12MM-4.5,18K,Yellow Gold,12,4.5,10.895,325500,20
GLD-R-1808,GLD-R-1808-12MM-5,18K,Yellow Gold,12,5,11.15,332500,20
GLD-R-1808,GLD-R-1808-12MM-5.5,18K,Yellow Gold,12,5.5,11.41,340000,20
GLD-R-1808,GLD-R-1808-12MM-6,18K,Yellow Gold,12,6,11.67,347500,20
GLD-R-1808,GLD-R-1808-12MM-6.5,18K,Yellow Gold,12,6.5,11.925,354500,20
GLD-R-1808,GLD-R-1808-12MM-7,18K,Yellow Gold,12,7,12.18,361500,20
GLD-R-1808,GLD-R-1808-12MM-7.5,18K,Yellow Gold,12,7.5,12.44,369000,20
GLD-R-1808,GLD-R-1808-12MM-8,18K,Yellow Gold,12,8,12.7,376000,20
GLD-R-1808,GLD-R-1808-12MM-8.5,18K,Yellow Gold,12,8.5,12.96,383500,20
GLD-R-1808,GLD-R-1808-12MM-9,18K,Yellow Gold,12,9,13.22,391000,20
GLD-R-1808,GLD-R-1808-12MM-9.5,18K,Yellow Gold,12,9.5,13.475,398000,20
GLD-R-1808,GLD-R-1808-12MM-10,18K,Yellow Gold,12,10,13.73,405500,20
GLD-R-1808,GLD-R-1808-12MM-10.5,18K,Yellow Gold,12,10.5,13.985,412500,20
GLD-R-1808,GLD-R-1808-12MM-11,18K,Yellow Gold,12,11,14.24,419500,20
GLD-R-1808,GLD-R-1808-12MM-11.5,18K,Yellow Gold,12,11.5,14.5,427000,20
GLD-R-1808,GLD-R-1808-12MM-12,18K,Yellow Gold,12,12,14.76,434000,20
GLD-R-1808,GLD-R-1808-12MM-12.5,18K,Yellow Gold,12,12.5,15.02,441500,20
GLD-R-1808,GLD-R-1808-12MM-13,18K,Yellow Gold,12,13,15.28,449000,20
GLD-R-1808,GLD-R-1808-12MM-13.5,18K,Yellow Gold,12,13.5,15.535,456000,20
GLD-R-1808,GLD-R-1808-12MM-14,18K,Yellow Gold,12,14,15.79,463500,20
GLD-R-1808,GLD-R-1808-12MM-14.5,18K,Yellow Gold,12,14.5,16.05,470500,20
GLD-R-1808,GLD-R-1808-12MM-15,18K,Yellow Gold,12,15,16.31,478000,20
GLD-R-1808,GLD-R-1808-12MM-15.5,18K,Yellow Gold,12,15.5,16.57,485000,20
GLD-R-1808,GLD-R-1808-12MM-16,18K,Yellow Gold,12,16,16.83,492500,20
WHG-R-1008,WHG-R-1008-3MM-4,10K,White Gold,3,4,2.05,39500,20
WHG-R-1008,WHG-R-1008-3MM-4.5,10K,White Gold,3,4.5,2.1,40000,20
WHG-R-1008,WHG-R-1008-3MM-5,10K,White Gold,3,5,2.15,41000,20
WHG-R-1008,WHG-R-1008-3MM-5.5,10K,White Gold,3,5.5,2.2,41500,20
WHG-R-1008,WHG-R-1008-3MM-6,10K,White Gold,3,6,2.25,42000,20
WHG-R-1008,WHG-R-1008-3MM-6.5,10K,White Gold,3,6.5,2.3,42500,20
WHG-R-1008,WHG-R-1008-3MM-7,10K,White Gold,3,7,2.35,43000,20
WHG-R-1008,WHG-R-1008-3MM-7.5,10K,White Gold,3,7.5,2.4,44000,20
WHG-R-1008,WHG-R-1008-3MM-8,10K,White Gold,3,8,2.45,44500,20
WHG-R-1008,WHG-R-1008-3MM-8.5,10K,White Gold,3,8.5,2.5,45000,20
WHG-R-1008,WHG-R-1008-3MM-9,10K,White Gold,3,9,2.55,45500,20
WHG-R-1008,WHG-R-1008-3MM-9.5,10K,White Gold,3,9.5,2.6,46000,20
WHG-R-1008,WHG-R-1008-3MM-10,10K,White Gold,3,10,2.65,47000,20
WHG-R-1008,WHG-R-1008-3MM-10.5,10K,White Gold,3,10.5,2.7,47500,20
WHG-R-1008,WHG-R-1008-3MM-11,10K,White Gold,3,11,2.75,48000,20
WHG-R-1008,WHG-R-1008-3MM-11.5,10K,White Gold,3,11.5,2.8,48500,20
WHG-R-1008,WHG-R-1008-3MM-12,10K,White Gold,3,12,2.85,49500,20
WHG-R-1008,WHG-R-1008-3MM-12.5,10K,White Gold,3,12.5,2.9,50000,20
WHG-R-1008,WHG-R-1008-3MM-13,10K,White Gold,3,13,2.95,50500,20
WHG-R-1008,WHG-R-1008-3MM-13.5,10K,White Gold,3,13.5,3.0,51000,20
WHG-R-1008,WHG-R-1008-3MM-14,10K,White Gold,3,14,3.05,51500,20
WHG-R-1008,WHG-R-1008-3MM-14.5,10K,White Gold,3,14.5,3.1,52000,20
WHG-R-1008,WHG-R-1008-3MM-15,10K,White Gold,3,15,3.15,53000,20
WHG-R-1008,WHG-R-1008-3MM-15.5,10K,White Gold,3,15.5,3.2,53500,20
WHG-R-1008,WHG-R-1008-3MM-16,10K,White Gold,3,16,3.25,54000,20
WHG-R-1008,WHG-R-1008-4MM-4,10K,White Gold,4,4,2.74,48000,20
WHG-R-1008,WHG-R-1008-4MM-4.5,10K,White Gold,4,4.5,2.805,49000,20
WHG-R-1008,WHG-R-1008-4MM-5,10K,White Gold,4,5,2.87,49500,20
WHG-R-1008,WHG-R-1008-4MM-5.5,10K,White Gold,4,5.5,2.935,50000,20
WHG-R-1008,WHG-R-1008-4MM-6,10K,White Gold,4,6,3.0,51000,20
WHG-R-1008,WHG-R-1008-4MM-6.5,10K,White Gold,4,6.5,3.07,52000,20
WHG-R-1008,WHG-R-1008-4MM-7,10K,White Gold,4,7,3.14,53000,20
WHG-R-1008,WHG-R-1008-4MM-7.5,10K,White Gold,4,7.5,3.205,53500,20
WHG-R-1008,WHG-R-1008-4MM-8,10K,White Gold,4,8,3.27,54500,20
WHG-R-1008,WHG-R-1008-4MM-8.5,10K,White Gold,4,8.5,3.335,55000,20
WHG-R-1008,WHG-R-1008-4MM-9,10K,White Gold,4,9,3.4,56000,20
WHG-R-1008,WHG-R-1008-4MM-9.5,10K,White Gold,4,9.5,3.465,57000,20
WHG-R-1008,WHG-R-1008-4MM-10,10K,White Gold,4,10,3.53,57500,20
WHG-R-1008,WHG-R-1008-4MM-10.5,10K,White Gold,4,10.5,3.6,58500,20
WHG-R-1008,WHG-R-1008-4MM-11,10K,White Gold,4,11,3.67,59000,20
WHG-R-1008,WHG-R-1008-4MM-11.5,10K,White Gold,4,11.5,3.735,60000,20
WHG-R-1008,WHG-R-1008-4MM-12,10K,White Gold,4,12,3.8,61000,20
WHG-R-1008,WHG-R-1008-4MM-12.5,10K,White Gold,4,12.5,3.865,61500,20
WHG-R-1008,WHG-R-1008-4MM-13,10K,White Gold,4,13,3.93,62500,20
WHG-R-1008,WHG-R-1008-4MM-13.5,10K,White Gold,4,13.5,3.995,63000,20
WHG-R-1008,WHG-R-1008-4MM-14,10K,White Gold,4,14,4.06,64000,20
WHG-R-1008,WHG-R-1008-4MM-14.5,10K,White Gold,4,14.5,4.13,65000,20
WHG-R-1008,WHG-R-1008-4MM-15,10K,White Gold,4,15,4.2,65500,20
WHG-R-1008,WHG-R-1008-4MM-15.5,10K,White Gold,4,15.5,4.265,66500,20
WHG-R-1008,WHG-R-1008-4MM-16,10K,White Gold,4,16,4.33,67000,20
WHG-R-1008,WHG-R-1008-5MM-4,10K,White Gold,5,4,3.42,56000,20
WHG-R-1008,WHG-R-1008-5MM-4.5,10K,White Gold,5,4.5,3.505,57000,20
WHG-R-1008,WHG-R-1008-5MM-5,10K,White Gold,5,5,3.59,58000,20
WHG-R-1008,WHG-R-1008-5MM-5.5,10K,White Gold,5,5.5,3.67,59000,20
WHG-R-1008,WHG-R-1008-5MM-6,10K,White Gold,5,6,3.75,60000,20
WHG-R-1008,WHG-R-1008-5MM-6.5,10K,White Gold,5,6.5,3.835,61000,20
WHG-R-1008,WHG-R-1008-5MM-7,10K,White Gold,5,7,3.92,62000,20
WHG-R-1008,WHG-R-1008-5MM-7.5,10K,White Gold,5,7.5,4.0,63000,20
WHG-R-1008,WHG-R-1008-5MM-8,10K,White Gold,5,8,4.08,64000,20
WHG-R-1008,WHG-R-1008-5MM-8.5,10K,White Gold,5,8.5,4.165,65000,20
WHG-R-1008,WHG-R-1008-5MM-9,10K,White Gold,5,9,4.25,66000,20
WHG-R-1008,WHG-R-1008-5MM-9.5,10K,White Gold,5,9.5,4.335,67500,20
WHG-R-1008,WHG-R-1008-5MM-10,10K,White Gold,5,10,4.42,68000,20
WHG-R-1008,WHG-R-1008-5MM-10.5,10K,White Gold,5,10.5,4.5,69500,20
WHG-R-1008,WHG-R-1008-5MM-11,10K,White Gold,5,11,4.58,70000,20
WHG-R-1008,WHG-R-1008-5MM-11.5,10K,White Gold,5,11.5,4.665,71500,20
WHG-R-1008,WHG-R-1008-5MM-12,10K,White Gold,5,12,4.75,72000,20
WHG-R-1008,WHG-R-1008-5MM-12.5,10K,White Gold,5,12.5,4.83,73500,20
WHG-R-1008,WHG-R-1008-5MM-13,10K,White Gold,5,13,4.91,74000,20
WHG-R-1008,WHG-R-1008-5MM-13.5,10K,White Gold,5,13.5,4.995,75500,20
WHG-R-1008,WHG-R-1008-5MM-14,10K,White Gold,5,14,5.08,76000,20
WHG-R-1008,WHG-R-1008-5MM-14.5,10K,White Gold,5,14.5,5.185,77500,20
WHG-R-1008,WHG-R-1008-5MM-15,10K,White Gold,5,15,5.29,79000,20
WHG-R-1008,WHG-R-1008-5MM-15.5,10K,White Gold,5,15.5,5.355,79500,20
WHG-R-1008,WHG-R-1008-5MM-16,10K,White Gold,5,16,5.42,80500,20
WHG-R-1008,WHG-R-1008-6MM-4,10K,White Gold,6,4,4.11,64500,20
WHG-R-1008,WHG-R-1008-6MM-4.5,10K,White Gold,6,4.5,4.205,65500,20
WHG-R-1008,WHG-R-1008-6MM-5,10K,White Gold,6,5,4.3,67000,20
WHG-R-1008,WHG-R-1008-6MM-5.5,10K,White Gold,6,5.5,4.4,68000,20
WHG-R-1008,WHG-R-1008-6MM-6,10K,White Gold,6,6,4.5,69500,20
WHG-R-1008,WHG-R-1008-6MM-6.5,10K,White Gold,6,6.5,4.6,70500,20
WHG-R-1008,WHG-R-1008-6MM-7,10K,White Gold,6,7,4.7,71500,20
WHG-R-1008,WHG-R-1008-6MM-7.5,10K,White Gold,6,7.5,4.8,73000,20
WHG-R-1008,WHG-R-1008-6MM-8,10K,White Gold,6,8,4.9,74000,20
WHG-R-1008,WHG-R-1008-6MM-8.5,10K,White Gold,6,8.5,5.0,75500,20
WHG-R-1008,WHG-R-1008-6MM-9,10K,White Gold,6,9,5.1,76500,20
WHG-R-1008,WHG-R-1008-6MM-9.5,10K,White Gold,6,9.5,5.2,77500,20
WHG-R-1008,WHG-R-1008-6MM-10,10K,White Gold,6,10,5.3,79000,20
WHG-R-1008,WHG-R-1008-6MM-10.5,10K,White Gold,6,10.5,5.4,80000,20
WHG-R-1008,WHG-R-1008-6MM-11,10K,White Gold,6,11,5.5,81500,20
WHG-R-1008,WHG-R-1008-6MM-11.5,10K,White Gold,6,11.5,5.6,82500,20
WHG-R-1008,WHG-R-1008-6MM-12,10K,White Gold,6,12,5.7,84000,20
WHG-R-1008,WHG-R-1008-6MM-12.5,10K,White Gold,6,12.5,5.8,85000,20
WHG-R-1008,WHG-R-1008-6MM-13,10K,White Gold,6,13,5.9,86000,20
WHG-R-1008,WHG-R-1008-6MM-13.5,10K,White Gold,6,13.5,6.0,87500,20
WHG-R-1008,WHG-R-1008-6MM-14,10K,White Gold,6,14,6.1,88500,20
WHG-R-1008,WHG-R-1008-6MM-14.5,10K,White Gold,6,14.5,6.195,90000,20
WHG-R-1008,WHG-R-1008-6MM-15,10K,White Gold,6,15,6.29,91000,20
WHG-R-1008,WHG-R-1008-6MM-15.5,10K,White Gold,6,15.5,6.39,92000,20
WHG-R-1008,WHG-R-1008-6MM-16,10K,White Gold,6,16,6.49,93500,20
WHG-R-1008,WHG-R-1008-7MM-4,10K,White Gold,7,4,4.79,73000,20
WHG-R-1008,WHG-R-1008-7MM-4.5,10K,White Gold,7,4.5,4.905,74000,20
WHG-R-1008,WHG-R-1008-7MM-5,10K,White Gold,7,5,5.02,75500,20
WHG-R-1008,WHG-R-1008-7MM-5.5,10K,White Gold,7,5.5,5.135,77000,20
WHG-R-1008,WHG-R-1008-7MM-6,10K,White Gold,7,6,5.25,78500,20
WHG-R-1008,WHG-R-1008-7MM-6.5,10K,White Gold,7,6.5,5.37,80000,20
WHG-R-1008,WHG-R-1008-7MM-7,10K,White Gold,7,7,5.49,81500,20
WHG-R-1008,WHG-R-1008-7MM-7.5,10K,White Gold,7,7.5,5.605,82500,20
WHG-R-1008,WHG-R-1008-7MM-8,10K,White Gold,7,8,5.72,84000,20
WHG-R-1008,WHG-R-1008-7MM-8.5,10K,White Gold,7,8.5,5.835,85500,20
WHG-R-1008,WHG-R-1008-7MM-9,10K,White Gold,7,9,5.95,87000,20
WHG-R-1008,WHG-R-1008-7MM-9.5,10K,White Gold,7,9.5,6.065,88000,20
WHG-R-1008,WHG-R-1008-7MM-10,10K,White Gold,7,10,6.18,89500,20
WHG-R-1008,WHG-R-1008-7MM-10.5,10K,White Gold,7,10.5,6.3,91000,20
WHG-R-1008,WHG-R-1008-7MM-11,10K,White Gold,7,11,6.42,92500,20
WHG-R-1008,WHG-R-1008-7MM-11.5,10K,White Gold,7,11.5,6.535,94000,20
WHG-R-1008,WHG-R-1008-7MM-12,10K,White Gold,7,12,6.65,95500,20
WHG-R-1008,WHG-R-1008-7MM-12.5,10K,White Gold,7,12.5,6.765,97000,20
WHG-R-1008,WHG-R-1008-7MM-13,10K,White Gold,7,13,6.88,98000,20
WHG-R-1008,WHG-R-1008-7MM-13.5,10K,White Gold,7,13.5,6.995,99500,20
WHG-R-1008,WHG-R-1008-7MM-14,10K,White Gold,7,14,7.11,101000,20
WHG-R-1008,WHG-R-1008-7MM-14.5,10K,White Gold,7,14.5,7.225,102500,20
WHG-R-1008,WHG-R-1008-7MM-15,10K,White Gold,7,15,7.34,103500,20
WHG-R-1008,WHG-R-1008-7MM-15.5,10K,White Gold,7,15.5,7.46,105000,20
WHG-R-1008,WHG-R-1008-7MM-16,10K,White Gold,7,16,7.58,106500,20
WHG-R-1008,WHG-R-1008-8MM-4,10K,White Gold,8,4,5.47,104500,20
WHG-R-1008,WHG-R-1008-8MM-4.5,10K,White Gold,8,4.5,5.605,106500,20
WHG-R-1008,WHG-R-1008-8MM-5,10K,White Gold,8,5,5.74,109000,20
WHG-R-1008,WHG-R-1008-8MM-5.5,10K,White Gold,8,5.5,5.87,111000,20
WHG-R-1008,WHG-R-1008-8MM-6,10K,White Gold,8,6,6.0,113000,20
WHG-R-1008,WHG-R-1008-8MM-6.5,10K,White Gold,8,6.5,6.135,115000,20
WHG-R-1008,WHG-R-1008-8MM-7,10K,White Gold,8,7,6.27,117000,20
WHG-R-1008,WHG-R-1008-8MM-7.5,10K,White Gold,8,7.5,6.405,119000,20
WHG-R-1008,WHG-R-1008-8MM-8,10K,White Gold,8,8,6.54,121000,20
WHG-R-1008,WHG-R-1008-8MM-8.5,10K,White Gold,8,8.5,6.67,123500,20
WHG-R-1008,WHG-R-1008-8MM-9,10K,White Gold,8,9,6.8,125500,20
WHG-R-1008,WHG-R-1008-8MM-9.5,10K,White Gold,8,9.5,6.935,127500,20
WHG-R-1008,WHG-R-1008-8MM-10,10K,White Gold,8,10,7.07,129500,20
WHG-R-1008,WHG-R-1008-8MM-10.5,10K,White Gold,8,10.5,7.2,131500,20
WHG-R-1008,WHG-R-1008-8MM-11,10K,White Gold,8,11,7.33,133500,20
WHG-R-1008,WHG-R-1008-8MM-11.5,10K,White Gold,8,11.5,7.465,135500,20
WHG-R-1008,WHG-R-1008-8MM-12,10K,White Gold,8,12,7.6,138000,20
WHG-R-1008,WHG-R-1008-8MM-12.5,10K,White Gold,8,12.5,7.73,140000,20
WHG-R-1008,WHG-R-1008-8MM-13,10K,White Gold,8,13,7.86,142000,20
WHG-R-1008,WHG-R-1008-8MM-13.5,10K,White Gold,8,13.5,7.995,144000,20
WHG-R-1008,WHG-R-1008-8MM-14,10K,White Gold,8,14,8.13,146000,20
WHG-R-1008,WHG-R-1008-8MM-14.5,10K,White Gold,8,14.5,8.26,148000,20
WHG-R-1008,WHG-R-1008-8MM-15,10K,White Gold,8,15,8.39,150000,20
WHG-R-1008,WHG-R-1008-8MM-15.5,10K,White Gold,8,15.5,8.525,152000,20
WHG-R-1008,WHG-R-1008-8MM-16,10K,White Gold,8,16,8.66,154500,20
WHG-R-1008,WHG-R-1008-9MM-4,10K,White Gold,9,4,6.16,115500,20
WHG-R-1008,WHG-R-1008-9MM-4.5,10K,White Gold,9,4.5,6.31,117500,20
WHG-R-1008,WHG-R-1008-9MM-5,10K,White Gold,9,5,6.46,120000,20
WHG-R-1008,WHG-R-1008-9MM-5.5,10K,White Gold,9,5.5,6.61,122500,20
WHG-R-1008,WHG-R-1008-9MM-6,10K,White Gold,9,6,6.76,124500,20
WHG-R-1008,WHG-R-1008-9MM-6.5,10K,White Gold,9,6.5,6.905,127000,20
WHG-R-1008,WHG-R-1008-9MM-7,10K,White Gold,9,7,7.05,129000,20
WHG-R-1008,WHG-R-1008-9MM-7.5,10K,White Gold,9,7.5,7.2,131500,20
WHG-R-1008,WHG-R-1008-9MM-8,10K,White Gold,9,8,7.35,134000,20
WHG-R-1008,WHG-R-1008-9MM-8.5,10K,White Gold,9,8.5,7.5,136000,20
WHG-R-1008,WHG-R-1008-9MM-9,10K,White Gold,9,9,7.65,138500,20
WHG-R-1008,WHG-R-1008-9MM-9.5,10K,White Gold,9,9.5,7.8,141000,20
WHG-R-1008,WHG-R-1008-9MM-10,10K,White Gold,9,10,7.95,143500,20
WHG-R-1008,WHG-R-1008-9MM-10.5,10K,White Gold,9,10.5,8.1,145500,20
WHG-R-1008,WHG-R-1008-9MM-11,10K,White Gold,9,11,8.25,148000,20
WHG-R-1008,WHG-R-1008-9MM-11.5,10K,White Gold,9,11.5,8.4,150500,20
WHG-R-1008,WHG-R-1008-9MM-12,10K,White Gold,9,12,8.55,152500,20
WHG-R-1008,WHG-R-1008-9MM-12.5,10K,White Gold,9,12.5,8.7,155000,20
WHG-R-1008,WHG-R-1008-9MM-13,10K,White Gold,9,13,8.85,157500,20
WHG-R-1008,WHG-R-1008-9MM-13.5,10K,White Gold,9,13.5,8.995,159500,20
WHG-R-1008,WHG-R-1008-9MM-14,10K,White Gold,9,14,9.14,162000,20
WHG-R-1008,WHG-R-1008-9MM-14.5,10K,White Gold,9,14.5,9.29,164000,20
WHG-R-1008,WHG-R-1008-9MM-15,10K,White Gold,9,15,9.44,166500,20
WHG-R-1008,WHG-R-1008-9MM-15.5,10K,White Gold,9,15.5,9.59,169000,20
WHG-R-1008,WHG-R-1008-9MM-16,10K,White Gold,9,16,9.74,171500,20
WHG-R-1008,WHG-R-1008-10MM-4,10K,White Gold,10,4,6.84,126000,20
WHG-R-1008,WHG-R-1008-10MM-4.5,10K,White Gold,10,4.5,7.005,128500,20
WHG-R-1008,WHG-R-1008-10MM-5,10K,White Gold,10,5,7.17,131000,20
WHG-R-1008,WHG-R-1008-10MM-5.5,10K,White Gold,10,5.5,7.34,133500,20
WHG-R-1008,WHG-R-1008-10MM-6,10K,White Gold,10,6,7.51,136500,20
WHG-R-1008,WHG-R-1008-10MM-6.5,10K,White Gold,10,6.5,7.675,139000,20
WHG-R-1008,WHG-R-1008-10MM-7,10K,White Gold,10,7,7.84,141500,20
WHG-R-1008,WHG-R-1008-10MM-7.5,10K,White Gold,10,7.5,8.005,144000,20
WHG-R-1008,WHG-R-1008-10MM-8,10K,White Gold,10,8,8.17,147000,20
WHG-R-1008,WHG-R-1008-10MM-8.5,10K,White Gold,10,8.5,8.335,149500,20
WHG-R-1008,WHG-R-1008-10MM-9,10K,White Gold,10,9,8.5,152000,20
WHG-R-1008,WHG-R-1008-10MM-9.5,10K,White Gold,10,9.5,8.665,154500,20
WHG-R-1008,WHG-R-1008-10MM-10,10K,White Gold,10,10,8.83,157000,20
WHG-R-1008,WHG-R-1008-10MM-10.5,10K,White Gold,10,10.5,8.995,159500,20
WHG-R-1008,WHG-R-1008-10MM-11,10K,White Gold,10,11,9.16,162000,20
WHG-R-1008,WHG-R-1008-10MM-11.5,10K,White Gold,10,11.5,9.33,165000,20
WHG-R-1008,WHG-R-1008-10MM-12,10K,White Gold,10,12,9.5,167500,20
WHG-R-1008,WHG-R-1008-10MM-12.5,10K,White Gold,10,12.5,9.665,170000,20
WHG-R-1008,WHG-R-1008-10MM-13,10K,White Gold,10,13,9.83,173000,20
WHG-R-1008,WHG-R-1008-10MM-13.5,10K,White Gold,10,13.5,9.995,175500,20
WHG-R-1008,WHG-R-1008-10MM-14,10K,White Gold,10,14,10.16,178000,20
WHG-R-1008,WHG-R-1008-10MM-14.5,10K,White Gold,10,14.5,10.325,180500,20
WHG-R-1008,WHG-R-1008-10MM-15,10K,White Gold,10,15,10.49,183000,20
WHG-R-1008,WHG-R-1008-10MM-15.5,10K,White Gold,10,15.5,10.655,185500,20
WHG-R-1008,WHG-R-1008-10MM-16,10K,White Gold,10,16,10.82,188000,20
WHG-R-1008,WHG-R-1008-11MM-4,10K,White Gold,11,4,7.53,137000,20
WHG-R-1008,WHG-R-1008-11MM-4.5,10K,White Gold,11,4.5,7.71,139500,20
WHG-R-1008,WHG-R-1008-11MM-5,10K,White Gold,11,5,7.89,142500,20
WHG-R-1008,WHG-R-1008-11MM-5.5,10K,White Gold,11,5.5,8.075,145500,20
WHG-R-1008,WHG-R-1008-11MM-6,10K,White Gold,11,6,8.26,148000,20
WHG-R-1008,WHG-R-1008-11MM-6.5,10K,White Gold,11,6.5,8.44,151000,20
WHG-R-1008,WHG-R-1008-11MM-7,10K,White Gold,11,7,8.62,154000,20
WHG-R-1008,WHG-R-1008-11MM-7.5,10K,White Gold,11,7.5,8.805,156500,20
WHG-R-1008,WHG-R-1008-11MM-8,10K,White Gold,11,8,8.99,159500,20
WHG-R-1008,WHG-R-1008-11MM-8.5,10K,White Gold,11,8.5,9.17,162500,20
WHG-R-1008,WHG-R-1008-11MM-9,10K,White Gold,11,9,9.35,165000,20
WHG-R-1008,WHG-R-1008-11MM-9.5,10K,White Gold,11,9.5,9.535,168000,20
WHG-R-1008,WHG-R-1008-11MM-10,10K,White Gold,11,10,9.72,171000,20
WHG-R-1008,WHG-R-1008-11MM-10.5,10K,White Gold,11,10.5,9.9,174000,20
WHG-R-1008,WHG-R-1008-11MM-11,10K,White Gold,11,11,10.08,176500,20
WHG-R-1008,WHG-R-1008-11MM-11.5,10K,White Gold,11,11.5,10.265,179500,20
WHG-R-1008,WHG-R-1008-11MM-12,10K,White Gold,11,12,10.45,182500,20
WHG-R-1008,WHG-R-1008-11MM-12.5,10K,White Gold,11,12.5,10.63,185000,20
WHG-R-1008,WHG-R-1008-11MM-13,10K,White Gold,11,13,10.81,188000,20
WHG-R-1008,WHG-R-1008-11MM-13.5,10K,White Gold,11,13.5,10.995,191000,20
WHG-R-1008,WHG-R-1008-11MM-14,10K,White Gold,11,14,11.18,194000,20
WHG-R-1008,WHG-R-1008-11MM-14.5,10K,White Gold,11,14.5,11.355,196500,20
WHG-R-1008,WHG-R-1008-11MM-15,10K,White Gold,11,15,11.53,199500,20
WHG-R-1008,WHG-R-1008-11MM-15.5,10K,White Gold,11,15.5,11.72,202000,20
WHG-R-1008,WHG-R-1008-11MM-16,10K,White Gold,11,16,11.91,205500,20
WHG-R-1008,WHG-R-1008-12MM-4,10K,White Gold,12,4,8.21,147500,20
WHG-R-1008,WHG-R-1008-12MM-4.5,10K,White Gold,12,4.5,8.41,150500,20
WHG-R-1008,WHG-R-1008-12MM-5,10K,White Gold,12,5,8.61,153500,20
WHG-R-1008,WHG-R-1008-12MM-5.5,10K,White Gold,12,5.5,8.81,157000,20
WHG-R-1008,WHG-R-1008-12MM-6,10K,White Gold,12,6,9.01,160000,20
WHG-R-1008,WHG-R-1008-12MM-6.5,10K,White Gold,12,6.5,9.21,163000,20
WHG-R-1008,WHG-R-1008-12MM-7,10K,White Gold,12,7,9.41,166000,20
WHG-R-1008,WHG-R-1008-12MM-7.5,10K,White Gold,12,7.5,9.605,169000,20
WHG-R-1008,WHG-R-1008-12MM-8,10K,White Gold,12,8,9.8,172000,20
WHG-R-1008,WHG-R-1008-12MM-8.5,10K,White Gold,12,8.5,10.0,175500,20
WHG-R-1008,WHG-R-1008-12MM-9,10K,White Gold,12,9,10.2,178500,20
WHG-R-1008,WHG-R-1008-12MM-9.5,10K,White Gold,12,9.5,10.4,181500,20
WHG-R-1008,WHG-R-1008-12MM-10,10K,White Gold,12,10,10.6,185000,20
WHG-R-1008,WHG-R-1008-12MM-10.5,10K,White Gold,12,10.5,10.8,188000,20
WHG-R-1008,WHG-R-1008-12MM-11,10K,White Gold,12,11,11.0,191000,20
WHG-R-1008,WHG-R-1008-12MM-11.5,10K,White Gold,12,11.5,11.2,194000,20
WHG-R-1008,WHG-R-1008-12MM-12,10K,White Gold,12,12,11.4,197500,20
WHG-R-1008,WHG-R-1008-12MM-12.5,10K,White Gold,12,12.5,11.595,200500,20
WHG-R-1008,WHG-R-1008-12MM-13,10K,White Gold,12,13,11.79,203500,20
WHG-R-1008,WHG-R-1008-12MM-13.5,10K,White Gold,12,13.5,11.99,206500,20
WHG-R-1008,WHG-R-1008-12MM-14,10K,White Gold,12,14,12.19,209500,20
WHG-R-1008,WHG-R-1008-12MM-14.5,10K,White Gold,12,14.5,12.39,213000,20
WHG-R-1008,WHG-R-1008-12MM-15,10K,White Gold,12,15,12.59,216000,20
WHG-R-1008,WHG-R-1008-12MM-15.5,10K,White Gold,12,15.5,12.79,219000,20
WHG-R-1008,WHG-R-1008-12MM-16,10K,White Gold,12,16,12.99,222000,20
WHG-R-1408,WHG-R-1408-3MM-4,14K,White Gold,3,4,2.33,54000,20
WHG-R-1408,WHG-R-1408-3MM-4.5,14K,White Gold,3,4.5,2.39,55000,20
WHG-R-1408,WHG-R-1408-3MM-5,14K,White Gold,3,5,2.45,56000,20
WHG-R-1408,WHG-R-1408-3MM-5.5,14K,White Gold,3,5.5,2.505,57000,20
WHG-R-1408,WHG-R-1408-3MM-6,14K,White Gold,3,6,2.56,58000,20
WHG-R-1408,WHG-R-1408-3MM-6.5,14K,White Gold,3,6.5,2.615,59000,20
WHG-R-1408,WHG-R-1408-3MM-7,14K,White Gold,3,7,2.67,60000,20
WHG-R-1408,WHG-R-1408-3MM-7.5,14K,White Gold,3,7.5,2.73,61000,20
WHG-R-1408,WHG-R-1408-3MM-8,14K,White Gold,3,8,2.79,62000,20
WHG-R-1408,WHG-R-1408-3MM-8.5,14K,White Gold,3,8.5,2.845,63000,20
WHG-R-1408,WHG-R-1408-3MM-9,14K,White Gold,3,9,2.9,64000,20
WHG-R-1408,WHG-R-1408-3MM-9.5,14K,White Gold,3,9.5,2.955,65000,20
WHG-R-1408,WHG-R-1408-3MM-10,14K,White Gold,3,10,3.01,65500,20
WHG-R-1408,WHG-R-1408-3MM-10.5,14K,White Gold,3,10.5,3.065,66500,20
WHG-R-1408,WHG-R-1408-3MM-11,14K,White Gold,3,11,3.12,67500,20
WHG-R-1408,WHG-R-1408-3MM-11.5,14K,White Gold,3,11.5,3.18,68500,20
WHG-R-1408,WHG-R-1408-3MM-12,14K,White Gold,3,12,3.24,69500,20
WHG-R-1408,WHG-R-1408-3MM-12.5,14K,White Gold,3,12.5,3.295,70500,20
WHG-R-1408,WHG-R-1408-3MM-13,14K,White Gold,3,13,3.35,71500,20
WHG-R-1408,WHG-R-1408-3MM-13.5,14K,White Gold,3,13.5,3.405,72500,20
WHG-R-1408,WHG-R-1408-3MM-14,14K,White Gold,3,14,3.46,73500,20
WHG-R-1408,WHG-R-1408-3MM-14.5,14K,White Gold,3,14.5,3.52,74500,20
WHG-R-1408,WHG-R-1408-3MM-15,14K,White Gold,3,15,3.58,75500,20
WHG-R-1408,WHG-R-1408-3MM-15.5,14K,White Gold,3,15.5,3.635,76500,20
WHG-R-1408,WHG-R-1408-3MM-16,14K,White Gold,3,16,3.69,77500,20
WHG-R-1408,WHG-R-1408-4MM-4,14K,White Gold,4,4,3.11,67500,20
WHG-R-1408,WHG-R-1408-4MM-4.5,14K,White Gold,4,4.5,3.185,68500,20
WHG-R-1408,WHG-R-1408-4MM-5,14K,White Gold,4,5,3.26,70000,20
WHG-R-1408,WHG-R-1408-4MM-5.5,14K,White Gold,4,5.5,3.335,71500,20
WHG-R-1408,WHG-R-1408-4MM-6,14K,White Gold,4,6,3.41,72500,20
WHG-R-1408,WHG-R-1408-4MM-6.5,14K,White Gold,4,6.5,3.485,74000,20
WHG-R-1408,WHG-R-1408-4MM-7,14K,White Gold,4,7,3.56,75000,20
WHG-R-1408,WHG-R-1408-4MM-7.5,14K,White Gold,4,7.5,3.635,76500,20
WHG-R-1408,WHG-R-1408-4MM-8,14K,White Gold,4,8,3.71,77500,20
WHG-R-1408,WHG-R-1408-4MM-8.5,14K,White Gold,4,8.5,3.785,79000,20
WHG-R-1408,WHG-R-1408-4MM-9,14K,White Gold,4,9,3.86,80000,20
WHG-R-1408,WHG-R-1408-4MM-9.5,14K,White Gold,4,9.5,3.935,81500,20
WHG-R-1408,WHG-R-1408-4MM-10,14K,White Gold,4,10,4.01,82500,20
WHG-R-1408,WHG-R-1408-4MM-10.5,14K,White Gold,4,10.5,4.09,84000,20
WHG-R-1408,WHG-R-1408-4MM-11,14K,White Gold,4,11,4.17,85500,20
WHG-R-1408,WHG-R-1408-4MM-11.5,14K,White Gold,4,11.5,4.245,86500,20
WHG-R-1408,WHG-R-1408-4MM-12,14K,White Gold,4,12,4.32,88000,20
WHG-R-1408,WHG-R-1408-4MM-12.5,14K,White Gold,4,12.5,4.395,89000,20
WHG-R-1408,WHG-R-1408-4MM-13,14K,White Gold,4,13,4.47,90500,20
WHG-R-1408,WHG-R-1408-4MM-13.5,14K,White Gold,4,13.5,4.545,91500,20
WHG-R-1408,WHG-R-1408-4MM-14,14K,White Gold,4,14,4.62,93000,20
WHG-R-1408,WHG-R-1408-4MM-14.5,14K,White Gold,4,14.5,4.695,94000,20
WHG-R-1408,WHG-R-1408-4MM-15,14K,White Gold,4,15,4.77,95500,20
WHG-R-1408,WHG-R-1408-4MM-15.5,14K,White Gold,4,15.5,4.845,97000,20
WHG-R-1408,WHG-R-1408-4MM-16,14K,White Gold,4,16,4.92,98000,20
WHG-R-1408,WHG-R-1408-5MM-4,14K,White Gold,5,4,3.89,80500,20
WHG-R-1408,WHG-R-1408-5MM-4.5,14K,White Gold,5,4.5,3.975,82000,20
WHG-R-1408,WHG-R-1408-5MM-5,14K,White Gold,5,5,4.06,83500,20
WHG-R-1408,WHG-R-1408-5MM-5.5,14K,White Gold,5,5.5,4.16,85000,20
WHG-R-1408,WHG-R-1408-5MM-6,14K,White Gold,5,6,4.26,87000,20
WHG-R-1408,WHG-R-1408-5MM-6.5,14K,White Gold,5,6.5,4.355,88500,20
WHG-R-1408,WHG-R-1408-5MM-7,14K,White Gold,5,7,4.45,90000,20
WHG-R-1408,WHG-R-1408-5MM-7.5,14K,White Gold,5,7.5,4.545,91500,20
WHG-R-1408,WHG-R-1408-5MM-8,14K,White Gold,5,8,4.64,93500,20
WHG-R-1408,WHG-R-1408-5MM-8.5,14K,White Gold,5,8.5,4.735,95000,20
WHG-R-1408,WHG-R-1408-5MM-9,14K,White Gold,5,9,4.83,96500,20
WHG-R-1408,WHG-R-1408-5MM-9.5,14K,White Gold,5,9.5,4.925,98000,20
WHG-R-1408,WHG-R-1408-5MM-10,14K,White Gold,5,10,5.02,100000,20
WHG-R-1408,WHG-R-1408-5MM-10.5,14K,White Gold,5,10.5,5.115,101500,20
WHG-R-1408,WHG-R-1408-5MM-11,14K,White Gold,5,11,5.21,103000,20
WHG-R-1408,WHG-R-1408-5MM-11.5,14K,White Gold,5,11.5,5.305,104500,20
WHG-R-1408,WHG-R-1408-5MM-12,14K,White Gold,5,12,5.4,106000,20
WHG-R-1408,WHG-R-1408-5MM-12.5,14K,White Gold,5,12.5,5.49,108000,20
WHG-R-1408,WHG-R-1408-5MM-13,14K,White Gold,5,13,5.58,109500,20
WHG-R-1408,WHG-R-1408-5MM-13.5,14K,White Gold,5,13.5,5.675,111000,20
WHG-R-1408,WHG-R-1408-5MM-14,14K,White Gold,5,14,5.77,112500,20
WHG-R-1408,WHG-R-1408-5MM-14.5,14K,White Gold,5,14.5,5.865,114000,20
WHG-R-1408,WHG-R-1408-5MM-15,14K,White Gold,5,15,5.96,115500,20
WHG-R-1408,WHG-R-1408-5MM-15.5,14K,White Gold,5,15.5,6.055,117500,20
WHG-R-1408,WHG-R-1408-5MM-16,14K,White Gold,5,16,6.15,119000,20
WHG-R-1408,WHG-R-1408-6MM-4,14K,White Gold,6,4,4.67,94000,20
WHG-R-1408,WHG-R-1408-6MM-4.5,14K,White Gold,6,4.5,4.78,95500,20
WHG-R-1408,WHG-R-1408-6MM-5,14K,White Gold,6,5,4.89,97500,20
WHG-R-1408,WHG-R-1408-6MM-5.5,14K,White Gold,6,5.5,5.005,99500,20
WHG-R-1408,WHG-R-1408-6MM-6,14K,White Gold,6,6,5.12,101500,20
WHG-R-1408,WHG-R-1408-6MM-6.5,14K,White Gold,6,6.5,5.23,103500,20
WHG-R-1408,WHG-R-1408-6MM-7,14K,White Gold,6,7,5.34,105000,20
WHG-R-1408,WHG-R-1408-6MM-7.5,14K,White Gold,6,7.5,5.455,107000,20
WHG-R-1408,WHG-R-1408-6MM-8,14K,White Gold,6,8,5.57,109000,20
WHG-R-1408,WHG-R-1408-6MM-8.5,14K,White Gold,6,8.5,5.685,111000,20
WHG-R-1408,WHG-R-1408-6MM-9,14K,White Gold,6,9,5.8,113000,20
WHG-R-1408,WHG-R-1408-6MM-9.5,14K,White Gold,6,9.5,5.91,115000,20
WHG-R-1408,WHG-R-1408-6MM-10,14K,White Gold,6,10,6.02,117000,20
WHG-R-1408,WHG-R-1408-6MM-10.5,14K,White Gold,6,10.5,6.135,119000,20
WHG-R-1408,WHG-R-1408-6MM-11,14K,White Gold,6,11,6.25,120500,20
WHG-R-1408,WHG-R-1408-6MM-11.5,14K,White Gold,6,11.5,6.36,122500,20
WHG-R-1408,WHG-R-1408-6MM-12,14K,White Gold,6,12,6.47,124500,20
WHG-R-1408,WHG-R-1408-6MM-12.5,14K,White Gold,6,12.5,6.585,126500,20
WHG-R-1408,WHG-R-1408-6MM-13,14K,White Gold,6,13,6.7,128000,20
WHG-R-1408,WHG-R-1408-6MM-13.5,14K,White Gold,6,13.5,6.815,130000,20
WHG-R-1408,WHG-R-1408-6MM-14,14K,White Gold,6,14,6.93,132000,20
WHG-R-1408,WHG-R-1408-6MM-14.5,14K,White Gold,6,14.5,7.04,134000,20
WHG-R-1408,WHG-R-1408-6MM-15,14K,White Gold,6,15,7.15,136000,20
WHG-R-1408,WHG-R-1408-6MM-15.5,14K,White Gold,6,15.5,7.265,138000,20
WHG-R-1408,WHG-R-1408-6MM-16,14K,White Gold,6,16,7.38,140000,20
WHG-R-1408,WHG-R-1408-7MM-4,14K,White Gold,7,4,5.44,107000,20
WHG-R-1408,WHG-R-1408-7MM-4.5,14K,White Gold,7,4.5,5.575,109000,20
WHG-R-1408,WHG-R-1408-7MM-5,14K,White Gold,7,5,5.71,111500,20
WHG-R-1408,WHG-R-1408-7MM-5.5,14K,White Gold,7,5.5,5.84,113500,20
WHG-R-1408,WHG-R-1408-7MM-6,14K,White Gold,7,6,5.97,116000,20
WHG-R-1408,WHG-R-1408-7MM-6.5,14K,White Gold,7,6.5,6.1,118000,20
WHG-R-1408,WHG-R-1408-7MM-7,14K,White Gold,7,7,6.23,120500,20
WHG-R-1408,WHG-R-1408-7MM-7.5,14K,White Gold,7,7.5,6.365,122500,20
WHG-R-1408,WHG-R-1408-7MM-8,14K,White Gold,7,8,6.5,125000,20
WHG-R-1408,WHG-R-1408-7MM-8.5,14K,White Gold,7,8.5,6.63,127000,20
WHG-R-1408,WHG-R-1408-7MM-9,14K,White Gold,7,9,6.76,129500,20
WHG-R-1408,WHG-R-1408-7MM-9.5,14K,White Gold,7,9.5,6.895,131500,20
WHG-R-1408,WHG-R-1408-7MM-10,14K,White Gold,7,10,7.03,134000,20
WHG-R-1408,WHG-R-1408-7MM-10.5,14K,White Gold,7,10.5,7.16,136000,20
WHG-R-1408,WHG-R-1408-7MM-11,14K,White Gold,7,11,7.29,138000,20
WHG-R-1408,WHG-R-1408-7MM-11.5,14K,White Gold,7,11.5,7.42,140500,20
WHG-R-1408,WHG-R-1408-7MM-12,14K,White Gold,7,12,7.55,142500,20
WHG-R-1408,WHG-R-1408-7MM-12.5,14K,White Gold,7,12.5,7.685,145000,20
WHG-R-1408,WHG-R-1408-7MM-13,14K,White Gold,7,13,7.82,147500,20
WHG-R-1408,WHG-R-1408-7MM-13.5,14K,White Gold,7,13.5,7.95,149500,20
WHG-R-1408,WHG-R-1408-7MM-14,14K,White Gold,7,14,8.08,151500,20
WHG-R-1408,WHG-R-1408-7MM-14.5,14K,White Gold,7,14.5,8.215,154000,20
WHG-R-1408,WHG-R-1408-7MM-15,14K,White Gold,7,15,8.35,156000,20
WHG-R-1408,WHG-R-1408-7MM-15.5,14K,White Gold,7,15.5,8.48,158500,20
WHG-R-1408,WHG-R-1408-7MM-16,14K,White Gold,7,16,8.61,160500,20
WHG-R-1408,WHG-R-1408-8MM-4,14K,White Gold,8,4,6.22,155000,20
WHG-R-1408,WHG-R-1408-8MM-4.5,14K,White Gold,8,4.5,6.37,158000,20
WHG-R-1408,WHG-R-1408-8MM-5,14K,White Gold,8,5,6.52,161500,20
WHG-R-1408,WHG-R-1408-8MM-5.5,14K,White Gold,8,5.5,6.67,165000,20
WHG-R-1408,WHG-R-1408-8MM-6,14K,White Gold,8,6,6.82,168000,20
WHG-R-1408,WHG-R-1408-8MM-6.5,14K,White Gold,8,6.5,6.975,171500,20
WHG-R-1408,WHG-R-1408-8MM-7,14K,White Gold,8,7,7.13,175000,20
WHG-R-1408,WHG-R-1408-8MM-7.5,14K,White Gold,8,7.5,7.28,178000,20
WHG-R-1408,WHG-R-1408-8MM-8,14K,White Gold,8,8,7.43,181500,20
WHG-R-1408,WHG-R-1408-8MM-8.5,14K,White Gold,8,8.5,7.58,185000,20
WHG-R-1408,WHG-R-1408-8MM-9,14K,White Gold,8,9,7.73,188000,20
WHG-R-1408,WHG-R-1408-8MM-9.5,14K,White Gold,8,9.5,7.88,191500,20
WHG-R-1408,WHG-R-1408-8MM-10,14K,White Gold,8,10,8.03,194500,20
WHG-R-1408,WHG-R-1408-8MM-10.5,14K,White Gold,8,10.5,8.18,198000,20
WHG-R-1408,WHG-R-1408-8MM-11,14K,White Gold,8,11,8.33,201000,20
WHG-R-1408,WHG-R-1408-8MM-11.5,14K,White Gold,8,11.5,8.48,204500,20
WHG-R-1408,WHG-R-1408-8MM-12,14K,White Gold,8,12,8.63,207500,20
WHG-R-1408,WHG-R-1408-8MM-12.5,14K,White Gold,8,12.5,8.78,211000,20
WHG-R-1408,WHG-R-1408-8MM-13,14K,White Gold,8,13,8.93,214000,20
WHG-R-1408,WHG-R-1408-8MM-13.5,14K,White Gold,8,13.5,9.085,217500,20
WHG-R-1408,WHG-R-1408-8MM-14,14K,White Gold,8,14,9.24,221000,20
WHG-R-1408,WHG-R-1408-8MM-14.5,14K,White Gold,8,14.5,9.39,224500,20
WHG-R-1408,WHG-R-1408-8MM-15,14K,White Gold,8,15,9.54,227500,20
WHG-R-1408,WHG-R-1408-8MM-15.5,14K,White Gold,8,15.5,9.69,231000,20
WHG-R-1408,WHG-R-1408-8MM-16,14K,White Gold,8,16,9.84,234000,20
WHG-R-1408,WHG-R-1408-9MM-4,14K,White Gold,9,4,7.0,172000,20
WHG-R-1408,WHG-R-1408-9MM-4.5,14K,White Gold,9,4.5,7.17,175500,20
WHG-R-1408,WHG-R-1408-9MM-5,14K,White Gold,9,5,7.34,179500,20
WHG-R-1408,WHG-R-1408-9MM-5.5,14K,White Gold,9,5.5,7.51,183000,20
WHG-R-1408,WHG-R-1408-9MM-6,14K,White Gold,9,6,7.68,187000,20
WHG-R-1408,WHG-R-1408-9MM-6.5,14K,White Gold,9,6.5,7.85,190500,20
WHG-R-1408,WHG-R-1408-9MM-7,14K,White Gold,9,7,8.02,194500,20
WHG-R-1408,WHG-R-1408-9MM-7.5,14K,White Gold,9,7.5,8.19,198000,20
WHG-R-1408,WHG-R-1408-9MM-8,14K,White Gold,9,8,8.36,202000,20
WHG-R-1408,WHG-R-1408-9MM-8.5,14K,White Gold,9,8.5,8.525,205500,20
WHG-R-1408,WHG-R-1408-9MM-9,14K,White Gold,9,9,8.69,209000,20
WHG-R-1408,WHG-R-1408-9MM-9.5,14K,White Gold,9,9.5,8.86,213000,20
WHG-R-1408,WHG-R-1408-9MM-10,14K,White Gold,9,10,9.03,216500,20
WHG-R-1408,WHG-R-1408-9MM-10.5,14K,White Gold,9,10.5,9.2,220000,20
WHG-R-1408,WHG-R-1408-9MM-11,14K,White Gold,9,11,9.37,224000,20
WHG-R-1408,WHG-R-1408-9MM-11.5,14K,White Gold,9,11.5,9.54,227500,20
WHG-R-1408,WHG-R-1408-9MM-12,14K,White Gold,9,12,9.71,231500,20
WHG-R-1408,WHG-R-1408-9MM-12.5,14K,White Gold,9,12.5,9.88,235000,20
WHG-R-1408,WHG-R-1408-9MM-13,14K,White Gold,9,13,10.05,239000,20
WHG-R-1408,WHG-R-1408-9MM-13.5,14K,White Gold,9,13.5,10.22,242500,20
WHG-R-1408,WHG-R-1408-9MM-14,14K,White Gold,9,14,10.39,246000,20
WHG-R-1408,WHG-R-1408-9MM-14.5,14K,White Gold,9,14.5,10.56,250000,20
WHG-R-1408,WHG-R-1408-9MM-15,14K,White Gold,9,15,10.73,253500,20
WHG-R-1408,WHG-R-1408-9MM-15.5,14K,White Gold,9,15.5,10.9,257500,20
WHG-R-1408,WHG-R-1408-9MM-16,14K,White Gold,9,16,11.07,261000,20
WHG-R-1408,WHG-R-1408-10MM-4,14K,White Gold,10,4,7.78,189000,20
WHG-R-1408,WHG-R-1408-10MM-4.5,14K,White Gold,10,4.5,7.965,193000,20
WHG-R-1408,WHG-R-1408-10MM-5,14K,White Gold,10,5,8.15,197000,20
WHG-R-1408,WHG-R-1408-10MM-5.5,14K,White Gold,10,5.5,8.34,201500,20
WHG-R-1408,WHG-R-1408-10MM-6,14K,White Gold,10,6,8.53,205500,20
WHG-R-1408,WHG-R-1408-10MM-6.5,14K,White Gold,10,6.5,8.72,209500,20
WHG-R-1408,WHG-R-1408-10MM-7,14K,White Gold,10,7,8.91,214000,20
WHG-R-1408,WHG-R-1408-10MM-7.5,14K,White Gold,10,7.5,9.095,218000,20
WHG-R-1408,WHG-R-1408-10MM-8,14K,White Gold,10,8,9.28,222000,20
WHG-R-1408,WHG-R-1408-10MM-8.5,14K,White Gold,10,8.5,9.47,226000,20
WHG-R-1408,WHG-R-1408-10MM-9,14K,White Gold,10,9,9.66,230000,20
WHG-R-1408,WHG-R-1408-10MM-9.5,14K,White Gold,10,9.5,9.85,234500,20
WHG-R-1408,WHG-R-1408-10MM-10,14K,White Gold,10,10,10.04,238500,20
WHG-R-1408,WHG-R-1408-10MM-10.5,14K,White Gold,10,10.5,10.225,242500,20
WHG-R-1408,WHG-R-1408-10MM-11,14K,White Gold,10,11,10.41,246500,20
WHG-R-1408,WHG-R-1408-10MM-11.5,14K,White Gold,10,11.5,10.6,251000,20
WHG-R-1408,WHG-R-1408-10MM-12,14K,White Gold,10,12,10.79,255000,20
WHG-R-1408,WHG-R-1408-10MM-12.5,14K,White Gold,10,12.5,10.98,259000,20
WHG-R-1408,WHG-R-1408-10MM-13,14K,White Gold,10,13,11.17,263500,20
WHG-R-1408,WHG-R-1408-10MM-13.5,14K,White Gold,10,13.5,11.36,267500,20
WHG-R-1408,WHG-R-1408-10MM-14,14K,White Gold,10,14,11.55,271500,20
WHG-R-1408,WHG-R-1408-10MM-14.5,14K,White Gold,10,14.5,11.735,275500,20
WHG-R-1408,WHG-R-1408-10MM-15,14K,White Gold,10,15,11.92,279500,20
WHG-R-1408,WHG-R-1408-10MM-15.5,14K,White Gold,10,15.5,12.11,284000,20
WHG-R-1408,WHG-R-1408-10MM-16,14K,White Gold,10,16,12.3,288000,20
WHG-R-1408,WHG-R-1408-11MM-4,14K,White Gold,11,4,8.55,206000,20
WHG-R-1408,WHG-R-1408-11MM-4.5,14K,White Gold,11,4.5,8.76,210500,20
WHG-R-1408,WHG-R-1408-11MM-5,14K,White Gold,11,5,8.97,215000,20
WHG-R-1408,WHG-R-1408-11MM-5.5,14K,White Gold,11,5.5,9.175,219500,20
WHG-R-1408,WHG-R-1408-11MM-6,14K,White Gold,11,6,9.38,224000,20
WHG-R-1408,WHG-R-1408-11MM-6.5,14K,White Gold,11,6.5,9.59,228500,20
WHG-R-1408,WHG-R-1408-11MM-7,14K,White Gold,11,7,9.8,233500,20
WHG-R-1408,WHG-R-1408-11MM-7.5,14K,White Gold,11,7.5,10.005,237500,20
WHG-R-1408,WHG-R-1408-11MM-8,14K,White Gold,11,8,10.21,242000,20
WHG-R-1408,WHG-R-1408-11MM-8.5,14K,White Gold,11,8.5,10.42,247000,20
WHG-R-1408,WHG-R-1408-11MM-9,14K,White Gold,11,9,10.63,251500,20
WHG-R-1408,WHG-R-1408-11MM-9.5,14K,White Gold,11,9.5,10.835,256000,20
WHG-R-1408,WHG-R-1408-11MM-10,14K,White Gold,11,10,11.04,260500,20
WHG-R-1408,WHG-R-1408-11MM-10.5,14K,White Gold,11,10.5,11.25,265000,20
WHG-R-1408,WHG-R-1408-11MM-11,14K,White Gold,11,11,11.46,269500,20
WHG-R-1408,WHG-R-1408-11MM-11.5,14K,White Gold,11,11.5,11.665,274000,20
WHG-R-1408,WHG-R-1408-11MM-12,14K,White Gold,11,12,11.87,278500,20
WHG-R-1408,WHG-R-1408-11MM-12.5,14K,White Gold,11,12.5,12.08,283000,20
WHG-R-1408,WHG-R-1408-11MM-13,14K,White Gold,11,13,12.29,287500,20
WHG-R-1408,WHG-R-1408-11MM-13.5,14K,White Gold,11,13.5,12.495,292000,20
WHG-R-1408,WHG-R-1408-11MM-14,14K,White Gold,11,14,12.7,297000,20
WHG-R-1408,WHG-R-1408-11MM-14.5,14K,White Gold,11,14.5,12.905,301000,20
WHG-R-1408,WHG-R-1408-11MM-15,14K,White Gold,11,15,13.11,305500,20
WHG-R-1408,WHG-R-1408-11MM-15.5,14K,White Gold,11,15.5,13.32,310000,20
WHG-R-1408,WHG-R-1408-11MM-16,14K,White Gold,11,16,13.53,315000,20
WHG-R-1408,WHG-R-1408-12MM-4,14K,White Gold,12,4,9.33,223000,20
WHG-R-1408,WHG-R-1408-12MM-4.5,14K,White Gold,12,4.5,9.555,228000,20
WHG-R-1408,WHG-R-1408-12MM-5,14K,White Gold,12,5,9.78,233000,20
WHG-R-1408,WHG-R-1408-12MM-5.5,14K,White Gold,12,5.5,10.01,238000,20
WHG-R-1408,WHG-R-1408-12MM-6,14K,White Gold,12,6,10.24,243000,20
WHG-R-1408,WHG-R-1408-12MM-6.5,14K,White Gold,12,6.5,10.465,248000,20
WHG-R-1408,WHG-R-1408-12MM-7,14K,White Gold,12,7,10.69,253000,20
WHG-R-1408,WHG-R-1408-12MM-7.5,14K,White Gold,12,7.5,10.915,257500,20
WHG-R-1408,WHG-R-1408-12MM-8,14K,White Gold,12,8,11.14,262500,20
WHG-R-1408,WHG-R-1408-12MM-8.5,14K,White Gold,12,8.5,11.365,267500,20
WHG-R-1408,WHG-R-1408-12MM-9,14K,White Gold,12,9,11.59,272500,20
WHG-R-1408,WHG-R-1408-12MM-9.5,14K,White Gold,12,9.5,11.815,277500,20
WHG-R-1408,WHG-R-1408-12MM-10,14K,White Gold,12,10,12.04,282000,20
WHG-R-1408,WHG-R-1408-12MM-10.5,14K,White Gold,12,10.5,12.27,287500,20
WHG-R-1408,WHG-R-1408-12MM-11,14K,White Gold,12,11,12.5,292500,20
WHG-R-1408,WHG-R-1408-12MM-11.5,14K,White Gold,12,11.5,12.725,297500,20
WHG-R-1408,WHG-R-1408-12MM-12,14K,White Gold,12,12,12.95,302000,20
WHG-R-1408,WHG-R-1408-12MM-12.5,14K,White Gold,12,12.5,13.175,307000,20
WHG-R-1408,WHG-R-1408-12MM-13,14K,White Gold,12,13,13.4,312000,20
WHG-R-1408,WHG-R-1408-12MM-13.5,14K,White Gold,12,13.5,13.625,317000,20
WHG-R-1408,WHG-R-1408-12MM-14,14K,White Gold,12,14,13.85,322000,20
WHG-R-1408,WHG-R-1408-12MM-14.5,14K,White Gold,12,14.5,14.08,327000,20
WHG-R-1408,WHG-R-1408-12MM-15,14K,White Gold,12,15,14.31,332000,20
WHG-R-1408,WHG-R-1408-12MM-15.5,14K,White Gold,12,15.5,14.535,337000,20
WHG-R-1408,WHG-R-1408-12MM-16,14K,White Gold,12,16,14.76,341500,20
WHG-R-1808,WHG-R-1808-3MM-4,18K,White Gold,3,4,2.64,72000,20
WHG-R-1808,WHG-R-1808-3MM-4.5,18K,White Gold,3,4.5,2.7,73500,20
WHG-R-1808,WHG-R-1808-3MM-5,18K,White Gold,3,5,2.76,75000,20
WHG-R-1808,WHG-R-1808-3MM-5.5,18K,White Gold,3,5.5,2.82,76000,20
WHG-R-1808,WHG-R-1808-3MM-6,18K,White Gold,3,6,2.88,77500,20
WHG-R-1808,WHG-R-1808-3MM-6.5,18K,White Gold,3,6.5,2.94,79000,20
WHG-R-1808,WHG-R-1808-3MM-7,18K,White Gold,3,7,3.0,80000,20
WHG-R-1808,WHG-R-1808-3MM-7.5,18K,White Gold,3,7.5,3.06,81500,20
WHG-R-1808,WHG-R-1808-3MM-8,18K,White Gold,3,8,3.12,83000,20
WHG-R-1808,WHG-R-1808-3MM-8.5,18K,White Gold,3,8.5,3.18,84000,20
WHG-R-1808,WHG-R-1808-3MM-9,18K,White Gold,3,9,3.24,85500,20
WHG-R-1808,WHG-R-1808-3MM-9.5,18K,White Gold,3,9.5,3.3,86500,20
WHG-R-1808,WHG-R-1808-3MM-10,18K,White Gold,3,10,3.36,88000,20
WHG-R-1808,WHG-R-1808-3MM-10.5,18K,White Gold,3,10.5,3.42,89500,20
WHG-R-1808,WHG-R-1808-3MM-11,18K,White Gold,3,11,3.48,90500,20
WHG-R-1808,WHG-R-1808-3MM-11.5,18K,White Gold,3,11.5,3.54,92000,20
WHG-R-1808,WHG-R-1808-3MM-12,18K,White Gold,3,12,3.6,93000,20
WHG-R-1808,WHG-R-1808-3MM-12.5,18K,White Gold,3,12.5,3.66,94500,20
WHG-R-1808,WHG-R-1808-3MM-13,18K,White Gold,3,13,3.72,96000,20
WHG-R-1808,WHG-R-1808-3MM-13.5,18K,White Gold,3,13.5,3.785,97500,20
WHG-R-1808,WHG-R-1808-3MM-14,18K,White Gold,3,14,3.85,98500,20
WHG-R-1808,WHG-R-1808-3MM-14.5,18K,White Gold,3,14.5,3.93,100500,20
WHG-R-1808,WHG-R-1808-3MM-15,18K,White Gold,3,15,4.01,102000,20
WHG-R-1808,WHG-R-1808-3MM-15.5,18K,White Gold,3,15.5,4.045,103000,20
WHG-R-1808,WHG-R-1808-3MM-16,18K,White Gold,3,16,4.08,103500,20
WHG-R-1808,WHG-R-1808-4MM-4,18K,White Gold,4,4,3.6,93000,20
WHG-R-1808,WHG-R-1808-4MM-4.5,18K,White Gold,4,4.5,3.67,95000,20
WHG-R-1808,WHG-R-1808-4MM-5,18K,White Gold,4,5,3.74,96000,20
WHG-R-1808,WHG-R-1808-4MM-5.5,18K,White Gold,4,5.5,3.815,98000,20
WHG-R-1808,WHG-R-1808-4MM-6,18K,White Gold,4,6,3.89,99500,20
WHG-R-1808,WHG-R-1808-4MM-6.5,18K,White Gold,4,6.5,3.965,101000,20
WHG-R-1808,WHG-R-1808-4MM-7,18K,White Gold,4,7,4.04,103000,20
WHG-R-1808,WHG-R-1808-4MM-7.5,18K,White Gold,4,7.5,4.115,104500,20
WHG-R-1808,WHG-R-1808-4MM-8,18K,White Gold,4,8,4.19,106000,20
WHG-R-1808,WHG-R-1808-4MM-8.5,18K,White Gold,4,8.5,4.26,107500,20
WHG-R-1808,WHG-R-1808-4MM-9,18K,White Gold,4,9,4.33,109000,20
WHG-R-1808,WHG-R-1808-4MM-9.5,18K,White Gold,4,9.5,4.405,111000,20
WHG-R-1808,WHG-R-1808-4MM-10,18K,White Gold,4,10,4.48,112500,20
WHG-R-1808,WHG-R-1808-4MM-10.5,18K,White Gold,4,10.5,4.555,114000,20
WHG-R-1808,WHG-R-1808-4MM-11,18K,White Gold,4,11,4.63,115500,20
WHG-R-1808,WHG-R-1808-4MM-11.5,18K,White Gold,4,11.5,4.705,117500,20
WHG-R-1808,WHG-R-1808-4MM-12,18K,White Gold,4,12,4.78,119000,20
WHG-R-1808,WHG-R-1808-4MM-12.5,18K,White Gold,4,12.5,4.85,120500,20
WHG-R-1808,WHG-R-1808-4MM-13,18K,White Gold,4,13,4.92,122000,20
WHG-R-1808,WHG-R-1808-4MM-13.5,18K,White Gold,4,13.5,4.98,123500,20
WHG-R-1808,WHG-R-1808-4MM-14,18K,White Gold,4,14,5.04,124500,20
WHG-R-1808,WHG-R-1808-4MM-14.5,18K,White Gold,4,14.5,5.105,126000,20
WHG-R-1808,WHG-R-1808-4MM-15,18K,White Gold,4,15,5.17,127500,20
WHG-R-1808,WHG-R-1808-4MM-15.5,18K,White Gold,4,15.5,5.285,130000,20
WHG-R-1808,WHG-R-1808-4MM-16,18K,White Gold,4,16,5.4,132500,20
WHG-R-1808,WHG-R-1808-5MM-4,18K,White Gold,5,4,4.56,114000,20
WHG-R-1808,WHG-R-1808-5MM-4.5,18K,White Gold,5,4.5,4.655,116000,20
WHG-R-1808,WHG-R-1808-5MM-5,18K,White Gold,5,5,4.75,118000,20
WHG-R-1808,WHG-R-1808-5MM-5.5,18K,White Gold,5,5.5,4.84,120000,20
WHG-R-1808,WHG-R-1808-5MM-6,18K,White Gold,5,6,4.93,122000,20
WHG-R-1808,WHG-R-1808-5MM-6.5,18K,White Gold,5,6.5,5.025,124000,20
WHG-R-1808,WHG-R-1808-5MM-7,18K,White Gold,5,7,5.12,126500,20
WHG-R-1808,WHG-R-1808-5MM-7.5,18K,White Gold,5,7.5,5.21,128500,20
WHG-R-1808,WHG-R-1808-5MM-8,18K,White Gold,5,8,5.3,130000,20
WHG-R-1808,WHG-R-1808-5MM-8.5,18K,White Gold,5,8.5,5.4,132500,20
WHG-R-1808,WHG-R-1808-5MM-9,18K,White Gold,5,9,5.5,134500,20
WHG-R-1808,WHG-R-1808-5MM-9.5,18K,White Gold,5,9.5,5.59,136500,20
WHG-R-1808,WHG-R-1808-5MM-10,18K,White Gold,5,10,5.68,138500,20
WHG-R-1808,WHG-R-1808-5MM-10.5,18K,White Gold,5,10.5,5.775,140500,20
WHG-R-1808,WHG-R-1808-5MM-11,18K,White Gold,5,11,5.87,143000,20
WHG-R-1808,WHG-R-1808-5MM-11.5,18K,White Gold,5,11.5,5.96,144500,20
WHG-R-1808,WHG-R-1808-5MM-12,18K,White Gold,5,12,6.05,146500,20
WHG-R-1808,WHG-R-1808-5MM-12.5,18K,White Gold,5,12.5,6.145,149000,20
WHG-R-1808,WHG-R-1808-5MM-13,18K,White Gold,5,13,6.24,151000,20
WHG-R-1808,WHG-R-1808-5MM-13.5,18K,White Gold,5,13.5,6.305,152000,20
WHG-R-1808,WHG-R-1808-5MM-14,18K,White Gold,5,14,6.37,153500,20
WHG-R-1808,WHG-R-1808-5MM-14.5,18K,White Gold,5,14.5,6.435,155000,20
WHG-R-1808,WHG-R-1808-5MM-15,18K,White Gold,5,15,6.5,156500,20
WHG-R-1808,WHG-R-1808-5MM-15.5,18K,White Gold,5,15.5,6.755,162000,20
WHG-R-1808,WHG-R-1808-5MM-16,18K,White Gold,5,16,7.01,167500,20
WHG-R-1808,WHG-R-1808-6MM-4,18K,White Gold,6,4,5.4,132500,20
WHG-R-1808,WHG-R-1808-6MM-4.5,18K,White Gold,6,4.5,5.515,135000,20
WHG-R-1808,WHG-R-1808-6MM-5,18K,White Gold,6,5,5.63,137500,20
WHG-R-1808,WHG-R-1808-6MM-5.5,18K,White Gold,6,5.5,5.745,140000,20
WHG-R-1808,WHG-R-1808-6MM-6,18K,White Gold,6,6,5.86,142500,20
WHG-R-1808,WHG-R-1808-6MM-6.5,18K,White Gold,6,6.5,5.97,145000,20
WHG-R-1808,WHG-R-1808-6MM-7,18K,White Gold,6,7,6.08,147500,20
WHG-R-1808,WHG-R-1808-6MM-7.5,18K,White Gold,6,7.5,6.195,150000,20
WHG-R-1808,WHG-R-1808-6MM-8,18K,White Gold,6,8,6.31,152500,20
WHG-R-1808,WHG-R-1808-6MM-8.5,18K,White Gold,6,8.5,6.42,155000,20
WHG-R-1808,WHG-R-1808-6MM-9,18K,White Gold,6,9,6.53,157000,20
WHG-R-1808,WHG-R-1808-6MM-9.5,18K,White Gold,6,9.5,6.645,159500,20
WHG-R-1808,WHG-R-1808-6MM-10,18K,White Gold,6,10,6.76,162000,20
WHG-R-1808,WHG-R-1808-6MM-10.5,18K,White Gold,6,10.5,6.87,164500,20
WHG-R-1808,WHG-R-1808-6MM-11,18K,White Gold,6,11,6.98,167000,20
WHG-R-1808,WHG-R-1808-6MM-11.5,18K,White Gold,6,11.5,7.095,169500,20
WHG-R-1808,WHG-R-1808-6MM-12,18K,White Gold,6,12,7.21,172000,20
WHG-R-1808,WHG-R-1808-6MM-12.5,18K,White Gold,6,12.5,7.325,174500,20
WHG-R-1808,WHG-R-1808-6MM-13,18K,White Gold,6,13,7.44,177000,20
WHG-R-1808,WHG-R-1808-6MM-13.5,18K,White Gold,6,13.5,7.505,178500,20
WHG-R-1808,WHG-R-1808-6MM-14,18K,White Gold,6,14,7.57,180000,20
WHG-R-1808,WHG-R-1808-6MM-14.5,18K,White Gold,6,14.5,7.75,183500,20
WHG-R-1808,WHG-R-1808-6MM-15,18K,White Gold,6,15,7.93,187500,20
WHG-R-1808,WHG-R-1808-6MM-15.5,18K,White Gold,6,15.5,8.045,190000,20
WHG-R-1808,WHG-R-1808-6MM-16,18K,White Gold,6,16,8.16,192500,20
WHG-R-1808,WHG-R-1808-7MM-4,18K,White Gold,7,4,5.88,143000,20
WHG-R-1808,WHG-R-1808-7MM-4.5,18K,White Gold,7,4.5,6.01,146000,20
WHG-R-1808,WHG-R-1808-7MM-5,18K,White Gold,7,5,6.14,148500,20
WHG-R-1808,WHG-R-1808-7MM-5.5,18K,White Gold,7,5.5,6.275,151500,20
WHG-R-1808,WHG-R-1808-7MM-6,18K,White Gold,7,6,6.41,154500,20
WHG-R-1808,WHG-R-1808-7MM-6.5,18K,White Gold,7,6.5,6.545,157500,20
WHG-R-1808,WHG-R-1808-7MM-7,18K,White Gold,7,7,6.68,160500,20
WHG-R-1808,WHG-R-1808-7MM-7.5,18K,White Gold,7,7.5,6.815,163500,20
WHG-R-1808,WHG-R-1808-7MM-8,18K,White Gold,7,8,6.95,166000,20
WHG-R-1808,WHG-R-1808-7MM-8.5,18K,White Gold,7,8.5,7.08,169000,20
WHG-R-1808,WHG-R-1808-7MM-9,18K,White Gold,7,9,7.21,172000,20
WHG-R-1808,WHG-R-1808-7MM-9.5,18K,White Gold,7,9.5,7.345,175000,20
WHG-R-1808,WHG-R-1808-7MM-10,18K,White Gold,7,10,7.48,178000,20
WHG-R-1808,WHG-R-1808-7MM-10.5,18K,White Gold,7,10.5,7.615,181000,20
WHG-R-1808,WHG-R-1808-7MM-11,18K,White Gold,7,11,7.75,183500,20
WHG-R-1808,WHG-R-1808-7MM-11.5,18K,White Gold,7,11.5,7.885,186500,20
WHG-R-1808,WHG-R-1808-7MM-12,18K,White Gold,7,12,8.02,189500,20
WHG-R-1808,WHG-R-1808-7MM-12.5,18K,White Gold,7,12.5,8.15,192500,20
WHG-R-1808,WHG-R-1808-7MM-13,18K,White Gold,7,13,8.28,195500,20
WHG-R-1808,WHG-R-1808-7MM-13.5,18K,White Gold,7,13.5,8.34,196500,20
WHG-R-1808,WHG-R-1808-7MM-14,18K,White Gold,7,14,8.4,198000,20
WHG-R-1808,WHG-R-1808-7MM-14.5,18K,White Gold,7,14.5,8.52,200500,20
WHG-R-1808,WHG-R-1808-7MM-15,18K,White Gold,7,15,8.64,203000,20
WHG-R-1808,WHG-R-1808-7MM-15.5,18K,White Gold,7,15.5,8.88,208500,20
WHG-R-1808,WHG-R-1808-7MM-16,18K,White Gold,7,16,9.12,213500,20
WHG-R-1808,WHG-R-1808-8MM-4,18K,White Gold,8,4,6.48,201500,20
WHG-R-1808,WHG-R-1808-8MM-4.5,18K,White Gold,8,4.5,6.625,205500,20
WHG-R-1808,WHG-R-1808-8MM-5,18K,White Gold,8,5,6.77,209500,20
WHG-R-1808,WHG-R-1808-8MM-5.5,18K,White Gold,8,5.5,6.92,213500,20
WHG-R-1808,WHG-R-1808-8MM-6,18K,White Gold,8,6,7.07,218000,20
WHG-R-1808,WHG-R-1808-8MM-6.5,18K,White Gold,8,6.5,7.215,222000,20
WHG-R-1808,WHG-R-1808-8MM-7,18K,White Gold,8,7,7.36,226000,20
WHG-R-1808,WHG-R-1808-8MM-7.5,18K,White Gold,8,7.5,7.51,230000,20
WHG-R-1808,WHG-R-1808-8MM-8,18K,White Gold,8,8,7.66,234500,20
WHG-R-1808,WHG-R-1808-8MM-8.5,18K,White Gold,8,8.5,7.8,238500,20
WHG-R-1808,WHG-R-1808-8MM-9,18K,White Gold,8,9,7.94,242500,20
WHG-R-1808,WHG-R-1808-8MM-9.5,18K,White Gold,8,9.5,8.09,246500,20
WHG-R-1808,WHG-R-1808-8MM-10,18K,White Gold,8,10,8.24,251000,20
WHG-R-1808,WHG-R-1808-8MM-10.5,18K,White Gold,8,10.5,8.385,255000,20
WHG-R-1808,WHG-R-1808-8MM-11,18K,White Gold,8,11,8.53,259000,20
WHG-R-1808,WHG-R-1808-8MM-11.5,18K,White Gold,8,11.5,8.68,263000,20
WHG-R-1808,WHG-R-1808-8MM-12,18K,White Gold,8,12,8.83,267500,20
WHG-R-1808,WHG-R-1808-8MM-12.5,18K,White Gold,8,12.5,8.975,271500,20
WHG-R-1808,WHG-R-1808-8MM-13,18K,White Gold,8,13,9.12,275500,20
WHG-R-1808,WHG-R-1808-8MM-13.5,18K,White Gold,8,13.5,9.24,279000,20
WHG-R-1808,WHG-R-1808-8MM-14,18K,White Gold,8,14,9.36,282000,20
WHG-R-1808,WHG-R-1808-8MM-14.5,18K,White Gold,8,14.5,9.48,285500,20
WHG-R-1808,WHG-R-1808-8MM-15,18K,White Gold,8,15,9.6,289000,20
WHG-R-1808,WHG-R-1808-8MM-15.5,18K,White Gold,8,15.5,9.78,294000,20
WHG-R-1808,WHG-R-1808-8MM-16,18K,White Gold,8,16,9.96,299000,20
WHG-R-1808,WHG-R-1808-9MM-4,18K,White Gold,9,4,7.98,243500,20
WHG-R-1808,WHG-R-1808-9MM-4.5,18K,White Gold,9,4.5,8.17,249000,20
WHG-R-1808,WHG-R-1808-9MM-5,18K,White Gold,9,5,8.36,254000,20
WHG-R-1808,WHG-R-1808-9MM-5.5,18K,White Gold,9,5.5,8.555,259500,20
WHG-R-1808,WHG-R-1808-9MM-6,18K,White Gold,9,6,8.75,265000,20
WHG-R-1808,WHG-R-1808-9MM-6.5,18K,White Gold,9,6.5,8.945,270500,20
WHG-R-1808,WHG-R-1808-9MM-7,18K,White Gold,9,7,9.14,276000,20
WHG-R-1808,WHG-R-1808-9MM-7.5,18K,White Gold,9,7.5,9.33,281500,20
WHG-R-1808,WHG-R-1808-9MM-8,18K,White Gold,9,8,9.52,287000,20
WHG-R-1808,WHG-R-1808-9MM-8.5,18K,White Gold,9,8.5,9.715,292000,20
WHG-R-1808,WHG-R-1808-9MM-9,18K,White Gold,9,9,9.91,298000,20
WHG-R-1808,WHG-R-1808-9MM-9.5,18K,White Gold,9,9.5,10.105,303500,20
WHG-R-1808,WHG-R-1808-9MM-10,18K,White Gold,9,10,10.3,309000,20
WHG-R-1808,WHG-R-1808-9MM-10.5,18K,White Gold,9,10.5,10.495,314000,20
WHG-R-1808,WHG-R-1808-9MM-11,18K,White Gold,9,11,10.69,319500,20
WHG-R-1808,WHG-R-1808-9MM-11.5,18K,White Gold,9,11.5,10.88,325000,20
WHG-R-1808,WHG-R-1808-9MM-12,18K,White Gold,9,12,11.07,330500,20
WHG-R-1808,WHG-R-1808-9MM-12.5,18K,White Gold,9,12.5,11.265,336000,20
WHG-R-1808,WHG-R-1808-9MM-13,18K,White Gold,9,13,11.46,341500,20
WHG-R-1808,WHG-R-1808-9MM-13.5,18K,White Gold,9,13.5,11.655,347000,20
WHG-R-1808,WHG-R-1808-9MM-14,18K,White Gold,9,14,11.85,352500,20
WHG-R-1808,WHG-R-1808-9MM-14.5,18K,White Gold,9,14.5,12.04,357500,20
WHG-R-1808,WHG-R-1808-9MM-15,18K,White Gold,9,15,12.23,363000,20
WHG-R-1808,WHG-R-1808-9MM-15.5,18K,White Gold,9,15.5,12.425,368500,20
WHG-R-1808,WHG-R-1808-9MM-16,18K,White Gold,9,16,12.62,374000,20
WHG-R-1808,WHG-R-1808-10MM-4,18K,White Gold,10,4,8.86,268000,20
WHG-R-1808,WHG-R-1808-10MM-4.5,18K,White Gold,10,4.5,9.075,274000,20
WHG-R-1808,WHG-R-1808-10MM-5,18K,White Gold,10,5,9.29,280500,20
WHG-R-1808,WHG-R-1808-10MM-5.5,18K,White Gold,10,5.5,9.505,286500,20
WHG-R-1808,WHG-R-1808-10MM-6,18K,White Gold,10,6,9.72,292500,20
WHG-R-1808,WHG-R-1808-10MM-6.5,18K,White Gold,10,6.5,9.935,298500,20
WHG-R-1808,WHG-R-1808-10MM-7,18K,White Gold,10,7,10.15,304500,20
WHG-R-1808,WHG-R-1808-10MM-7.5,18K,White Gold,10,7.5,10.365,310500,20
WHG-R-1808,WHG-R-1808-10MM-8,18K,White Gold,10,8,10.58,316500,20
WHG-R-1808,WHG-R-1808-10MM-8.5,18K,White Gold,10,8.5,10.795,322500,20
WHG-R-1808,WHG-R-1808-10MM-9,18K,White Gold,10,9,11.01,329000,20
WHG-R-1808,WHG-R-1808-10MM-9.5,18K,White Gold,10,9.5,11.225,335000,20
WHG-R-1808,WHG-R-1808-10MM-10,18K,White Gold,10,10,11.44,341000,20
WHG-R-1808,WHG-R-1808-10MM-10.5,18K,White Gold,10,10.5,11.51,343000,20
WHG-R-1808,WHG-R-1808-10MM-11,18K,White Gold,10,11,11.58,345000,20
WHG-R-1808,WHG-R-1808-10MM-11.5,18K,White Gold,10,11.5,11.94,355000,20
WHG-R-1808,WHG-R-1808-10MM-12,18K,White Gold,10,12,12.3,365000,20
WHG-R-1808,WHG-R-1808-10MM-12.5,18K,White Gold,10,12.5,12.515,371000,20
WHG-R-1808,WHG-R-1808-10MM-13,18K,White Gold,10,13,12.73,377000,20
WHG-R-1808,WHG-R-1808-10MM-13.5,18K,White Gold,10,13.5,12.945,383000,20
WHG-R-1808,WHG-R-1808-10MM-14,18K,White Gold,10,14,13.16,389000,20
WHG-R-1808,WHG-R-1808-10MM-14.5,18K,White Gold,10,14.5,13.375,395500,20
WHG-R-1808,WHG-R-1808-10MM-15,18K,White Gold,10,15,13.59,401500,20
WHG-R-1808,WHG-R-1808-10MM-15.5,18K,White Gold,10,15.5,13.805,407500,20
WHG-R-1808,WHG-R-1808-10MM-16,18K,White Gold,10,16,14.02,413500,20
WHG-R-1808,WHG-R-1808-11MM-4,18K,White Gold,11,4,9.75,293500,20
WHG-R-1808,WHG-R-1808-11MM-4.5,18K,White Gold,11,4.5,9.985,300000,20
WHG-R-1808,WHG-R-1808-11MM-5,18K,White Gold,11,5,10.22,306500,20
WHG-R-1808,WHG-R-1808-11MM-5.5,18K,White Gold,11,5.5,10.46,313500,20
WHG-R-1808,WHG-R-1808-11MM-6,18K,White Gold,11,6,10.7,320000,20
WHG-R-1808,WHG-R-1808-11MM-6.5,18K,White Gold,11,6.5,10.935,326500,20
WHG-R-1808,WHG-R-1808-11MM-7,18K,White Gold,11,7,11.17,333000,20
WHG-R-1808,WHG-R-1808-11MM-7.5,18K,White Gold,11,7.5,11.405,340000,20
WHG-R-1808,WHG-R-1808-11MM-8,18K,White Gold,11,8,11.64,346500,20
WHG-R-1808,WHG-R-1808-11MM-8.5,18K,White Gold,11,8.5,11.875,353000,20
WHG-R-1808,WHG-R-1808-11MM-9,18K,White Gold,11,9,12.11,359500,20
WHG-R-1808,WHG-R-1808-11MM-9.5,18K,White Gold,11,9.5,12.35,366500,20
WHG-R-1808,WHG-R-1808-11MM-10,18K,White Gold,11,10,12.59,373000,20
WHG-R-1808,WHG-R-1808-11MM-10.5,18K,White Gold,11,10.5,12.825,380000,20
WHG-R-1808,WHG-R-1808-11MM-11,18K,White Gold,11,11,13.06,386500,20
WHG-R-1808,WHG-R-1808-11MM-11.5,18K,White Gold,11,11.5,13.295,393000,20
WHG-R-1808,WHG-R-1808-11MM-12,18K,White Gold,11,12,13.53,399500,20
WHG-R-1808,WHG-R-1808-11MM-12.5,18K,White Gold,11,12.5,13.77,406500,20
WHG-R-1808,WHG-R-1808-11MM-13,18K,White Gold,11,13,14.01,413000,20
WHG-R-1808,WHG-R-1808-11MM-13.5,18K,White Gold,11,13.5,14.245,419500,20
WHG-R-1808,WHG-R-1808-11MM-14,18K,White Gold,11,14,14.48,426500,20
WHG-R-1808,WHG-R-1808-11MM-14.5,18K,White Gold,11,14.5,14.715,433000,20
WHG-R-1808,WHG-R-1808-11MM-15,18K,White Gold,11,15,14.95,439500,20
WHG-R-1808,WHG-R-1808-11MM-15.5,18K,White Gold,11,15.5,15.185,446000,20
WHG-R-1808,WHG-R-1808-11MM-16,18K,White Gold,11,16,15.42,453000,20
WHG-R-1808,WHG-R-1808-12MM-4,18K,White Gold,12,4,10.64,318500,20
WHG-R-1808,WHG-R-1808-12MM-4.5,18K,White Gold,12,4.5,10.895,325500,20
WHG-R-1808,WHG-R-1808-12MM-5,18K,White Gold,12,5,11.15,332500,20
WHG-R-1808,WHG-R-1808-12MM-5.5,18K,White Gold,12,5.5,11.41,340000,20
WHG-R-1808,WHG-R-1808-12MM-6,18K,White Gold,12,6,11.67,347500,20
WHG-R-1808,WHG-R-1808-12MM-6.5,18K,White Gold,12,6.5,11.925,354500,20
WHG-R-1808,WHG-R-1808-12MM-7,18K,White Gold,12,7,12.18,361500,20
WHG-R-1808,WHG-R-1808-12MM-7.5,18K,White Gold,12,7.5,12.44,369000,20
WHG-R-1808,WHG-R-1808-12MM-8,18K,White Gold,12,8,12.7,376000,20
WHG-R-1808,WHG-R-1808-12MM-8.5,18K,White Gold,12,8.5,12.96,383500,20
WHG-R-1808,WHG-R-1808-12MM-9,18K,White Gold,12,9,13.22,391000,20
WHG-R-1808,WHG-R-1808-12MM-9.5,18K,White Gold,12,9.5,13.475,398000,20
WHG-R-1808,WHG-R-1808-12MM-10,18K,White Gold,12,10,13.73,405500,20
WHG-R-1808,WHG-R-1808-12MM-10.5,18K,White Gold,12,10.5,13.985,412500,20
WHG-R-1808,WHG-R-1808-12MM-11,18K,White Gold,12,11,14.24,419500,20
WHG-R-1808,WHG-R-1808-12MM-11.5,18K,White Gold,12,11.5,14.5,427000,20
WHG-R-1808,WHG-R-1808-12MM-12,18K,White Gold,12,12,14.76,434000,20
WHG-R-1808,WHG-R-1808-12MM-12.5,18K,White Gold,12,12.5,15.02,441500,20
WHG-R-1808,WHG-R-1808-12MM-13,18K,White Gold,12,13,15.28,449000,20
WHG-R-1808,WHG-R-1808-12MM-13.5,18K,White Gold,12,13.5,15.535,456000,20
WHG-R-1808,WHG-R-1808-12MM-14,18K,White Gold,12,14,15.79,463500,20
WHG-R-1808,WHG-R-1808-12MM-14.5,18K,White Gold,12,14.5,16.05,470500,20
WHG-R-1808,WHG-R-1808-12MM-15,18K,White Gold,12,15,16.31,478000,20
WHG-R-1808,WHG-R-1808-12MM-15.5,18K,White Gold,12,15.5,16.57,485000,20
WHG-R-1808,WHG-R-1808-12MM-16,18K,White Gold,12,16,16.83,492500,20
RSG-R-1008,RSG-R-1008-3MM-4,10K,Rose Gold,3,4,2.05,39500,20
RSG-R-1008,RSG-R-1008-3MM-4.5,10K,Rose Gold,3,4.5,2.1,40000,20
RSG-R-1008,RSG-R-1008-3MM-5,10K,Rose Gold,3,5,2.15,41000,20
RSG-R-1008,RSG-R-1008-3MM-5.5,10K,Rose Gold,3,5.5,2.2,41500,20
RSG-R-1008,RSG-R-1008-3MM-6,10K,Rose Gold,3,6,2.25,42000,20
RSG-R-1008,RSG-R-1008-3MM-6.5,10K,Rose Gold,3,6.5,2.3,42500,20
RSG-R-1008,RSG-R-1008-3MM-7,10K,Rose Gold,3,7,2.35,43000,20
RSG-R-1008,RSG-R-1008-3MM-7.5,10K,Rose Gold,3,7.5,2.4,44000,20
RSG-R-1008,RSG-R-1008-3MM-8,10K,Rose Gold,3,8,2.45,44500,20
RSG-R-1008,RSG-R-1008-3MM-8.5,10K,Rose Gold,3,8.5,2.5,45000,20
RSG-R-1008,RSG-R-1008-3MM-9,10K,Rose Gold,3,9,2.55,45500,20
RSG-R-1008,RSG-R-1008-3MM-9.5,10K,Rose Gold,3,9.5,2.6,46000,20
RSG-R-1008,RSG-R-1008-3MM-10,10K,Rose Gold,3,10,2.65,47000,20
RSG-R-1008,RSG-R-1008-3MM-10.5,10K,Rose Gold,3,10.5,2.7,47500,20
RSG-R-1008,RSG-R-1008-3MM-11,10K,Rose Gold,3,11,2.75,48000,20
RSG-R-1008,RSG-R-1008-3MM-11.5,10K,Rose Gold,3,11.5,2.8,48500,20
RSG-R-1008,RSG-R-1008-3MM-12,10K,Rose Gold,3,12,2.85,49500,20
RSG-R-1008,RSG-R-1008-3MM-12.5,10K,Rose Gold,3,12.5,2.9,50000,20
RSG-R-1008,RSG-R-1008-3MM-13,10K,Rose Gold,3,13,2.95,50500,20
RSG-R-1008,RSG-R-1008-3MM-13.5,10K,Rose Gold,3,13.5,3.0,51000,20
RSG-R-1008,RSG-R-1008-3MM-14,10K,Rose Gold,3,14,3.05,51500,20
RSG-R-1008,RSG-R-1008-3MM-14.5,10K,Rose Gold,3,14.5,3.1,52000,20
RSG-R-1008,RSG-R-1008-3MM-15,10K,Rose Gold,3,15,3.15,53000,20
RSG-R-1008,RSG-R-1008-3MM-15.5,10K,Rose Gold,3,15.5,3.2,53500,20
RSG-R-1008,RSG-R-1008-3MM-16,10K,Rose Gold,3,16,3.25,54000,20
RSG-R-1008,RSG-R-1008-4MM-4,10K,Rose Gold,4,4,2.74,48000,20
RSG-R-1008,RSG-R-1008-4MM-4.5,10K,Rose Gold,4,4.5,2.805,49000,20
RSG-R-1008,RSG-R-1008-4MM-5,10K,Rose Gold,4,5,2.87,49500,20
RSG-R-1008,RSG-R-1008-4MM-5.5,10K,Rose Gold,4,5.5,2.935,50000,20
RSG-R-1008,RSG-R-1008-4MM-6,10K,Rose Gold,4,6,3.0,51000,20
RSG-R-1008,RSG-R-1008-4MM-6.5,10K,Rose Gold,4,6.5,3.07,52000,20
RSG-R-1008,RSG-R-1008-4MM-7,10K,Rose Gold,4,7,3.14,53000,20
RSG-R-1008,RSG-R-1008-4MM-7.5,10K,Rose Gold,4,7.5,3.205,53500,20
RSG-R-1008,RSG-R-1008-4MM-8,10K,Rose Gold,4,8,3.27,54500,20
RSG-R-1008,RSG-R-1008-4MM-8.5,10K,Rose Gold,4,8.5,3.335,55000,20
RSG-R-1008,RSG-R-1008-4MM-9,10K,Rose Gold,4,9,3.4,56000,20
RSG-R-1008,RSG-R-1008-4MM-9.5,10K,Rose Gold,4,9.5,3.465,57000,20
RSG-R-1008,RSG-R-1008-4MM-10,10K,Rose Gold,4,10,3.53,57500,20
RSG-R-1008,RSG-R-1008-4MM-10.5,10K,Rose Gold,4,10.5,3.6,58500,20
RSG-R-1008,RSG-R-1008-4MM-11,10K,Rose Gold,4,11,3.67,59000,20
RSG-R-1008,RSG-R-1008-4MM-11.5,10K,Rose Gold,4,11.5,3.735,60000,20
RSG-R-1008,RSG-R-1008-4MM-12,10K,Rose Gold,4,12,3.8,61000,20
RSG-R-1008,RSG-R-1008-4MM-12.5,10K,Rose Gold,4,12.5,3.865,61500,20
RSG-R-1008,RSG-R-1008-4MM-13,10K,Rose Gold,4,13,3.93,62500,20
RSG-R-1008,RSG-R-1008-4MM-13.5,10K,Rose Gold,4,13.5,3.995,63000,20
RSG-R-1008,RSG-R-1008-4MM-14,10K,Rose Gold,4,14,4.06,64000,20
RSG-R-1008,RSG-R-1008-4MM-14.5,10K,Rose Gold,4,14.5,4.13,65000,20
RSG-R-1008,RSG-R-1008-4MM-15,10K,Rose Gold,4,15,4.2,65500,20
RSG-R-1008,RSG-R-1008-4MM-15.5,10K,Rose Gold,4,15.5,4.265,66500,20
RSG-R-1008,RSG-R-1008-4MM-16,10K,Rose Gold,4,16,4.33,67000,20
RSG-R-1008,RSG-R-1008-5MM-4,10K,Rose Gold,5,4,3.42,56000,20
RSG-R-1008,RSG-R-1008-5MM-4.5,10K,Rose Gold,5,4.5,3.505,57000,20
RSG-R-1008,RSG-R-1008-5MM-5,10K,Rose Gold,5,5,3.59,58000,20
RSG-R-1008,RSG-R-1008-5MM-5.5,10K,Rose Gold,5,5.5,3.67,59000,20
RSG-R-1008,RSG-R-1008-5MM-6,10K,Rose Gold,5,6,3.75,60000,20
RSG-R-1008,RSG-R-1008-5MM-6.5,10K,Rose Gold,5,6.5,3.835,61000,20
RSG-R-1008,RSG-R-1008-5MM-7,10K,Rose Gold,5,7,3.92,62000,20
RSG-R-1008,RSG-R-1008-5MM-7.5,10K,Rose Gold,5,7.5,4.0,63000,20
RSG-R-1008,RSG-R-1008-5MM-8,10K,Rose Gold,5,8,4.08,64000,20
RSG-R-1008,RSG-R-1008-5MM-8.5,10K,Rose Gold,5,8.5,4.165,65000,20
RSG-R-1008,RSG-R-1008-5MM-9,10K,Rose Gold,5,9,4.25,66000,20
RSG-R-1008,RSG-R-1008-5MM-9.5,10K,Rose Gold,5,9.5,4.335,67500,20
RSG-R-1008,RSG-R-1008-5MM-10,10K,Rose Gold,5,10,4.42,68000,20
RSG-R-1008,RSG-R-1008-5MM-10.5,10K,Rose Gold,5,10.5,4.5,69500,20
RSG-R-1008,RSG-R-1008-5MM-11,10K,Rose Gold,5,11,4.58,70000,20
RSG-R-1008,RSG-R-1008-5MM-11.5,10K,Rose Gold,5,11.5,4.665,71500,20
RSG-R-1008,RSG-R-1008-5MM-12,10K,Rose Gold,5,12,4.75,72000,20
RSG-R-1008,RSG-R-1008-5MM-12.5,10K,Rose Gold,5,12.5,4.83,73500,20
RSG-R-1008,RSG-R-1008-5MM-13,10K,Rose Gold,5,13,4.91,74000,20
RSG-R-1008,RSG-R-1008-5MM-13.5,10K,Rose Gold,5,13.5,4.995,75500,20
RSG-R-1008,RSG-R-1008-5MM-14,10K,Rose Gold,5,14,5.08,76000,20
RSG-R-1008,RSG-R-1008-5MM-14.5,10K,Rose Gold,5,14.5,5.185,77500,20
RSG-R-1008,RSG-R-1008-5MM-15,10K,Rose Gold,5,15,5.29,79000,20
RSG-R-1008,RSG-R-1008-5MM-15.5,10K,Rose Gold,5,15.5,5.355,79500,20
RSG-R-1008,RSG-R-1008-5MM-16,10K,Rose Gold,5,16,5.42,80500,20
RSG-R-1008,RSG-R-1008-6MM-4,10K,Rose Gold,6,4,4.11,64500,20
RSG-R-1008,RSG-R-1008-6MM-4.5,10K,Rose Gold,6,4.5,4.205,65500,20
RSG-R-1008,RSG-R-1008-6MM-5,10K,Rose Gold,6,5,4.3,67000,20
RSG-R-1008,RSG-R-1008-6MM-5.5,10K,Rose Gold,6,5.5,4.4,68000,20
RSG-R-1008,RSG-R-1008-6MM-6,10K,Rose Gold,6,6,4.5,69500,20
RSG-R-1008,RSG-R-1008-6MM-6.5,10K,Rose Gold,6,6.5,4.6,70500,20
RSG-R-1008,RSG-R-1008-6MM-7,10K,Rose Gold,6,7,4.7,71500,20
RSG-R-1008,RSG-R-1008-6MM-7.5,10K,Rose Gold,6,7.5,4.8,73000,20
RSG-R-1008,RSG-R-1008-6MM-8,10K,Rose Gold,6,8,4.9,74000,20
RSG-R-1008,RSG-R-1008-6MM-8.5,10K,Rose Gold,6,8.5,5.0,75500,20
RSG-R-1008,RSG-R-1008-6MM-9,10K,Rose Gold,6,9,5.1,76500,20
RSG-R-1008,RSG-R-1008-6MM-9.5,10K,Rose Gold,6,9.5,5.2,77500,20
RSG-R-1008,RSG-R-1008-6MM-10,10K,Rose Gold,6,10,5.3,79000,20
RSG-R-1008,RSG-R-1008-6MM-10.5,10K,Rose Gold,6,10.5,5.4,80000,20
RSG-R-1008,RSG-R-1008-6MM-11,10K,Rose Gold,6,11,5.5,81500,20
RSG-R-1008,RSG-R-1008-6MM-11.5,10K,Rose Gold,6,11.5,5.6,82500,20
RSG-R-1008,RSG-R-1008-6MM-12,10K,Rose Gold,6,12,5.7,84000,20
RSG-R-1008,RSG-R-1008-6MM-12.5,10K,Rose Gold,6,12.5,5.8,85000,20
RSG-R-1008,RSG-R-1008-6MM-13,10K,Rose Gold,6,13,5.9,86000,20
RSG-R-1008,RSG-R-1008-6MM-13.5,10K,Rose Gold,6,13.5,6.0,87500,20
RSG-R-1008,RSG-R-1008-6MM-14,10K,Rose Gold,6,14,6.1,88500,20
RSG-R-1008,RSG-R-1008-6MM-14.5,10K,Rose Gold,6,14.5,6.195,90000,20
RSG-R-1008,RSG-R-1008-6MM-15,10K,Rose Gold,6,15,6.29,91000,20
RSG-R-1008,RSG-R-1008-6MM-15.5,10K,Rose Gold,6,15.5,6.39,92000,20
RSG-R-1008,RSG-R-1008-6MM-16,10K,Rose Gold,6,16,6.49,93500,20
RSG-R-1008,RSG-R-1008-7MM-4,10K,Rose Gold,7,4,4.79,73000,20
RSG-R-1008,RSG-R-1008-7MM-4.5,10K,Rose Gold,7,4.5,4.905,74000,20
RSG-R-1008,RSG-R-1008-7MM-5,10K,Rose Gold,7,5,5.02,75500,20
RSG-R-1008,RSG-R-1008-7MM-5.5,10K,Rose Gold,7,5.5,5.135,77000,20
RSG-R-1008,RSG-R-1008-7MM-6,10K,Rose Gold,7,6,5.25,78500,20
RSG-R-1008,RSG-R-1008-7MM-6.5,10K,Rose Gold,7,6.5,5.37,80000,20
RSG-R-1008,RSG-R-1008-7MM-7,10K,Rose Gold,7,7,5.49,81500,20
RSG-R-1008,RSG-R-1008-7MM-7.5,10K,Rose Gold,7,7.5,5.605,82500,20
RSG-R-1008,RSG-R-1008-7MM-8,10K,Rose Gold,7,8,5.72,84000,20
RSG-R-1008,RSG-R-1008-7MM-8.5,10K,Rose Gold,7,8.5,5.835,85500,20
RSG-R-1008,RSG-R-1008-7MM-9,10K,Rose Gold,7,9,5.95,87000,20
RSG-R-1008,RSG-R-1008-7MM-9.5,10K,Rose Gold,7,9.5,6.065,88000,20
RSG-R-1008,RSG-R-1008-7MM-10,10K,Rose Gold,7,10,6.18,89500,20
RSG-R-1008,RSG-R-1008-7MM-10.5,10K,Rose Gold,7,10.5,6.3,91000,20
RSG-R-1008,RSG-R-1008-7MM-11,10K,Rose Gold,7,11,6.42,92500,20
RSG-R-1008,RSG-R-1008-7MM-11.5,10K,Rose Gold,7,11.5,6.535,94000,20
RSG-R-1008,RSG-R-1008-7MM-12,10K,Rose Gold,7,12,6.65,95500,20
RSG-R-1008,RSG-R-1008-7MM-12.5,10K,Rose Gold,7,12.5,6.765,97000,20
RSG-R-1008,RSG-R-1008-7MM-13,10K,Rose Gold,7,13,6.88,98000,20
RSG-R-1008,RSG-R-1008-7MM-13.5,10K,Rose Gold,7,13.5,6.995,99500,20
RSG-R-1008,RSG-R-1008-7MM-14,10K,Rose Gold,7,14,7.11,101000,20
RSG-R-1008,RSG-R-1008-7MM-14.5,10K,Rose Gold,7,14.5,7.225,102500,20
RSG-R-1008,RSG-R-1008-7MM-15,10K,Rose Gold,7,15,7.34,103500,20
RSG-R-1008,RSG-R-1008-7MM-15.5,10K,Rose Gold,7,15.5,7.46,105000,20
RSG-R-1008,RSG-R-1008-7MM-16,10K,Rose Gold,7,16,7.58,106500,20
RSG-R-1008,RSG-R-1008-8MM-4,10K,Rose Gold,8,4,5.47,104500,20
RSG-R-1008,RSG-R-1008-8MM-4.5,10K,Rose Gold,8,4.5,5.605,106500,20
RSG-R-1008,RSG-R-1008-8MM-5,10K,Rose Gold,8,5,5.74,109000,20
RSG-R-1008,RSG-R-1008-8MM-5.5,10K,Rose Gold,8,5.5,5.87,111000,20
RSG-R-1008,RSG-R-1008-8MM-6,10K,Rose Gold,8,6,6.0,113000,20
RSG-R-1008,RSG-R-1008-8MM-6.5,10K,Rose Gold,8,6.5,6.135,115000,20
RSG-R-1008,RSG-R-1008-8MM-7,10K,Rose Gold,8,7,6.27,117000,20
RSG-R-1008,RSG-R-1008-8MM-7.5,10K,Rose Gold,8,7.5,6.405,119000,20
RSG-R-1008,RSG-R-1008-8MM-8,10K,Rose Gold,8,8,6.54,121000,20
RSG-R-1008,RSG-R-1008-8MM-8.5,10K,Rose Gold,8,8.5,6.67,123500,20
RSG-R-1008,RSG-R-1008-8MM-9,10K,Rose Gold,8,9,6.8,125500,20
RSG-R-1008,RSG-R-1008-8MM-9.5,10K,Rose Gold,8,9.5,6.935,127500,20
RSG-R-1008,RSG-R-1008-8MM-10,10K,Rose Gold,8,10,7.07,129500,20
RSG-R-1008,RSG-R-1008-8MM-10.5,10K,Rose Gold,8,10.5,7.2,131500,20
RSG-R-1008,RSG-R-1008-8MM-11,10K,Rose Gold,8,11,7.33,133500,20
RSG-R-1008,RSG-R-1008-8MM-11.5,10K,Rose Gold,8,11.5,7.465,135500,20
RSG-R-1008,RSG-R-1008-8MM-12,10K,Rose Gold,8,12,7.6,138000,20
RSG-R-1008,RSG-R-1008-8MM-12.5,10K,Rose Gold,8,12.5,7.73,140000,20
RSG-R-1008,RSG-R-1008-8MM-13,10K,Rose Gold,8,13,7.86,142000,20
RSG-R-1008,RSG-R-1008-8MM-13.5,10K,Rose Gold,8,13.5,7.995,144000,20
RSG-R-1008,RSG-R-1008-8MM-14,10K,Rose Gold,8,14,8.13,146000,20
RSG-R-1008,RSG-R-1008-8MM-14.5,10K,Rose Gold,8,14.5,8.26,148000,20
RSG-R-1008,RSG-R-1008-8MM-15,10K,Rose Gold,8,15,8.39,150000,20
RSG-R-1008,RSG-R-1008-8MM-15.5,10K,Rose Gold,8,15.5,8.525,152000,20
RSG-R-1008,RSG-R-1008-8MM-16,10K,Rose Gold,8,16,8.66,154500,20
RSG-R-1008,RSG-R-1008-9MM-4,10K,Rose Gold,9,4,6.16,115500,20
RSG-R-1008,RSG-R-1008-9MM-4.5,10K,Rose Gold,9,4.5,6.31,117500,20
RSG-R-1008,RSG-R-1008-9MM-5,10K,Rose Gold,9,5,6.46,120000,20
RSG-R-1008,RSG-R-1008-9MM-5.5,10K,Rose Gold,9,5.5,6.61,122500,20
RSG-R-1008,RSG-R-1008-9MM-6,10K,Rose Gold,9,6,6.76,124500,20
RSG-R-1008,RSG-R-1008-9MM-6.5,10K,Rose Gold,9,6.5,6.905,127000,20
RSG-R-1008,RSG-R-1008-9MM-7,10K,Rose Gold,9,7,7.05,129000,20
RSG-R-1008,RSG-R-1008-9MM-7.5,10K,Rose Gold,9,7.5,7.2,131500,20
RSG-R-1008,RSG-R-1008-9MM-8,10K,Rose Gold,9,8,7.35,134000,20
RSG-R-1008,RSG-R-1008-9MM-8.5,10K,Rose Gold,9,8.5,7.5,136000,20
RSG-R-1008,RSG-R-1008-9MM-9,10K,Rose Gold,9,9,7.65,138500,20
RSG-R-1008,RSG-R-1008-9MM-9.5,10K,Rose Gold,9,9.5,7.8,141000,20
RSG-R-1008,RSG-R-1008-9MM-10,10K,Rose Gold,9,10,7.95,143500,20
RSG-R-1008,RSG-R-1008-9MM-10.5,10K,Rose Gold,9,10.5,8.1,145500,20
RSG-R-1008,RSG-R-1008-9MM-11,10K,Rose Gold,9,11,8.25,148000,20
RSG-R-1008,RSG-R-1008-9MM-11.5,10K,Rose Gold,9,11.5,8.4,150500,20
RSG-R-1008,RSG-R-1008-9MM-12,10K,Rose Gold,9,12,8.55,152500,20
RSG-R-1008,RSG-R-1008-9MM-12.5,10K,Rose Gold,9,12.5,8.7,155000,20
RSG-R-1008,RSG-R-1008-9MM-13,10K,Rose Gold,9,13,8.85,157500,20
RSG-R-1008,RSG-R-1008-9MM-13.5,10K,Rose Gold,9,13.5,8.995,159500,20
RSG-R-1008,RSG-R-1008-9MM-14,10K,Rose Gold,9,14,9.14,162000,20
RSG-R-1008,RSG-R-1008-9MM-14.5,10K,Rose Gold,9,14.5,9.29,164000,20
RSG-R-1008,RSG-R-1008-9MM-15,10K,Rose Gold,9,15,9.44,166500,20
RSG-R-1008,RSG-R-1008-9MM-15.5,10K,Rose Gold,9,15.5,9.59,169000,20
RSG-R-1008,RSG-R-1008-9MM-16,10K,Rose Gold,9,16,9.74,171500,20
RSG-R-1008,RSG-R-1008-10MM-4,10K,Rose Gold,10,4,6.84,126000,20
RSG-R-1008,RSG-R-1008-10MM-4.5,10K,Rose Gold,10,4.5,7.005,128500,20
RSG-R-1008,RSG-R-1008-10MM-5,10K,Rose Gold,10,5,7.17,131000,20
RSG-R-1008,RSG-R-1008-10MM-5.5,10K,Rose Gold,10,5.5,7.34,133500,20
RSG-R-1008,RSG-R-1008-10MM-6,10K,Rose Gold,10,6,7.51,136500,20
RSG-R-1008,RSG-R-1008-10MM-6.5,10K,Rose Gold,10,6.5,7.675,139000,20
RSG-R-1008,RSG-R-1008-10MM-7,10K,Rose Gold,10,7,7.84,141500,20
RSG-R-1008,RSG-R-1008-10MM-7.5,10K,Rose Gold,10,7.5,8.005,144000,20
RSG-R-1008,RSG-R-1008-10MM-8,10K,Rose Gold,10,8,8.17,147000,20
RSG-R-1008,RSG-R-1008-10MM-8.5,10K,Rose Gold,10,8.5,8.335,149500,20
RSG-R-1008,RSG-R-1008-10MM-9,10K,Rose Gold,10,9,8.5,152000,20
RSG-R-1008,RSG-R-1008-10MM-9.5,10K,Rose Gold,10,9.5,8.665,154500,20
RSG-R-1008,RSG-R-1008-10MM-10,10K,Rose Gold,10,10,8.83,157000,20
RSG-R-1008,RSG-R-1008-10MM-10.5,10K,Rose Gold,10,10.5,8.995,159500,20
RSG-R-1008,RSG-R-1008-10MM-11,10K,Rose Gold,10,11,9.16,162000,20
RSG-R-1008,RSG-R-1008-10MM-11.5,10K,Rose Gold,10,11.5,9.33,165000,20
RSG-R-1008,RSG-R-1008-10MM-12,10K,Rose Gold,10,12,9.5,167500,20
RSG-R-1008,RSG-R-1008-10MM-12.5,10K,Rose Gold,10,12.5,9.665,170000,20
RSG-R-1008,RSG-R-1008-10MM-13,10K,Rose Gold,10,13,9.83,173000,20
RSG-R-1008,RSG-R-1008-10MM-13.5,10K,Rose Gold,10,13.5,9.995,175500,20
RSG-R-1008,RSG-R-1008-10MM-14,10K,Rose Gold,10,14,10.16,178000,20
RSG-R-1008,RSG-R-1008-10MM-14.5,10K,Rose Gold,10,14.5,10.325,180500,20
RSG-R-1008,RSG-R-1008-10MM-15,10K,Rose Gold,10,15,10.49,183000,20
RSG-R-1008,RSG-R-1008-10MM-15.5,10K,Rose Gold,10,15.5,10.655,185500,20
RSG-R-1008,RSG-R-1008-10MM-16,10K,Rose Gold,10,16,10.82,188000,20
RSG-R-1008,RSG-R-1008-11MM-4,10K,Rose Gold,11,4,7.53,137000,20
RSG-R-1008,RSG-R-1008-11MM-4.5,10K,Rose Gold,11,4.5,7.71,139500,20
RSG-R-1008,RSG-R-1008-11MM-5,10K,Rose Gold,11,5,7.89,142500,20
RSG-R-1008,RSG-R-1008-11MM-5.5,10K,Rose Gold,11,5.5,8.075,145500,20
RSG-R-1008,RSG-R-1008-11MM-6,10K,Rose Gold,11,6,8.26,148000,20
RSG-R-1008,RSG-R-1008-11MM-6.5,10K,Rose Gold,11,6.5,8.44,151000,20
RSG-R-1008,RSG-R-1008-11MM-7,10K,Rose Gold,11,7,8.62,154000,20
RSG-R-1008,RSG-R-1008-11MM-7.5,10K,Rose Gold,11,7.5,8.805,156500,20
RSG-R-1008,RSG-R-1008-11MM-8,10K,Rose Gold,11,8,8.99,159500,20
RSG-R-1008,RSG-R-1008-11MM-8.5,10K,Rose Gold,11,8.5,9.17,162500,20
RSG-R-1008,RSG-R-1008-11MM-9,10K,Rose Gold,11,9,9.35,165000,20
RSG-R-1008,RSG-R-1008-11MM-9.5,10K,Rose Gold,11,9.5,9.535,168000,20
RSG-R-1008,RSG-R-1008-11MM-10,10K,Rose Gold,11,10,9.72,171000,20
RSG-R-1008,RSG-R-1008-11MM-10.5,10K,Rose Gold,11,10.5,9.9,174000,20
RSG-R-1008,RSG-R-1008-11MM-11,10K,Rose Gold,11,11,10.08,176500,20
RSG-R-1008,RSG-R-1008-11MM-11.5,10K,Rose Gold,11,11.5,10.265,179500,20
RSG-R-1008,RSG-R-1008-11MM-12,10K,Rose Gold,11,12,10.45,182500,20
RSG-R-1008,RSG-R-1008-11MM-12.5,10K,Rose Gold,11,12.5,10.63,185000,20
RSG-R-1008,RSG-R-1008-11MM-13,10K,Rose Gold,11,13,10.81,188000,20
RSG-R-1008,RSG-R-1008-11MM-13.5,10K,Rose Gold,11,13.5,10.995,191000,20
RSG-R-1008,RSG-R-1008-11MM-14,10K,Rose Gold,11,14,11.18,194000,20
RSG-R-1008,RSG-R-1008-11MM-14.5,10K,Rose Gold,11,14.5,11.355,196500,20
RSG-R-1008,RSG-R-1008-11MM-15,10K,Rose Gold,11,15,11.53,199500,20
RSG-R-1008,RSG-R-1008-11MM-15.5,10K,Rose Gold,11,15.5,11.72,202000,20
RSG-R-1008,RSG-R-1008-11MM-16,10K,Rose Gold,11,16,11.91,205500,20
RSG-R-1008,RSG-R-1008-12MM-4,10K,Rose Gold,12,4,8.21,147500,20
RSG-R-1008,RSG-R-1008-12MM-4.5,10K,Rose Gold,12,4.5,8.41,150500,20
RSG-R-1008,RSG-R-1008-12MM-5,10K,Rose Gold,12,5,8.61,153500,20
RSG-R-1008,RSG-R-1008-12MM-5.5,10K,Rose Gold,12,5.5,8.81,157000,20
RSG-R-1008,RSG-R-1008-12MM-6,10K,Rose Gold,12,6,9.01,160000,20
RSG-R-1008,RSG-R-1008-12MM-6.5,10K,Rose Gold,12,6.5,9.21,163000,20
RSG-R-1008,RSG-R-1008-12MM-7,10K,Rose Gold,12,7,9.41,166000,20
RSG-R-1008,RSG-R-1008-12MM-7.5,10K,Rose Gold,12,7.5,9.605,169000,20
RSG-R-1008,RSG-R-1008-12MM-8,10K,Rose Gold,12,8,9.8,172000,20
RSG-R-1008,RSG-R-1008-12MM-8.5,10K,Rose Gold,12,8.5,10.0,175500,20
RSG-R-1008,RSG-R-1008-12MM-9,10K,Rose Gold,12,9,10.2,178500,20
RSG-R-1008,RSG-R-1008-12MM-9.5,10K,Rose Gold,12,9.5,10.4,181500,20
RSG-R-1008,RSG-R-1008-12MM-10,10K,Rose Gold,12,10,10.6,185000,20
RSG-R-1008,RSG-R-1008-12MM-10.5,10K,Rose Gold,12,10.5,10.8,188000,20
RSG-R-1008,RSG-R-1008-12MM-11,10K,Rose Gold,12,11,11.0,191000,20
RSG-R-1008,RSG-R-1008-12MM-11.5,10K,Rose Gold,12,11.5,11.2,194000,20
RSG-R-1008,RSG-R-1008-12MM-12,10K,Rose Gold,12,12,11.4,197500,20
RSG-R-1008,RSG-R-1008-12MM-12.5,10K,Rose Gold,12,12.5,11.595,200500,20
RSG-R-1008,RSG-R-1008-12MM-13,10K,Rose Gold,12,13,11.79,203500,20
RSG-R-1008,RSG-R-1008-12MM-13.5,10K,Rose Gold,12,13.5,11.99,206500,20
RSG-R-1008,RSG-R-1008-12MM-14,10K,Rose Gold,12,14,12.19,209500,20
RSG-R-1008,RSG-R-1008-12MM-14.5,10K,Rose Gold,12,14.5,12.39,213000,20
RSG-R-1008,RSG-R-1008-12MM-15,10K,Rose Gold,12,15,12.59,216000,20
RSG-R-1008,RSG-R-1008-12MM-15.5,10K,Rose Gold,12,15.5,12.79,219000,20
RSG-R-1008,RSG-R-1008-12MM-16,10K,Rose Gold,12,16,12.99,222000,20
RSG-R-1408,RSG-R-1408-3MM-4,14K,Rose Gold,3,4,2.33,54000,20
RSG-R-1408,RSG-R-1408-3MM-4.5,14K,Rose Gold,3,4.5,2.39,55000,20
RSG-R-1408,RSG-R-1408-3MM-5,14K,Rose Gold,3,5,2.45,56000,20
RSG-R-1408,RSG-R-1408-3MM-5.5,14K,Rose Gold,3,5.5,2.505,57000,20
RSG-R-1408,RSG-R-1408-3MM-6,14K,Rose Gold,3,6,2.56,58000,20
RSG-R-1408,RSG-R-1408-3MM-6.5,14K,Rose Gold,3,6.5,2.615,59000,20
RSG-R-1408,RSG-R-1408-3MM-7,14K,Rose Gold,3,7,2.67,60000,20
RSG-R-1408,RSG-R-1408-3MM-7.5,14K,Rose Gold,3,7.5,2.73,61000,20
RSG-R-1408,RSG-R-1408-3MM-8,14K,Rose Gold,3,8,2.79,62000,20
RSG-R-1408,RSG-R-1408-3MM-8.5,14K,Rose Gold,3,8.5,2.845,63000,20
RSG-R-1408,RSG-R-1408-3MM-9,14K,Rose Gold,3,9,2.9,64000,20
RSG-R-1408,RSG-R-1408-3MM-9.5,14K,Rose Gold,3,9.5,2.955,65000,20
RSG-R-1408,RSG-R-1408-3MM-10,14K,Rose Gold,3,10,3.01,65500,20
RSG-R-1408,RSG-R-1408-3MM-10.5,14K,Rose Gold,3,10.5,3.065,66500,20
RSG-R-1408,RSG-R-1408-3MM-11,14K,Rose Gold,3,11,3.12,67500,20
RSG-R-1408,RSG-R-1408-3MM-11.5,14K,Rose Gold,3,11.5,3.18,68500,20
RSG-R-1408,RSG-R-1408-3MM-12,14K,Rose Gold,3,12,3.24,69500,20
RSG-R-1408,RSG-R-1408-3MM-12.5,14K,Rose Gold,3,12.5,3.295,70500,20
RSG-R-1408,RSG-R-1408-3MM-13,14K,Rose Gold,3,13,3.35,71500,20
RSG-R-1408,RSG-R-1408-3MM-13.5,14K,Rose Gold,3,13.5,3.405,72500,20
RSG-R-1408,RSG-R-1408-3MM-14,14K,Rose Gold,3,14,3.46,73500,20
RSG-R-1408,RSG-R-1408-3MM-14.5,14K,Rose Gold,3,14.5,3.52,74500,20
RSG-R-1408,RSG-R-1408-3MM-15,14K,Rose Gold,3,15,3.58,75500,20
RSG-R-1408,RSG-R-1408-3MM-15.5,14K,Rose Gold,3,15.5,3.635,76500,20
RSG-R-1408,RSG-R-1408-3MM-16,14K,Rose Gold,3,16,3.69,77500,20
RSG-R-1408,RSG-R-1408-4MM-4,14K,Rose Gold,4,4,3.11,67500,20
RSG-R-1408,RSG-R-1408-4MM-4.5,14K,Rose Gold,4,4.5,3.185,68500,20
RSG-R-1408,RSG-R-1408-4MM-5,14K,Rose Gold,4,5,3.26,70000,20
RSG-R-1408,RSG-R-1408-4MM-5.5,14K,Rose Gold,4,5.5,3.335,71500,20
RSG-R-1408,RSG-R-1408-4MM-6,14K,Rose Gold,4,6,3.41,72500,20
RSG-R-1408,RSG-R-1408-4MM-6.5,14K,Rose Gold,4,6.5,3.485,74000,20
RSG-R-1408,RSG-R-1408-4MM-7,14K,Rose Gold,4,7,3.56,75000,20
RSG-R-1408,RSG-R-1408-4MM-7.5,14K,Rose Gold,4,7.5,3.635,76500,20
RSG-R-1408,RSG-R-1408-4MM-8,14K,Rose Gold,4,8,3.71,77500,20
RSG-R-1408,RSG-R-1408-4MM-8.5,14K,Rose Gold,4,8.5,3.785,79000,20
RSG-R-1408,RSG-R-1408-4MM-9,14K,Rose Gold,4,9,3.86,80000,20
RSG-R-1408,RSG-R-1408-4MM-9.5,14K,Rose Gold,4,9.5,3.935,81500,20
RSG-R-1408,RSG-R-1408-4MM-10,14K,Rose Gold,4,10,4.01,82500,20
RSG-R-1408,RSG-R-1408-4MM-10.5,14K,Rose Gold,4,10.5,4.09,84000,20
RSG-R-1408,RSG-R-1408-4MM-11,14K,Rose Gold,4,11,4.17,85500,20
RSG-R-1408,RSG-R-1408-4MM-11.5,14K,Rose Gold,4,11.5,4.245,86500,20
RSG-R-1408,RSG-R-1408-4MM-12,14K,Rose Gold,4,12,4.32,88000,20
RSG-R-1408,RSG-R-1408-4MM-12.5,14K,Rose Gold,4,12.5,4.395,89000,20
RSG-R-1408,RSG-R-1408-4MM-13,14K,Rose Gold,4,13,4.47,90500,20
RSG-R-1408,RSG-R-1408-4MM-13.5,14K,Rose Gold,4,13.5,4.545,91500,20
RSG-R-1408,RSG-R-1408-4MM-14,14K,Rose Gold,4,14,4.62,93000,20
RSG-R-1408,RSG-R-1408-4MM-14.5,14K,Rose Gold,4,14.5,4.695,94000,20
RSG-R-1408,RSG-R-1408-4MM-15,14K,Rose Gold,4,15,4.77,95500,20
RSG-R-1408,RSG-R-1408-4MM-15.5,14K,Rose Gold,4,15.5,4.845,97000,20
RSG-R-1408,RSG-R-1408-4MM-16,14K,Rose Gold,4,16,4.92,98000,20
RSG-R-1408,RSG-R-1408-5MM-4,14K,Rose Gold,5,4,3.89,80500,20
RSG-R-1408,RSG-R-1408-5MM-4.5,14K,Rose Gold,5,4.5,3.975,82000,20
RSG-R-1408,RSG-R-1408-5MM-5,14K,Rose Gold,5,5,4.06,83500,20
RSG-R-1408,RSG-R-1408-5MM-5.5,14K,Rose Gold,5,5.5,4.16,85000,20
RSG-R-1408,RSG-R-1408-5MM-6,14K,Rose Gold,5,6,4.26,87000,20
RSG-R-1408,RSG-R-1408-5MM-6.5,14K,Rose Gold,5,6.5,4.355,88500,20
RSG-R-1408,RSG-R-1408-5MM-7,14K,Rose Gold,5,7,4.45,90000,20
RSG-R-1408,RSG-R-1408-5MM-7.5,14K,Rose Gold,5,7.5,4.545,91500,20
RSG-R-1408,RSG-R-1408-5MM-8,14K,Rose Gold,5,8,4.64,93500,20
RSG-R-1408,RSG-R-1408-5MM-8.5,14K,Rose Gold,5,8.5,4.735,95000,20
RSG-R-1408,RSG-R-1408-5MM-9,14K,Rose Gold,5,9,4.83,96500,20
RSG-R-1408,RSG-R-1408-5MM-9.5,14K,Rose Gold,5,9.5,4.925,98000,20
RSG-R-1408,RSG-R-1408-5MM-10,14K,Rose Gold,5,10,5.02,100000,20
RSG-R-1408,RSG-R-1408-5MM-10.5,14K,Rose Gold,5,10.5,5.115,101500,20
RSG-R-1408,RSG-R-1408-5MM-11,14K,Rose Gold,5,11,5.21,103000,20
RSG-R-1408,RSG-R-1408-5MM-11.5,14K,Rose Gold,5,11.5,5.305,104500,20
RSG-R-1408,RSG-R-1408-5MM-12,14K,Rose Gold,5,12,5.4,106000,20
RSG-R-1408,RSG-R-1408-5MM-12.5,14K,Rose Gold,5,12.5,5.49,108000,20
RSG-R-1408,RSG-R-1408-5MM-13,14K,Rose Gold,5,13,5.58,109500,20
RSG-R-1408,RSG-R-1408-5MM-13.5,14K,Rose Gold,5,13.5,5.675,111000,20
RSG-R-1408,RSG-R-1408-5MM-14,14K,Rose Gold,5,14,5.77,112500,20
RSG-R-1408,RSG-R-1408-5MM-14.5,14K,Rose Gold,5,14.5,5.865,114000,20
RSG-R-1408,RSG-R-1408-5MM-15,14K,Rose Gold,5,15,5.96,115500,20
RSG-R-1408,RSG-R-1408-5MM-15.5,14K,Rose Gold,5,15.5,6.055,117500,20
RSG-R-1408,RSG-R-1408-5MM-16,14K,Rose Gold,5,16,6.15,119000,20
RSG-R-1408,RSG-R-1408-6MM-4,14K,Rose Gold,6,4,4.67,94000,20
RSG-R-1408,RSG-R-1408-6MM-4.5,14K,Rose Gold,6,4.5,4.78,95500,20
RSG-R-1408,RSG-R-1408-6MM-5,14K,Rose Gold,6,5,4.89,97500,20
RSG-R-1408,RSG-R-1408-6MM-5.5,14K,Rose Gold,6,5.5,5.005,99500,20
RSG-R-1408,RSG-R-1408-6MM-6,14K,Rose Gold,6,6,5.12,101500,20
RSG-R-1408,RSG-R-1408-6MM-6.5,14K,Rose Gold,6,6.5,5.23,103500,20
RSG-R-1408,RSG-R-1408-6MM-7,14K,Rose Gold,6,7,5.34,105000,20
RSG-R-1408,RSG-R-1408-6MM-7.5,14K,Rose Gold,6,7.5,5.455,107000,20
RSG-R-1408,RSG-R-1408-6MM-8,14K,Rose Gold,6,8,5.57,109000,20
RSG-R-1408,RSG-R-1408-6MM-8.5,14K,Rose Gold,6,8.5,5.685,111000,20
RSG-R-1408,RSG-R-1408-6MM-9,14K,Rose Gold,6,9,5.8,113000,20
RSG-R-1408,RSG-R-1408-6MM-9.5,14K,Rose Gold,6,9.5,5.91,115000,20
RSG-R-1408,RSG-R-1408-6MM-10,14K,Rose Gold,6,10,6.02,117000,20
RSG-R-1408,RSG-R-1408-6MM-10.5,14K,Rose Gold,6,10.5,6.135,119000,20
RSG-R-1408,RSG-R-1408-6MM-11,14K,Rose Gold,6,11,6.25,120500,20
RSG-R-1408,RSG-R-1408-6MM-11.5,14K,Rose Gold,6,11.5,6.36,122500,20
RSG-R-1408,RSG-R-1408-6MM-12,14K,Rose Gold,6,12,6.47,124500,20
RSG-R-1408,RSG-R-1408-6MM-12.5,14K,Rose Gold,6,12.5,6.585,126500,20
RSG-R-1408,RSG-R-1408-6MM-13,14K,Rose Gold,6,13,6.7,128000,20
RSG-R-1408,RSG-R-1408-6MM-13.5,14K,Rose Gold,6,13.5,6.815,130000,20
RSG-R-1408,RSG-R-1408-6MM-14,14K,Rose Gold,6,14,6.93,132000,20
RSG-R-1408,RSG-R-1408-6MM-14.5,14K,Rose Gold,6,14.5,7.04,134000,20
RSG-R-1408,RSG-R-1408-6MM-15,14K,Rose Gold,6,15,7.15,136000,20
RSG-R-1408,RSG-R-1408-6MM-15.5,14K,Rose Gold,6,15.5,7.265,138000,20
RSG-R-1408,RSG-R-1408-6MM-16,14K,Rose Gold,6,16,7.38,140000,20
RSG-R-1408,RSG-R-1408-7MM-4,14K,Rose Gold,7,4,5.44,107000,20
RSG-R-1408,RSG-R-1408-7MM-4.5,14K,Rose Gold,7,4.5,5.575,109000,20
RSG-R-1408,RSG-R-1408-7MM-5,14K,Rose Gold,7,5,5.71,111500,20
RSG-R-1408,RSG-R-1408-7MM-5.5,14K,Rose Gold,7,5.5,5.84,113500,20
RSG-R-1408,RSG-R-1408-7MM-6,14K,Rose Gold,7,6,5.97,116000,20
RSG-R-1408,RSG-R-1408-7MM-6.5,14K,Rose Gold,7,6.5,6.1,118000,20
RSG-R-1408,RSG-R-1408-7MM-7,14K,Rose Gold,7,7,6.23,120500,20
RSG-R-1408,RSG-R-1408-7MM-7.5,14K,Rose Gold,7,7.5,6.365,122500,20
RSG-R-1408,RSG-R-1408-7MM-8,14K,Rose Gold,7,8,6.5,125000,20
RSG-R-1408,RSG-R-1408-7MM-8.5,14K,Rose Gold,7,8.5,6.63,127000,20
RSG-R-1408,RSG-R-1408-7MM-9,14K,Rose Gold,7,9,6.76,129500,20
RSG-R-1408,RSG-R-1408-7MM-9.5,14K,Rose Gold,7,9.5,6.895,131500,20
RSG-R-1408,RSG-R-1408-7MM-10,14K,Rose Gold,7,10,7.03,134000,20
RSG-R-1408,RSG-R-1408-7MM-10.5,14K,Rose Gold,7,10.5,7.16,136000,20
RSG-R-1408,RSG-R-1408-7MM-11,14K,Rose Gold,7,11,7.29,138000,20
RSG-R-1408,RSG-R-1408-7MM-11.5,14K,Rose Gold,7,11.5,7.42,140500,20
RSG-R-1408,RSG-R-1408-7MM-12,14K,Rose Gold,7,12,7.55,142500,20
RSG-R-1408,RSG-R-1408-7MM-12.5,14K,Rose Gold,7,12.5,7.685,145000,20
RSG-R-1408,RSG-R-1408-7MM-13,14K,Rose Gold,7,13,7.82,147500,20
RSG-R-1408,RSG-R-1408-7MM-13.5,14K,Rose Gold,7,13.5,7.95,149500,20
RSG-R-1408,RSG-R-1408-7MM-14,14K,Rose Gold,7,14,8.08,151500,20
RSG-R-1408,RSG-R-1408-7MM-14.5,14K,Rose Gold,7,14.5,8.215,154000,20
RSG-R-1408,RSG-R-1408-7MM-15,14K,Rose Gold,7,15,8.35,156000,20
RSG-R-1408,RSG-R-1408-7MM-15.5,14K,Rose Gold,7,15.5,8.48,158500,20
RSG-R-1408,RSG-R-1408-7MM-16,14K,Rose Gold,7,16,8.61,160500,20
RSG-R-1408,RSG-R-1408-8MM-4,14K,Rose Gold,8,4,6.22,155000,20
RSG-R-1408,RSG-R-1408-8MM-4.5,14K,Rose Gold,8,4.5,6.37,158000,20
RSG-R-1408,RSG-R-1408-8MM-5,14K,Rose Gold,8,5,6.52,161500,20
RSG-R-1408,RSG-R-1408-8MM-5.5,14K,Rose Gold,8,5.5,6.67,165000,20
RSG-R-1408,RSG-R-1408-8MM-6,14K,Rose Gold,8,6,6.82,168000,20
RSG-R-1408,RSG-R-1408-8MM-6.5,14K,Rose Gold,8,6.5,6.975,171500,20
RSG-R-1408,RSG-R-1408-8MM-7,14K,Rose Gold,8,7,7.13,175000,20
RSG-R-1408,RSG-R-1408-8MM-7.5,14K,Rose Gold,8,7.5,7.28,178000,20
RSG-R-1408,RSG-R-1408-8MM-8,14K,Rose Gold,8,8,7.43,181500,20
RSG-R-1408,RSG-R-1408-8MM-8.5,14K,Rose Gold,8,8.5,7.58,185000,20
RSG-R-1408,RSG-R-1408-8MM-9,14K,Rose Gold,8,9,7.73,188000,20
RSG-R-1408,RSG-R-1408-8MM-9.5,14K,Rose Gold,8,9.5,7.88,191500,20
RSG-R-1408,RSG-R-1408-8MM-10,14K,Rose Gold,8,10,8.03,194500,20
RSG-R-1408,RSG-R-1408-8MM-10.5,14K,Rose Gold,8,10.5,8.18,198000,20
RSG-R-1408,RSG-R-1408-8MM-11,14K,Rose Gold,8,11,8.33,201000,20
RSG-R-1408,RSG-R-1408-8MM-11.5,14K,Rose Gold,8,11.5,8.48,204500,20
RSG-R-1408,RSG-R-1408-8MM-12,14K,Rose Gold,8,12,8.63,207500,20
RSG-R-1408,RSG-R-1408-8MM-12.5,14K,Rose Gold,8,12.5,8.78,211000,20
RSG-R-1408,RSG-R-1408-8MM-13,14K,Rose Gold,8,13,8.93,214000,20
RSG-R-1408,RSG-R-1408-8MM-13.5,14K,Rose Gold,8,13.5,9.085,217500,20
RSG-R-1408,RSG-R-1408-8MM-14,14K,Rose Gold,8,14,9.24,221000,20
RSG-R-1408,RSG-R-1408-8MM-14.5,14K,Rose Gold,8,14.5,9.39,224500,20
RSG-R-1408,RSG-R-1408-8MM-15,14K,Rose Gold,8,15,9.54,227500,20
RSG-R-1408,RSG-R-1408-8MM-15.5,14K,Rose Gold,8,15.5,9.69,231000,20
RSG-R-1408,RSG-R-1408-8MM-16,14K,Rose Gold,8,16,9.84,234000,20
RSG-R-1408,RSG-R-1408-9MM-4,14K,Rose Gold,9,4,7.0,172000,20
RSG-R-1408,RSG-R-1408-9MM-4.5,14K,Rose Gold,9,4.5,7.17,175500,20
RSG-R-1408,RSG-R-1408-9MM-5,14K,Rose Gold,9,5,7.34,179500,20
RSG-R-1408,RSG-R-1408-9MM-5.5,14K,Rose Gold,9,5.5,7.51,183000,20
RSG-R-1408,RSG-R-1408-9MM-6,14K,Rose Gold,9,6,7.68,187000,20
RSG-R-1408,RSG-R-1408-9MM-6.5,14K,Rose Gold,9,6.5,7.85,190500,20
RSG-R-1408,RSG-R-1408-9MM-7,14K,Rose Gold,9,7,8.02,194500,20
RSG-R-1408,RSG-R-1408-9MM-7.5,14K,Rose Gold,9,7.5,8.19,198000,20
RSG-R-1408,RSG-R-1408-9MM-8,14K,Rose Gold,9,8,8.36,202000,20
RSG-R-1408,RSG-R-1408-9MM-8.5,14K,Rose Gold,9,8.5,8.525,205500,20
RSG-R-1408,RSG-R-1408-9MM-9,14K,Rose Gold,9,9,8.69,209000,20
RSG-R-1408,RSG-R-1408-9MM-9.5,14K,Rose Gold,9,9.5,8.86,213000,20
RSG-R-1408,RSG-R-1408-9MM-10,14K,Rose Gold,9,10,9.03,216500,20
RSG-R-1408,RSG-R-1408-9MM-10.5,14K,Rose Gold,9,10.5,9.2,220000,20
RSG-R-1408,RSG-R-1408-9MM-11,14K,Rose Gold,9,11,9.37,224000,20
RSG-R-1408,RSG-R-1408-9MM-11.5,14K,Rose Gold,9,11.5,9.54,227500,20
RSG-R-1408,RSG-R-1408-9MM-12,14K,Rose Gold,9,12,9.71,231500,20
RSG-R-1408,RSG-R-1408-9MM-12.5,14K,Rose Gold,9,12.5,9.88,235000,20
RSG-R-1408,RSG-R-1408-9MM-13,14K,Rose Gold,9,13,10.05,239000,20
RSG-R-1408,RSG-R-1408-9MM-13.5,14K,Rose Gold,9,13.5,10.22,242500,20
RSG-R-1408,RSG-R-1408-9MM-14,14K,Rose Gold,9,14,10.39,246000,20
RSG-R-1408,RSG-R-1408-9MM-14.5,14K,Rose Gold,9,14.5,10.56,250000,20
RSG-R-1408,RSG-R-1408-9MM-15,14K,Rose Gold,9,15,10.73,253500,20
RSG-R-1408,RSG-R-1408-9MM-15.5,14K,Rose Gold,9,15.5,10.9,257500,20
RSG-R-1408,RSG-R-1408-9MM-16,14K,Rose Gold,9,16,11.07,261000,20
RSG-R-1408,RSG-R-1408-10MM-4,14K,Rose Gold,10,4,7.78,189000,20
RSG-R-1408,RSG-R-1408-10MM-4.5,14K,Rose Gold,10,4.5,7.965,193000,20
RSG-R-1408,RSG-R-1408-10MM-5,14K,Rose Gold,10,5,8.15,197000,20
RSG-R-1408,RSG-R-1408-10MM-5.5,14K,Rose Gold,10,5.5,8.34,201500,20
RSG-R-1408,RSG-R-1408-10MM-6,14K,Rose Gold,10,6,8.53,205500,20
RSG-R-1408,RSG-R-1408-10MM-6.5,14K,Rose Gold,10,6.5,8.72,209500,20
RSG-R-1408,RSG-R-1408-10MM-7,14K,Rose Gold,10,7,8.91,214000,20
RSG-R-1408,RSG-R-1408-10MM-7.5,14K,Rose Gold,10,7.5,9.095,218000,20
RSG-R-1408,RSG-R-1408-10MM-8,14K,Rose Gold,10,8,9.28,222000,20
RSG-R-1408,RSG-R-1408-10MM-8.5,14K,Rose Gold,10,8.5,9.47,226000,20
RSG-R-1408,RSG-R-1408-10MM-9,14K,Rose Gold,10,9,9.66,230000,20
RSG-R-1408,RSG-R-1408-10MM-9.5,14K,Rose Gold,10,9.5,9.85,234500,20
RSG-R-1408,RSG-R-1408-10MM-10,14K,Rose Gold,10,10,10.04,238500,20
RSG-R-1408,RSG-R-1408-10MM-10.5,14K,Rose Gold,10,10.5,10.225,242500,20
RSG-R-1408,RSG-R-1408-10MM-11,14K,Rose Gold,10,11,10.41,246500,20
RSG-R-1408,RSG-R-1408-10MM-11.5,14K,Rose Gold,10,11.5,10.6,251000,20
RSG-R-1408,RSG-R-1408-10MM-12,14K,Rose Gold,10,12,10.79,255000,20
RSG-R-1408,RSG-R-1408-10MM-12.5,14K,Rose Gold,10,12.5,10.98,259000,20
RSG-R-1408,RSG-R-1408-10MM-13,14K,Rose Gold,10,13,11.17,263500,20
RSG-R-1408,RSG-R-1408-10MM-13.5,14K,Rose Gold,10,13.5,11.36,267500,20
RSG-R-1408,RSG-R-1408-10MM-14,14K,Rose Gold,10,14,11.55,271500,20
RSG-R-1408,RSG-R-1408-10MM-14.5,14K,Rose Gold,10,14.5,11.735,275500,20
RSG-R-1408,RSG-R-1408-10MM-15,14K,Rose Gold,10,15,11.92,279500,20
RSG-R-1408,RSG-R-1408-10MM-15.5,14K,Rose Gold,10,15.5,12.11,284000,20
RSG-R-1408,RSG-R-1408-10MM-16,14K,Rose Gold,10,16,12.3,288000,20
RSG-R-1408,RSG-R-1408-11MM-4,14K,Rose Gold,11,4,8.55,206000,20
RSG-R-1408,RSG-R-1408-11MM-4.5,14K,Rose Gold,11,4.5,8.76,210500,20
RSG-R-1408,RSG-R-1408-11MM-5,14K,Rose Gold,11,5,8.97,215000,20
RSG-R-1408,RSG-R-1408-11MM-5.5,14K,Rose Gold,11,5.5,9.175,219500,20
RSG-R-1408,RSG-R-1408-11MM-6,14K,Rose Gold,11,6,9.38,224000,20
RSG-R-1408,RSG-R-1408-11MM-6.5,14K,Rose Gold,11,6.5,9.59,228500,20
RSG-R-1408,RSG-R-1408-11MM-7,14K,Rose Gold,11,7,9.8,233500,20
RSG-R-1408,RSG-R-1408-11MM-7.5,14K,Rose Gold,11,7.5,10.005,237500,20
RSG-R-1408,RSG-R-1408-11MM-8,14K,Rose Gold,11,8,10.21,242000,20
RSG-R-1408,RSG-R-1408-11MM-8.5,14K,Rose Gold,11,8.5,10.42,247000,20
RSG-R-1408,RSG-R-1408-11MM-9,14K,Rose Gold,11,9,10.63,251500,20
RSG-R-1408,RSG-R-1408-11MM-9.5,14K,Rose Gold,11,9.5,10.835,256000,20
RSG-R-1408,RSG-R-1408-11MM-10,14K,Rose Gold,11,10,11.04,260500,20
RSG-R-1408,RSG-R-1408-11MM-10.5,14K,Rose Gold,11,10.5,11.25,265000,20
RSG-R-1408,RSG-R-1408-11MM-11,14K,Rose Gold,11,11,11.46,269500,20
RSG-R-1408,RSG-R-1408-11MM-11.5,14K,Rose Gold,11,11.5,11.665,274000,20
RSG-R-1408,RSG-R-1408-11MM-12,14K,Rose Gold,11,12,11.87,278500,20
RSG-R-1408,RSG-R-1408-11MM-12.5,14K,Rose Gold,11,12.5,12.08,283000,20
RSG-R-1408,RSG-R-1408-11MM-13,14K,Rose Gold,11,13,12.29,287500,20
RSG-R-1408,RSG-R-1408-11MM-13.5,14K,Rose Gold,11,13.5,12.495,292000,20
RSG-R-1408,RSG-R-1408-11MM-14,14K,Rose Gold,11,14,12.7,297000,20
RSG-R-1408,RSG-R-1408-11MM-14.5,14K,Rose Gold,11,14.5,12.905,301000,20
RSG-R-1408,RSG-R-1408-11MM-15,14K,Rose Gold,11,15,13.11,305500,20
RSG-R-1408,RSG-R-1408-11MM-15.5,14K,Rose Gold,11,15.5,13.32,310000,20
RSG-R-1408,RSG-R-1408-11MM-16,14K,Rose Gold,11,16,13.53,315000,20
RSG-R-1408,RSG-R-1408-12MM-4,14K,Rose Gold,12,4,9.33,223000,20
RSG-R-1408,RSG-R-1408-12MM-4.5,14K,Rose Gold,12,4.5,9.555,228000,20
RSG-R-1408,RSG-R-1408-12MM-5,14K,Rose Gold,12,5,9.78,233000,20
RSG-R-1408,RSG-R-1408-12MM-5.5,14K,Rose Gold,12,5.5,10.01,238000,20
RSG-R-1408,RSG-R-1408-12MM-6,14K,Rose Gold,12,6,10.24,243000,20
RSG-R-1408,RSG-R-1408-12MM-6.5,14K,Rose Gold,12,6.5,10.465,248000,20
RSG-R-1408,RSG-R-1408-12MM-7,14K,Rose Gold,12,7,10.69,253000,20
RSG-R-1408,RSG-R-1408-12MM-7.5,14K,Rose Gold,12,7.5,10.915,257500,20
RSG-R-1408,RSG-R-1408-12MM-8,14K,Rose Gold,12,8,11.14,262500,20
RSG-R-1408,RSG-R-1408-12MM-8.5,14K,Rose Gold,12,8.5,11.365,267500,20
RSG-R-1408,RSG-R-1408-12MM-9,14K,Rose Gold,12,9,11.59,272500,20
RSG-R-1408,RSG-R-1408-12MM-9.5,14K,Rose Gold,12,9.5,11.815,277500,20
RSG-R-1408,RSG-R-1408-12MM-10,14K,Rose Gold,12,10,12.04,282000,20
RSG-R-1408,RSG-R-1408-12MM-10.5,14K,Rose Gold,12,10.5,12.27,287500,20
RSG-R-1408,RSG-R-1408-12MM-11,14K,Rose Gold,12,11,12.5,292500,20
RSG-R-1408,RSG-R-1408-12MM-11.5,14K,Rose Gold,12,11.5,12.725,297500,20
RSG-R-1408,RSG-R-1408-12MM-12,14K,Rose Gold,12,12,12.95,302000,20
RSG-R-1408,RSG-R-1408-12MM-12.5,14K,Rose Gold,12,12.5,13.175,307000,20
RSG-R-1408,RSG-R-1408-12MM-13,14K,Rose Gold,12,13,13.4,312000,20
RSG-R-1408,RSG-R-1408-12MM-13.5,14K,Rose Gold,12,13.5,13.625,317000,20
RSG-R-1408,RSG-R-1408-12MM-14,14K,Rose Gold,12,14,13.85,322000,20
RSG-R-1408,RSG-R-1408-12MM-14.5,14K,Rose Gold,12,14.5,14.08,327000,20
RSG-R-1408,RSG-R-1408-12MM-15,14K,Rose Gold,12,15,14.31,332000,20
RSG-R-1408,RSG-R-1408-12MM-15.5,14K,Rose Gold,12,15.5,14.535,337000,20
RSG-R-1408,RSG-R-1408-12MM-16,14K,Rose Gold,12,16,14.76,341500,20
RSG-R-1808,RSG-R-1808-3MM-4,18K,Rose Gold,3,4,2.64,72000,20
RSG-R-1808,RSG-R-1808-3MM-4.5,18K,Rose Gold,3,4.5,2.7,73500,20
RSG-R-1808,RSG-R-1808-3MM-5,18K,Rose Gold,3,5,2.76,75000,20
RSG-R-1808,RSG-R-1808-3MM-5.5,18K,Rose Gold,3,5.5,2.82,76000,20
RSG-R-1808,RSG-R-1808-3MM-6,18K,Rose Gold,3,6,2.88,77500,20
RSG-R-1808,RSG-R-1808-3MM-6.5,18K,Rose Gold,3,6.5,2.94,79000,20
RSG-R-1808,RSG-R-1808-3MM-7,18K,Rose Gold,3,7,3.0,80000,20
RSG-R-1808,RSG-R-1808-3MM-7.5,18K,Rose Gold,3,7.5,3.06,81500,20
RSG-R-1808,RSG-R-1808-3MM-8,18K,Rose Gold,3,8,3.12,83000,20
RSG-R-1808,RSG-R-1808-3MM-8.5,18K,Rose Gold,3,8.5,3.18,84000,20
RSG-R-1808,RSG-R-1808-3MM-9,18K,Rose Gold,3,9,3.24,85500,20
RSG-R-1808,RSG-R-1808-3MM-9.5,18K,Rose Gold,3,9.5,3.3,86500,20
RSG-R-1808,RSG-R-1808-3MM-10,18K,Rose Gold,3,10,3.36,88000,20
RSG-R-1808,RSG-R-1808-3MM-10.5,18K,Rose Gold,3,10.5,3.42,89500,20
RSG-R-1808,RSG-R-1808-3MM-11,18K,Rose Gold,3,11,3.48,90500,20
RSG-R-1808,RSG-R-1808-3MM-11.5,18K,Rose Gold,3,11.5,3.54,92000,20
RSG-R-1808,RSG-R-1808-3MM-12,18K,Rose Gold,3,12,3.6,93000,20
RSG-R-1808,RSG-R-1808-3MM-12.5,18K,Rose Gold,3,12.5,3.66,94500,20
RSG-R-1808,RSG-R-1808-3MM-13,18K,Rose Gold,3,13,3.72,96000,20
RSG-R-1808,RSG-R-1808-3MM-13.5,18K,Rose Gold,3,13.5,3.785,97500,20
RSG-R-1808,RSG-R-1808-3MM-14,18K,Rose Gold,3,14,3.85,98500,20
RSG-R-1808,RSG-R-1808-3MM-14.5,18K,Rose Gold,3,14.5,3.93,100500,20
RSG-R-1808,RSG-R-1808-3MM-15,18K,Rose Gold,3,15,4.01,102000,20
RSG-R-1808,RSG-R-1808-3MM-15.5,18K,Rose Gold,3,15.5,4.045,103000,20
RSG-R-1808,RSG-R-1808-3MM-16,18K,Rose Gold,3,16,4.08,103500,20
RSG-R-1808,RSG-R-1808-4MM-4,18K,Rose Gold,4,4,3.6,93000,20
RSG-R-1808,RSG-R-1808-4MM-4.5,18K,Rose Gold,4,4.5,3.67,95000,20
RSG-R-1808,RSG-R-1808-4MM-5,18K,Rose Gold,4,5,3.74,96000,20
RSG-R-1808,RSG-R-1808-4MM-5.5,18K,Rose Gold,4,5.5,3.815,98000,20
RSG-R-1808,RSG-R-1808-4MM-6,18K,Rose Gold,4,6,3.89,99500,20
RSG-R-1808,RSG-R-1808-4MM-6.5,18K,Rose Gold,4,6.5,3.965,101000,20
RSG-R-1808,RSG-R-1808-4MM-7,18K,Rose Gold,4,7,4.04,103000,20
RSG-R-1808,RSG-R-1808-4MM-7.5,18K,Rose Gold,4,7.5,4.115,104500,20
RSG-R-1808,RSG-R-1808-4MM-8,18K,Rose Gold,4,8,4.19,106000,20
RSG-R-1808,RSG-R-1808-4MM-8.5,18K,Rose Gold,4,8.5,4.26,107500,20
RSG-R-1808,RSG-R-1808-4MM-9,18K,Rose Gold,4,9,4.33,109000,20
RSG-R-1808,RSG-R-1808-4MM-9.5,18K,Rose Gold,4,9.5,4.405,111000,20
RSG-R-1808,RSG-R-1808-4MM-10,18K,Rose Gold,4,10,4.48,112500,20
RSG-R-1808,RSG-R-1808-4MM-10.5,18K,Rose Gold,4,10.5,4.555,114000,20
RSG-R-1808,RSG-R-1808-4MM-11,18K,Rose Gold,4,11,4.63,115500,20
RSG-R-1808,RSG-R-1808-4MM-11.5,18K,Rose Gold,4,11.5,4.705,117500,20
RSG-R-1808,RSG-R-1808-4MM-12,18K,Rose Gold,4,12,4.78,119000,20
RSG-R-1808,RSG-R-1808-4MM-12.5,18K,Rose Gold,4,12.5,4.85,120500,20
RSG-R-1808,RSG-R-1808-4MM-13,18K,Rose Gold,4,13,4.92,122000,20
RSG-R-1808,RSG-R-1808-4MM-13.5,18K,Rose Gold,4,13.5,4.98,123500,20
RSG-R-1808,RSG-R-1808-4MM-14,18K,Rose Gold,4,14,5.04,124500,20
RSG-R-1808,RSG-R-1808-4MM-14.5,18K,Rose Gold,4,14.5,5.105,126000,20
RSG-R-1808,RSG-R-1808-4MM-15,18K,Rose Gold,4,15,5.17,127500,20
RSG-R-1808,RSG-R-1808-4MM-15.5,18K,Rose Gold,4,15.5,5.285,130000,20
RSG-R-1808,RSG-R-1808-4MM-16,18K,Rose Gold,4,16,5.4,132500,20
RSG-R-1808,RSG-R-1808-5MM-4,18K,Rose Gold,5,4,4.56,114000,20
RSG-R-1808,RSG-R-1808-5MM-4.5,18K,Rose Gold,5,4.5,4.655,116000,20
RSG-R-1808,RSG-R-1808-5MM-5,18K,Rose Gold,5,5,4.75,118000,20
RSG-R-1808,RSG-R-1808-5MM-5.5,18K,Rose Gold,5,5.5,4.84,120000,20
RSG-R-1808,RSG-R-1808-5MM-6,18K,Rose Gold,5,6,4.93,122000,20
RSG-R-1808,RSG-R-1808-5MM-6.5,18K,Rose Gold,5,6.5,5.025,124000,20
RSG-R-1808,RSG-R-1808-5MM-7,18K,Rose Gold,5,7,5.12,126500,20
RSG-R-1808,RSG-R-1808-5MM-7.5,18K,Rose Gold,5,7.5,5.21,128500,20
RSG-R-1808,RSG-R-1808-5MM-8,18K,Rose Gold,5,8,5.3,130000,20
RSG-R-1808,RSG-R-1808-5MM-8.5,18K,Rose Gold,5,8.5,5.4,132500,20
RSG-R-1808,RSG-R-1808-5MM-9,18K,Rose Gold,5,9,5.5,134500,20
RSG-R-1808,RSG-R-1808-5MM-9.5,18K,Rose Gold,5,9.5,5.59,136500,20
RSG-R-1808,RSG-R-1808-5MM-10,18K,Rose Gold,5,10,5.68,138500,20
RSG-R-1808,RSG-R-1808-5MM-10.5,18K,Rose Gold,5,10.5,5.775,140500,20
RSG-R-1808,RSG-R-1808-5MM-11,18K,Rose Gold,5,11,5.87,143000,20
RSG-R-1808,RSG-R-1808-5MM-11.5,18K,Rose Gold,5,11.5,5.96,144500,20
RSG-R-1808,RSG-R-1808-5MM-12,18K,Rose Gold,5,12,6.05,146500,20
RSG-R-1808,RSG-R-1808-5MM-12.5,18K,Rose Gold,5,12.5,6.145,149000,20
RSG-R-1808,RSG-R-1808-5MM-13,18K,Rose Gold,5,13,6.24,151000,20
RSG-R-1808,RSG-R-1808-5MM-13.5,18K,Rose Gold,5,13.5,6.305,152000,20
RSG-R-1808,RSG-R-1808-5MM-14,18K,Rose Gold,5,14,6.37,153500,20
RSG-R-1808,RSG-R-1808-5MM-14.5,18K,Rose Gold,5,14.5,6.435,155000,20
RSG-R-1808,RSG-R-1808-5MM-15,18K,Rose Gold,5,15,6.5,156500,20
RSG-R-1808,RSG-R-1808-5MM-15.5,18K,Rose Gold,5,15.5,6.755,162000,20
RSG-R-1808,RSG-R-1808-5MM-16,18K,Rose Gold,5,16,7.01,167500,20
RSG-R-1808,RSG-R-1808-6MM-4,18K,Rose Gold,6,4,5.4,132500,20
RSG-R-1808,RSG-R-1808-6MM-4.5,18K,Rose Gold,6,4.5,5.515,135000,20
RSG-R-1808,RSG-R-1808-6MM-5,18K,Rose Gold,6,5,5.63,137500,20
RSG-R-1808,RSG-R-1808-6MM-5.5,18K,Rose Gold,6,5.5,5.745,140000,20
RSG-R-1808,RSG-R-1808-6MM-6,18K,Rose Gold,6,6,5.86,142500,20
RSG-R-1808,RSG-R-1808-6MM-6.5,18K,Rose Gold,6,6.5,5.97,145000,20
RSG-R-1808,RSG-R-1808-6MM-7,18K,Rose Gold,6,7,6.08,147500,20
RSG-R-1808,RSG-R-1808-6MM-7.5,18K,Rose Gold,6,7.5,6.195,150000,20
RSG-R-1808,RSG-R-1808-6MM-8,18K,Rose Gold,6,8,6.31,152500,20
RSG-R-1808,RSG-R-1808-6MM-8.5,18K,Rose Gold,6,8.5,6.42,155000,20
RSG-R-1808,RSG-R-1808-6MM-9,18K,Rose Gold,6,9,6.53,157000,20
RSG-R-1808,RSG-R-1808-6MM-9.5,18K,Rose Gold,6,9.5,6.645,159500,20
RSG-R-1808,RSG-R-1808-6MM-10,18K,Rose Gold,6,10,6.76,162000,20
RSG-R-1808,RSG-R-1808-6MM-10.5,18K,Rose Gold,6,10.5,6.87,164500,20
RSG-R-1808,RSG-R-1808-6MM-11,18K,Rose Gold,6,11,6.98,167000,20
RSG-R-1808,RSG-R-1808-6MM-11.5,18K,Rose Gold,6,11.5,7.095,169500,20
RSG-R-1808,RSG-R-1808-6MM-12,18K,Rose Gold,6,12,7.21,172000,20
RSG-R-1808,RSG-R-1808-6MM-12.5,18K,Rose Gold,6,12.5,7.325,174500,20
RSG-R-1808,RSG-R-1808-6MM-13,18K,Rose Gold,6,13,7.44,177000,20
RSG-R-1808,RSG-R-1808-6MM-13.5,18K,Rose Gold,6,13.5,7.505,178500,20
RSG-R-1808,RSG-R-1808-6MM-14,18K,Rose Gold,6,14,7.57,180000,20
RSG-R-1808,RSG-R-1808-6MM-14.5,18K,Rose Gold,6,14.5,7.75,183500,20
RSG-R-1808,RSG-R-1808-6MM-15,18K,Rose Gold,6,15,7.93,187500,20
RSG-R-1808,RSG-R-1808-6MM-15.5,18K,Rose Gold,6,15.5,8.045,190000,20
RSG-R-1808,RSG-R-1808-6MM-16,18K,Rose Gold,6,16,8.16,192500,20
RSG-R-1808,RSG-R-1808-7MM-4,18K,Rose Gold,7,4,5.88,143000,20
RSG-R-1808,RSG-R-1808-7MM-4.5,18K,Rose Gold,7,4.5,6.01,146000,20
RSG-R-1808,RSG-R-1808-7MM-5,18K,Rose Gold,7,5,6.14,148500,20
RSG-R-1808,RSG-R-1808-7MM-5.5,18K,Rose Gold,7,5.5,6.275,151500,20
RSG-R-1808,RSG-R-1808-7MM-6,18K,Rose Gold,7,6,6.41,154500,20
RSG-R-1808,RSG-R-1808-7MM-6.5,18K,Rose Gold,7,6.5,6.545,157500,20
RSG-R-1808,RSG-R-1808-7MM-7,18K,Rose Gold,7,7,6.68,160500,20
RSG-R-1808,RSG-R-1808-7MM-7.5,18K,Rose Gold,7,7.5,6.815,163500,20
RSG-R-1808,RSG-R-1808-7MM-8,18K,Rose Gold,7,8,6.95,166000,20
RSG-R-1808,RSG-R-1808-7MM-8.5,18K,Rose Gold,7,8.5,7.08,169000,20
RSG-R-1808,RSG-R-1808-7MM-9,18K,Rose Gold,7,9,7.21,172000,20
RSG-R-1808,RSG-R-1808-7MM-9.5,18K,Rose Gold,7,9.5,7.345,175000,20
RSG-R-1808,RSG-R-1808-7MM-10,18K,Rose Gold,7,10,7.48,178000,20
RSG-R-1808,RSG-R-1808-7MM-10.5,18K,Rose Gold,7,10.5,7.615,181000,20
RSG-R-1808,RSG-R-1808-7MM-11,18K,Rose Gold,7,11,7.75,183500,20
RSG-R-1808,RSG-R-1808-7MM-11.5,18K,Rose Gold,7,11.5,7.885,186500,20
RSG-R-1808,RSG-R-1808-7MM-12,18K,Rose Gold,7,12,8.02,189500,20
RSG-R-1808,RSG-R-1808-7MM-12.5,18K,Rose Gold,7,12.5,8.15,192500,20
RSG-R-1808,RSG-R-1808-7MM-13,18K,Rose Gold,7,13,8.28,195500,20
RSG-R-1808,RSG-R-1808-7MM-13.5,18K,Rose Gold,7,13.5,8.34,196500,20
RSG-R-1808,RSG-R-1808-7MM-14,18K,Rose Gold,7,14,8.4,198000,20
RSG-R-1808,RSG-R-1808-7MM-14.5,18K,Rose Gold,7,14.5,8.52,200500,20
RSG-R-1808,RSG-R-1808-7MM-15,18K,Rose Gold,7,15,8.64,203000,20
RSG-R-1808,RSG-R-1808-7MM-15.5,18K,Rose Gold,7,15.5,8.88,208500,20
RSG-R-1808,RSG-R-1808-7MM-16,18K,Rose Gold,7,16,9.12,213500,20
RSG-R-1808,RSG-R-1808-8MM-4,18K,Rose Gold,8,4,6.48,201500,20
RSG-R-1808,RSG-R-1808-8MM-4.5,18K,Rose Gold,8,4.5,6.625,205500,20
RSG-R-1808,RSG-R-1808-8MM-5,18K,Rose Gold,8,5,6.77,209500,20
RSG-R-1808,RSG-R-1808-8MM-5.5,18K,Rose Gold,8,5.5,6.92,213500,20
RSG-R-1808,RSG-R-1808-8MM-6,18K,Rose Gold,8,6,7.07,218000,20
RSG-R-1808,RSG-R-1808-8MM-6.5,18K,Rose Gold,8,6.5,7.215,222000,20
RSG-R-1808,RSG-R-1808-8MM-7,18K,Rose Gold,8,7,7.36,226000,20
RSG-R-1808,RSG-R-1808-8MM-7.5,18K,Rose Gold,8,7.5,7.51,230000,20
RSG-R-1808,RSG-R-1808-8MM-8,18K,Rose Gold,8,8,7.66,234500,20
RSG-R-1808,RSG-R-1808-8MM-8.5,18K,Rose Gold,8,8.5,7.8,238500,20
RSG-R-1808,RSG-R-1808-8MM-9,18K,Rose Gold,8,9,7.94,242500,20
RSG-R-1808,RSG-R-1808-8MM-9.5,18K,Rose Gold,8,9.5,8.09,246500,20
RSG-R-1808,RSG-R-1808-8MM-10,18K,Rose Gold,8,10,8.24,251000,20
RSG-R-1808,RSG-R-1808-8MM-10.5,18K,Rose Gold,8,10.5,8.385,255000,20
RSG-R-1808,RSG-R-1808-8MM-11,18K,Rose Gold,8,11,8.53,259000,20
RSG-R-1808,RSG-R-1808-8MM-11.5,18K,Rose Gold,8,11.5,8.68,263000,20
RSG-R-1808,RSG-R-1808-8MM-12,18K,Rose Gold,8,12,8.83,267500,20
RSG-R-1808,RSG-R-1808-8MM-12.5,18K,Rose Gold,8,12.5,8.975,271500,20
RSG-R-1808,RSG-R-1808-8MM-13,18K,Rose Gold,8,13,9.12,275500,20
RSG-R-1808,RSG-R-1808-8MM-13.5,18K,Rose Gold,8,13.5,9.24,279000,20
RSG-R-1808,RSG-R-1808-8MM-14,18K,Rose Gold,8,14,9.36,282000,20
RSG-R-1808,RSG-R-1808-8MM-14.5,18K,Rose Gold,8,14.5,9.48,285500,20
RSG-R-1808,RSG-R-1808-8MM-15,18K,Rose Gold,8,15,9.6,289000,20
RSG-R-1808,RSG-R-1808-8MM-15.5,18K,Rose Gold,8,15.5,9.78,294000,20
RSG-R-1808,RSG-R-1808-8MM-16,18K,Rose Gold,8,16,9.96,299000,20
RSG-R-1808,RSG-R-1808-9MM-4,18K,Rose Gold,9,4,7.98,243500,20
RSG-R-1808,RSG-R-1808-9MM-4.5,18K,Rose Gold,9,4.5,8.17,249000,20
RSG-R-1808,RSG-R-1808-9MM-5,18K,Rose Gold,9,5,8.36,254000,20
RSG-R-1808,RSG-R-1808-9MM-5.5,18K,Rose Gold,9,5.5,8.555,259500,20
RSG-R-1808,RSG-R-1808-9MM-6,18K,Rose Gold,9,6,8.75,265000,20
RSG-R-1808,RSG-R-1808-9MM-6.5,18K,Rose Gold,9,6.5,8.945,270500,20
RSG-R-1808,RSG-R-1808-9MM-7,18K,Rose Gold,9,7,9.14,276000,20
RSG-R-1808,RSG-R-1808-9MM-7.5,18K,Rose Gold,9,7.5,9.33,281500,20
RSG-R-1808,RSG-R-1808-9MM-8,18K,Rose Gold,9,8,9.52,287000,20
RSG-R-1808,RSG-R-1808-9MM-8.5,18K,Rose Gold,9,8.5,9.715,292000,20
RSG-R-1808,RSG-R-1808-9MM-9,18K,Rose Gold,9,9,9.91,298000,20
RSG-R-1808,RSG-R-1808-9MM-9.5,18K,Rose Gold,9,9.5,10.105,303500,20
RSG-R-1808,RSG-R-1808-9MM-10,18K,Rose Gold,9,10,10.3,309000,20
RSG-R-1808,RSG-R-1808-9MM-10.5,18K,Rose Gold,9,10.5,10.495,314000,20
RSG-R-1808,RSG-R-1808-9MM-11,18K,Rose Gold,9,11,10.69,319500,20
RSG-R-1808,RSG-R-1808-9MM-11.5,18K,Rose Gold,9,11.5,10.88,325000,20
RSG-R-1808,RSG-R-1808-9MM-12,18K,Rose Gold,9,12,11.07,330500,20
RSG-R-1808,RSG-R-1808-9MM-12.5,18K,Rose Gold,9,12.5,11.265,336000,20
RSG-R-1808,RSG-R-1808-9MM-13,18K,Rose Gold,9,13,11.46,341500,20
RSG-R-1808,RSG-R-1808-9MM-13.5,18K,Rose Gold,9,13.5,11.655,347000,20
RSG-R-1808,RSG-R-1808-9MM-14,18K,Rose Gold,9,14,11.85,352500,20
RSG-R-1808,RSG-R-1808-9MM-14.5,18K,Rose Gold,9,14.5,12.04,357500,20
RSG-R-1808,RSG-R-1808-9MM-15,18K,Rose Gold,9,15,12.23,363000,20
RSG-R-1808,RSG-R-1808-9MM-15.5,18K,Rose Gold,9,15.5,12.425,368500,20
RSG-R-1808,RSG-R-1808-9MM-16,18K,Rose Gold,9,16,12.62,374000,20
RSG-R-1808,RSG-R-1808-10MM-4,18K,Rose Gold,10,4,8.86,268000,20
RSG-R-1808,RSG-R-1808-10MM-4.5,18K,Rose Gold,10,4.5,9.075,274000,20
RSG-R-1808,RSG-R-1808-10MM-5,18K,Rose Gold,10,5,9.29,280500,20
RSG-R-1808,RSG-R-1808-10MM-5.5,18K,Rose Gold,10,5.5,9.505,286500,20
RSG-R-1808,RSG-R-1808-10MM-6,18K,Rose Gold,10,6,9.72,292500,20
RSG-R-1808,RSG-R-1808-10MM-6.5,18K,Rose Gold,10,6.5,9.935,298500,20
RSG-R-1808,RSG-R-1808-10MM-7,18K,Rose Gold,10,7,10.15,304500,20
RSG-R-1808,RSG-R-1808-10MM-7.5,18K,Rose Gold,10,7.5,10.365,310500,20
RSG-R-1808,RSG-R-1808-10MM-8,18K,Rose Gold,10,8,10.58,316500,20
RSG-R-1808,RSG-R-1808-10MM-8.5,18K,Rose Gold,10,8.5,10.795,322500,20
RSG-R-1808,RSG-R-1808-10MM-9,18K,Rose Gold,10,9,11.01,329000,20
RSG-R-1808,RSG-R-1808-10MM-9.5,18K,Rose Gold,10,9.5,11.225,335000,20
RSG-R-1808,RSG-R-1808-10MM-10,18K,Rose Gold,10,10,11.44,341000,20
RSG-R-1808,RSG-R-1808-10MM-10.5,18K,Rose Gold,10,10.5,11.51,343000,20
RSG-R-1808,RSG-R-1808-10MM-11,18K,Rose Gold,10,11,11.58,345000,20
RSG-R-1808,RSG-R-1808-10MM-11.5,18K,Rose Gold,10,11.5,11.94,355000,20
RSG-R-1808,RSG-R-1808-10MM-12,18K,Rose Gold,10,12,12.3,365000,20
RSG-R-1808,RSG-R-1808-10MM-12.5,18K,Rose Gold,10,12.5,12.515,371000,20
RSG-R-1808,RSG-R-1808-10MM-13,18K,Rose Gold,10,13,12.73,377000,20
RSG-R-1808,RSG-R-1808-10MM-13.5,18K,Rose Gold,10,13.5,12.945,383000,20
RSG-R-1808,RSG-R-1808-10MM-14,18K,Rose Gold,10,14,13.16,389000,20
RSG-R-1808,RSG-R-1808-10MM-14.5,18K,Rose Gold,10,14.5,13.375,395500,20
RSG-R-1808,RSG-R-1808-10MM-15,18K,Rose Gold,10,15,13.59,401500,20
RSG-R-1808,RSG-R-1808-10MM-15.5,18K,Rose Gold,10,15.5,13.805,407500,20
RSG-R-1808,RSG-R-1808-10MM-16,18K,Rose Gold,10,16,14.02,413500,20
RSG-R-1808,RSG-R-1808-11MM-4,18K,Rose Gold,11,4,9.75,293500,20
RSG-R-1808,RSG-R-1808-11MM-4.5,18K,Rose Gold,11,4.5,9.985,300000,20
RSG-R-1808,RSG-R-1808-11MM-5,18K,Rose Gold,11,5,10.22,306500,20
RSG-R-1808,RSG-R-1808-11MM-5.5,18K,Rose Gold,11,5.5,10.46,313500,20
RSG-R-1808,RSG-R-1808-11MM-6,18K,Rose Gold,11,6,10.7,320000,20
RSG-R-1808,RSG-R-1808-11MM-6.5,18K,Rose Gold,11,6.5,10.935,326500,20
RSG-R-1808,RSG-R-1808-11MM-7,18K,Rose Gold,11,7,11.17,333000,20
RSG-R-1808,RSG-R-1808-11MM-7.5,18K,Rose Gold,11,7.5,11.405,340000,20
RSG-R-1808,RSG-R-1808-11MM-8,18K,Rose Gold,11,8,11.64,346500,20
RSG-R-1808,RSG-R-1808-11MM-8.5,18K,Rose Gold,11,8.5,11.875,353000,20
RSG-R-1808,RSG-R-1808-11MM-9,18K,Rose Gold,11,9,12.11,359500,20
RSG-R-1808,RSG-R-1808-11MM-9.5,18K,Rose Gold,11,9.5,12.35,366500,20
RSG-R-1808,RSG-R-1808-11MM-10,18K,Rose Gold,11,10,12.59,373000,20
RSG-R-1808,RSG-R-1808-11MM-10.5,18K,Rose Gold,11,10.5,12.825,380000,20
RSG-R-1808,RSG-R-1808-11MM-11,18K,Rose Gold,11,11,13.06,386500,20
RSG-R-1808,RSG-R-1808-11MM-11.5,18K,Rose Gold,11,11.5,13.295,393000,20
RSG-R-1808,RSG-R-1808-11MM-12,18K,Rose Gold,11,12,13.53,399500,20
RSG-R-1808,RSG-R-1808-11MM-12.5,18K,Rose Gold,11,12.5,13.77,406500,20
RSG-R-1808,RSG-R-1808-11MM-13,18K,Rose Gold,11,13,14.01,413000,20
RSG-R-1808,RSG-R-1808-11MM-13.5,18K,Rose Gold,11,13.5,14.245,419500,20
RSG-R-1808,RSG-R-1808-11MM-14,18K,Rose Gold,11,14,14.48,426500,20
RSG-R-1808,RSG-R-1808-11MM-14.5,18K,Rose Gold,11,14.5,14.715,433000,20
RSG-R-1808,RSG-R-1808-11MM-15,18K,Rose Gold,11,15,14.95,439500,20
RSG-R-1808,RSG-R-1808-11MM-15.5,18K,Rose Gold,11,15.5,15.185,446000,20
RSG-R-1808,RSG-R-1808-11MM-16,18K,Rose Gold,11,16,15.42,453000,20
RSG-R-1808,RSG-R-1808-12MM-4,18K,Rose Gold,12,4,10.64,318500,20
RSG-R-1808,RSG-R-1808-12MM-4.5,18K,Rose Gold,12,4.5,10.895,325500,20
RSG-R-1808,RSG-R-1808-12MM-5,18K,Rose Gold,12,5,11.15,332500,20
RSG-R-1808,RSG-R-1808-12MM-5.5,18K,Rose Gold,12,5.5,11.41,340000,20
RSG-R-1808,RSG-R-1808-12MM-6,18K,Rose Gold,12,6,11.67,347500,20
RSG-R-1808,RSG-R-1808-12MM-6.5,18K,Rose Gold,12,6.5,11.925,354500,20
RSG-R-1808,RSG-R-1808-12MM-7,18K,Rose Gold,12,7,12.18,361500,20
RSG-R-1808,RSG-R-1808-12MM-7.5,18K,Rose Gold,12,7.5,12.44,369000,20
RSG-R-1808,RSG-R-1808-12MM-8,18K,Rose Gold,12,8,12.7,376000,20
RSG-R-1808,RSG-R-1808-12MM-8.5,18K,Rose Gold,12,8.5,12.96,383500,20
RSG-R-1808,RSG-R-1808-12MM-9,18K,Rose Gold,12,9,13.22,391000,20
RSG-R-1808,RSG-R-1808-12MM-9.5,18K,Rose Gold,12,9.5,13.475,398000,20
RSG-R-1808,RSG-R-1808-12MM-10,18K,Rose Gold,12,10,13.73,405500,20
RSG-R-1808,RSG-R-1808-12MM-10.5,18K,Rose Gold,12,10.5,13.985,412500,20
RSG-R-1808,RSG-R-1808-12MM-11,18K,Rose Gold,12,11,14.24,419500,20
RSG-R-1808,RSG-R-1808-12MM-11.5,18K,Rose Gold,12,11.5,14.5,427000,20
RSG-R-1808,RSG-R-1808-12MM-12,18K,Rose Gold,12,12,14.76,434000,20
RSG-R-1808,RSG-R-1808-12MM-12.5,18K,Rose Gold,12,12.5,15.02,441500,20
RSG-R-1808,RSG-R-1808-12MM-13,18K,Rose Gold,12,13,15.28,449000,20
RSG-R-1808,RSG-R-1808-12MM-13.5,18K,Rose Gold,12,13.5,15.535,456000,20
RSG-R-1808,RSG-R-1808-12MM-14,18K,Rose Gold,12,14,15.79,463500,20
RSG-R-1808,RSG-R-1808-12MM-14.5,18K,Rose Gold,12,14.5,16.05,470500,20
RSG-R-1808,RSG-R-1808-12MM-15,18K,Rose Gold,12,15,16.31,478000,20
RSG-R-1808,RSG-R-1808-12MM-15.5,18K,Rose Gold,12,15.5,16.57,485000,20
RSG-R-1808,RSG-R-1808-12MM-16,18K,Rose Gold,12,16,16.83,492500,20
