listing,name,sku,option 1,option 2,option 3,price_usd
R01,Two Tone Evil Eye Ring,BAS-EE-R01-10KYW-US3,Karat: 10K,Metal Color: Yellow/White Gold,Ring Size: US 3,520.00
R01,Two Tone Evil Eye Ring,BAS-EE-R01-10KYW-US3_5,Karat: 10K,Metal Color: Yellow/White Gold,Ring Size: US 3.5,530.00
R01,Two Tone Evil Eye Ring,BAS-EE-R01-10KYW-US4,Karat: 10K,Metal Color: Yellow/White Gold,Ring Size: US 4,540.00
R01,Two Tone Evil Eye Ring,BAS-EE-R01-10KYW-US4_5,Karat: 10K,Metal Color: Yellow/White Gold,Ring Size: US 4.5,550.00
R01,Two Tone Evil Eye Ring,BAS-EE-R01-10KYW-US5,Karat: 10K,Metal Color: Yellow/White Gold,Ring Size: US 5,560.00
R01,Two Tone Evil Eye Ring,BAS-EE-R01-10KYW-US5_5,Karat: 10K,Metal Color: Yellow/White Gold,Ring Size: US 5.5,570.00
R01,Two Tone Evil Eye Ring,BAS-EE-R01-10KYW-US6,Karat: 10K,Metal Color: Yellow/White Gold,Ring Size: US 6,580.00
R01,Two Tone Evil Eye Ring,BAS-EE-R01-10KYW-US6_5,Karat: 10K,Metal Color: Yellow/White Gold,Ring Size: US 6.5,590.00
R01,Two Tone Evil Eye Ring,BAS-EE-R01-10KYW-US7,Karat: 10K,Metal Color: Yellow/White Gold,Ring Size: US 7,600.00
R01,Two Tone Evil Eye Ring,BAS-EE-R01-10KYW-US7_5,Karat: 10K,Metal Color: Yellow/White Gold,Ring Size: US 7.5,610.00
R01,Two Tone Evil Eye Ring,BAS-EE-R01-10KYW-US8,Karat: 10K,Metal Color: Yellow/White Gold,Ring Size: US 8,620.00
R01,Two Tone Evil Eye Ring,BAS-EE-R01-10KYW-US8_5,Karat: 10K,Metal Color: Yellow/White Gold,Ring Size: US 8.5,630.00
R01,Two Tone Evil Eye Ring,BAS-EE-R01-10KYW-US9,Karat: 10K,Metal Color: Yellow/White Gold,Ring Size: US 9,640.00
R01,Two Tone Evil Eye Ring,BAS-EE-R01-10KYW-US9_5,Karat: 10K,Metal Color: Yellow/White Gold,Ring Size: US 9.5,650.00
R01,Two Tone Evil Eye Ring,BAS-EE-R01-10KYW-US10,Karat: 10K,Metal Color: Yellow/White Gold,Ring Size: US 10,660.00
R01,Two Tone Evil Eye Ring,BAS-EE-R01-10KYW-US10_5,Karat: 10K,Metal Color: Yellow/White Gold,Ring Size: US 10.5,680.00
R01,Two Tone Evil Eye Ring,BAS-EE-R01-10KYW-US11,Karat: 10K,Metal Color: Yellow/White Gold,Ring Size: US 11,690.00
R01,Two Tone Evil Eye Ring,BAS-EE-R01-10KYW-US11_5,Karat: 10K,Metal Color: Yellow/White Gold,Ring Size: US 11.5,700.00
R01,Two Tone Evil Eye Ring,BAS-EE-R01-10KYW-US12,Karat: 10K,Metal Color: Yellow/White Gold,Ring Size: US 12,710.00
R01,Two Tone Evil Eye Ring,BAS-EE-R01-10KYW-US12_5,Karat: 10K,Metal Color: Yellow/White Gold,Ring Size: US 12.5,720.00
R01,Two Tone Evil Eye Ring,BAS-EE-R01-10KYW-US13,Karat: 10K,Metal Color: Yellow/White Gold,Ring Size: US 13,730.00
R01,Two Tone Evil Eye Ring,BAS-EE-R01-10KYW-US13_5,Karat: 10K,Metal Color: Yellow/White Gold,Ring Size: US 13.5,740.00
R01,Two Tone Evil Eye Ring,BAS-EE-R01-10KYW-US14,Karat: 10K,Metal Color: Yellow/White Gold,Ring Size: US 14,750.00
R01,Two Tone Evil Eye Ring,BAS-EE-R01-10KYW-US14_5,Karat: 10K,Metal Color: Yellow/White Gold,Ring Size: US 14.5,760.00
R01,Two Tone Evil Eye Ring,BAS-EE-R01-10KYW-US15,Karat: 10K,Metal Color: Yellow/White Gold,Ring Size: US 15,770.00
R01,Two Tone Evil Eye Ring,BAS-EE-R01-10KYW-US15_5,Karat: 10K,Metal Color: Yellow/White Gold,Ring Size: US 15.5,780.00
R01,Two Tone Evil Eye Ring,BAS-EE-R01-10KYW-US16,Karat: 10K,Metal Color: Yellow/White Gold,Ring Size: US 16,790.00
R01,Two Tone Evil Eye Ring,BAS-EE-R01-10KWY-US3,Karat: 10K,Metal Color: White/Yellow Gold,Ring Size: US 3,520.00
R01,Two Tone Evil Eye Ring,BAS-EE-R01-10KWY-US3_5,Karat: 10K,Metal Color: White/Yellow Gold,Ring Size: US 3.5,530.00
R01,Two Tone Evil Eye Ring,BAS-EE-R01-10KWY-US4,Karat: 10K,Metal Color: White/Yellow Gold,Ring Size: US 4,540.00
R01,Two Tone Evil Eye Ring,BAS-EE-R01-10KWY-US4_5,Karat: 10K,Metal Color: White/Yellow Gold,Ring Size: US 4.5,550.00
R01,Two Tone Evil Eye Ring,BAS-EE-R01-10KWY-US5,Karat: 10K,Metal Color: White/Yellow Gold,Ring Size: US 5,560.00
R01,Two Tone Evil Eye Ring,BAS-EE-R01-10KWY-US5_5,Karat: 10K,Metal Color: White/Yellow Gold,Ring Size: US 5.5,570.00
R01,Two Tone Evil Eye Ring,BAS-EE-R01-10KWY-US6,Karat: 10K,Metal Color: White/Yellow Gold,Ring Size: US 6,580.00
R01,Two Tone Evil Eye Ring,BAS-EE-R01-10KWY-US6_5,Karat: 10K,Metal Color: White/Yellow Gold,Ring Size: US 6.5,590.00
R01,Two Tone Evil Eye Ring,BAS-EE-R01-10KWY-US7,Karat: 10K,Metal Color: White/Yellow Gold,Ring Size: US 7,600.00
R01,Two Tone Evil Eye Ring,BAS-EE-R01-10KWY-US7_5,Karat: 10K,Metal Color: White/Yellow Gold,Ring Size: US 7.5,610.00
R01,Two Tone Evil Eye Ring,BAS-EE-R01-10KWY-US8,Karat: 10K,Metal Color: White/Yellow Gold,Ring Size: US 8,620.00
R01,Two Tone Evil Eye Ring,BAS-EE-R01-10KWY-US8_5,Karat: 10K,Metal Color: White/Yellow Gold,Ring Size: US 8.5,630.00
R01,Two Tone Evil Eye Ring,BAS-EE-R01-10KWY-US9,Karat: 10K,Metal Color: White/Yellow Gold,Ring Size: US 9,640.00
R01,Two Tone Evil Eye Ring,BAS-EE-R01-10KWY-US9_5,Karat: 10K,Metal Color: White/Yellow Gold,Ring Size: US 9.5,650.00
R01,Two Tone Evil Eye Ring,BAS-EE-R01-10KWY-US10,Karat: 10K,Metal Color: White/Yellow Gold,Ring Size: US 10,660.00
R01,Two Tone Evil Eye Ring,BAS-EE-R01-10KWY-US10_5,Karat: 10K,Metal Color: White/Yellow Gold,Ring Size: US 10.5,680.00
R01,Two Tone Evil Eye Ring,BAS-EE-R01-10KWY-US11,Karat: 10K,Metal Color: White/Yellow Gold,Ring Size: US 11,690.00
R01,Two Tone Evil Eye Ring,BAS-EE-R01-10KWY-US11_5,Karat: 10K,Metal Color: White/Yellow Gold,Ring Size: US 11.5,700.00
R01,Two Tone Evil Eye Ring,BAS-EE-R01-10KWY-US12,Karat: 10K,Metal Color: White/Yellow Gold,Ring Size: US 12,710.00
R01,Two Tone Evil Eye Ring,BAS-EE-R01-10KWY-US12_5,Karat: 10K,Metal Color: White/Yellow Gold,Ring Size: US 12.5,720.00
R01,Two Tone Evil Eye Ring,BAS-EE-R01-10KWY-US13,Karat: 10K,Metal Color: White/Yellow Gold,Ring Size: US 13,730.00
R01,Two Tone Evil Eye Ring,BAS-EE-R01-10KWY-US13_5,Karat: 10K,Metal Color: White/Yellow Gold,Ring Size: US 13.5,740.00
R01,Two Tone Evil Eye Ring,BAS-EE-R01-10KWY-US14,Karat: 10K,Metal Color: White/Yellow Gold,Ring Size: US 14,750.00
R01,Two Tone Evil Eye Ring,BAS-EE-R01-10KWY-US14_5,Karat: 10K,Metal Color: White/Yellow Gold,Ring Size: US 14.5,760.00
R01,Two Tone Evil Eye Ring,BAS-EE-R01-10KWY-US15,Karat: 10K,Metal Color: White/Yellow Gold,Ring Size: US 15,770.00
R01,Two Tone Evil Eye Ring,BAS-EE-R01-10KWY-US15_5,Karat: 10K,Metal Color: White/Yellow Gold,Ring Size: US 15.5,780.00
R01,Two Tone Evil Eye Ring,BAS-EE-R01-10KWY-US16,Karat: 10K,Metal Color: White/Yellow Gold,Ring Size: US 16,790.00
R01,Two Tone Evil Eye Ring,BAS-EE-R01-10KRW-US3,Karat: 10K,Metal Color: Rose/White Gold,Ring Size: US 3,520.00
R01,Two Tone Evil Eye Ring,BAS-EE-R01-10KRW-US3_5,Karat: 10K,Metal Color: Rose/White Gold,Ring Size: US 3.5,530.00
R01,Two Tone Evil Eye Ring,BAS-EE-R01-10KRW-US4,Karat: 10K,Metal Color: Rose/White Gold,Ring Size: US 4,540.00
R01,Two Tone Evil Eye Ring,BAS-EE-R01-10KRW-US4_5,Karat: 10K,Metal Color: Rose/White Gold,Ring Size: US 4.5,550.00
R01,Two Tone Evil Eye Ring,BAS-EE-R01-10KRW-US5,Karat: 10K,Metal Color: Rose/White Gold,Ring Size: US 5,560.00
R01,Two Tone Evil Eye Ring,BAS-EE-R01-10KRW-US5_5,Karat: 10K,Metal Color: Rose/White Gold,Ring Size: US 5.5,570.00
R01,Two Tone Evil Eye Ring,BAS-EE-R01-10KRW-US6,Karat: 10K,Metal Color: Rose/White Gold,Ring Size: US 6,580.00
R01,Two Tone Evil Eye Ring,BAS-EE-R01-10KRW-US6_5,Karat: 10K,Metal Color: Rose/White Gold,Ring Size: US 6.5,590.00
R01,Two Tone Evil Eye Ring,BAS-EE-R01-10KRW-US7,Karat: 10K,Metal Color: Rose/White Gold,Ring Size: US 7,600.00
R01,Two Tone Evil Eye Ring,BAS-EE-R01-10KRW-US7_5,Karat: 10K,Metal Color: Rose/White Gold,Ring Size: US 7.5,610.00
R01,Two Tone Evil Eye Ring,BAS-EE-R01-10KRW-US8,Karat: 10K,Metal Color: Rose/White Gold,Ring Size: US 8,620.00
R01,Two Tone Evil Eye Ring,BAS-EE-R01-10KRW-US8_5,Karat: 10K,Metal Color: Rose/White Gold,Ring Size: US 8.5,630.00
R01,Two Tone Evil Eye Ring,BAS-EE-R01-10KRW-US9,Karat: 10K,Metal Color: Rose/White Gold,Ring Size: US 9,640.00
R01,Two Tone Evil Eye Ring,BAS-EE-R01-10KRW-US9_5,Karat: 10K,Metal Color: Rose/White Gold,Ring Size: US 9.5,650.00
R01,Two Tone Evil Eye Ring,BAS-EE-R01-10KRW-US10,Karat: 10K,Metal Color: Rose/White Gold,Ring Size: US 10,660.00
R01,Two Tone Evil Eye Ring,BAS-EE-R01-10KRW-US10_5,Karat: 10K,Metal Color: Rose/White Gold,Ring Size: US 10.5,680.00
R01,Two Tone Evil Eye Ring,BAS-EE-R01-10KRW-US11,Karat: 10K,Metal Color: Rose/White Gold,Ring Size: US 11,690.00
R01,Two Tone Evil Eye Ring,BAS-EE-R01-10KRW-US11_5,Karat: 10K,Metal Color: Rose/White Gold,Ring Size: US 11.5,700.00
R01,Two Tone Evil Eye Ring,BAS-EE-R01-10KRW-US12,Karat: 10K,Metal Color: Rose/White Gold,Ring Size: US 12,710.00
R01,Two Tone Evil Eye Ring,BAS-EE-R01-10KRW-US12_5,Karat: 10K,Metal Color: Rose/White Gold,Ring Size: US 12.5,720.00
R01,Two Tone Evil Eye Ring,BAS-EE-R01-10KRW-US13,Karat: 10K,Metal Color: Rose/White Gold,Ring Size: US 13,730.00
R01,Two Tone Evil Eye Ring,BAS-EE-R01-10KRW-US13_5,Karat: 10K,Metal Color: Rose/White Gold,Ring Size: US 13.5,740.00
R01,Two Tone Evil Eye Ring,BAS-EE-R01-10KRW-US14,Karat: 10K,Metal Color: Rose/White Gold,Ring Size: US 14,750.00
R01,Two Tone Evil Eye Ring,BAS-EE-R01-10KRW-US14_5,Karat: 10K,Metal Color: Rose/White Gold,Ring Size: US 14.5,760.00
R01,Two Tone Evil Eye Ring,BAS-EE-R01-10KRW-US15,Karat: 10K,Metal Color: Rose/White Gold,Ring Size: US 15,770.00
R01,Two Tone Evil Eye Ring,BAS-EE-R01-10KRW-US15_5,Karat: 10K,Metal Color: Rose/White Gold,Ring Size: US 15.5,780.00
R01,Two Tone Evil Eye Ring,BAS-EE-R01-10KRW-US16,Karat: 10K,Metal Color: Rose/White Gold,Ring Size: US 16,790.00
R01,Two Tone Evil Eye Ring,BAS-EE-R01-14KYW-US3,Karat: 14K,Metal Color: Yellow/White Gold,Ring Size: US 3,700.00
R01,Two Tone Evil Eye Ring,BAS-EE-R01-14KYW-US3_5,Karat: 14K,Metal Color: Yellow/White Gold,Ring Size: US 3.5,710.00
R01,Two Tone Evil Eye Ring,BAS-EE-R01-14KYW-US4,Karat: 14K,Metal Color: Yellow/White Gold,Ring Size: US 4,730.00
R01,Two Tone Evil Eye Ring,BAS-EE-R01-14KYW-US4_5,Karat: 14K,Metal Color: Yellow/White Gold,Ring Size: US 4.5,750.00
R01,Two Tone Evil Eye Ring,BAS-EE-R01-14KYW-US5,Karat: 14K,Metal Color: Yellow/White Gold,Ring Size: US 5,760.00
R01,Two Tone Evil Eye Ring,BAS-EE-R01-14KYW-US5_5,Karat: 14K,Metal Color: Yellow/White Gold,Ring Size: US 5.5,780.00
R01,Two Tone Evil Eye Ring,BAS-EE-R01-14KYW-US6,Karat: 14K,Metal Color: Yellow/White Gold,Ring Size: US 6,790.00
R01,Two Tone Evil Eye Ring,BAS-EE-R01-14KYW-US6_5,Karat: 14K,Metal Color: Yellow/White Gold,Ring Size: US 6.5,810.00
R01,Two Tone Evil Eye Ring,BAS-EE-R01-14KYW-US7,Karat: 14K,Metal Color: Yellow/White Gold,Ring Size: US 7,820.00
R01,Two Tone Evil Eye Ring,BAS-EE-R01-14KYW-US7_5,Karat: 14K,Metal Color: Yellow/White Gold,Ring Size: US 7.5,840.00
R01,Two Tone Evil Eye Ring,BAS-EE-R01-14KYW-US8,Karat: 14K,Metal Color: Yellow/White Gold,Ring Size: US 8,850.00
R01,Two Tone Evil Eye Ring,BAS-EE-R01-14KYW-US8_5,Karat: 14K,Metal Color: Yellow/White Gold,Ring Size: US 8.5,870.00
R01,Two Tone Evil Eye Ring,BAS-EE-R01-14KYW-US9,Karat: 14K,Metal Color: Yellow/White Gold,Ring Size: US 9,880.00
R01,Two Tone Evil Eye Ring,BAS-EE-R01-14KYW-US9_5,Karat: 14K,Metal Color: Yellow/White Gold,Ring Size: US 9.5,900.00
R01,Two Tone Evil Eye Ring,BAS-EE-R01-14KYW-US10,Karat: 14K,Metal Color: Yellow/White Gold,Ring Size: US 10,920.00
R01,Two Tone Evil Eye Ring,BAS-EE-R01-14KYW-US10_5,Karat: 14K,Metal Color: Yellow/White Gold,Ring Size: US 10.5,930.00
R01,Two Tone Evil Eye Ring,BAS-EE-R01-14KYW-US11,Karat: 14K,Metal Color: Yellow/White Gold,Ring Size: US 11,950.00
R01,Two Tone Evil Eye Ring,BAS-EE-R01-14KYW-US11_5,Karat: 14K,Metal Color: Yellow/White Gold,Ring Size: US 11.5,960.00
R01,Two Tone Evil Eye Ring,BAS-EE-R01-14KYW-US12,Karat: 14K,Metal Color: Yellow/White Gold,Ring Size: US 12,980.00
R01,Two Tone Evil Eye Ring,BAS-EE-R01-14KYW-US12_5,Karat: 14K,Metal Color: Yellow/White Gold,Ring Size: US 12.5,990.00
R01,Two Tone Evil Eye Ring,BAS-EE-R01-14KYW-US13,Karat: 14K,Metal Color: Yellow/White Gold,Ring Size: US 13,1010.00
R01,Two Tone Evil Eye Ring,BAS-EE-R01-14KYW-US13_5,Karat: 14K,Metal Color: Yellow/White Gold,Ring Size: US 13.5,1020.00
R01,Two Tone Evil Eye Ring,BAS-EE-R01-14KYW-US14,Karat: 14K,Metal Color: Yellow/White Gold,Ring Size: US 14,1040.00
R01,Two Tone Evil Eye Ring,BAS-EE-R01-14KYW-US14_5,Karat: 14K,Metal Color: Yellow/White Gold,Ring Size: US 14.5,1050.00
R01,Two Tone Evil Eye Ring,BAS-EE-R01-14KYW-US15,Karat: 14K,Metal Color: Yellow/White Gold,Ring Size: US 15,1070.00
R01,Two Tone Evil Eye Ring,BAS-EE-R01-14KYW-US15_5,Karat: 14K,Metal Color: Yellow/White Gold,Ring Size: US 15.5,1090.00
R01,Two Tone Evil Eye Ring,BAS-EE-R01-14KYW-US16,Karat: 14K,Metal Color: Yellow/White Gold,Ring Size: US 16,1100.00
R01,Two Tone Evil Eye Ring,BAS-EE-R01-14KWY-US3,Karat: 14K,Metal Color: White/Yellow Gold,Ring Size: US 3,700.00
R01,Two Tone Evil Eye Ring,BAS-EE-R01-14KWY-US3_5,Karat: 14K,Metal Color: White/Yellow Gold,Ring Size: US 3.5,710.00
R01,Two Tone Evil Eye Ring,BAS-EE-R01-14KWY-US4,Karat: 14K,Metal Color: White/Yellow Gold,Ring Size: US 4,730.00
R01,Two Tone Evil Eye Ring,BAS-EE-R01-14KWY-US4_5,Karat: 14K,Metal Color: White/Yellow Gold,Ring Size: US 4.5,750.00
R01,Two Tone Evil Eye Ring,BAS-EE-R01-14KWY-US5,Karat: 14K,Metal Color: White/Yellow Gold,Ring Size: US 5,760.00
R01,Two Tone Evil Eye Ring,BAS-EE-R01-14KWY-US5_5,Karat: 14K,Metal Color: White/Yellow Gold,Ring Size: US 5.5,780.00
R01,Two Tone Evil Eye Ring,BAS-EE-R01-14KWY-US6,Karat: 14K,Metal Color: White/Yellow Gold,Ring Size: US 6,790.00
R01,Two Tone Evil Eye Ring,BAS-EE-R01-14KWY-US6_5,Karat: 14K,Metal Color: White/Yellow Gold,Ring Size: US 6.5,810.00
R01,Two Tone Evil Eye Ring,BAS-EE-R01-14KWY-US7,Karat: 14K,Metal Color: White/Yellow Gold,Ring Size: US 7,820.00
R01,Two Tone Evil Eye Ring,BAS-EE-R01-14KWY-US7_5,Karat: 14K,Metal Color: White/Yellow Gold,Ring Size: US 7.5,840.00
R01,Two Tone Evil Eye Ring,BAS-EE-R01-14KWY-US8,Karat: 14K,Metal Color: White/Yellow Gold,Ring Size: US 8,850.00
R01,Two Tone Evil Eye Ring,BAS-EE-R01-14KWY-US8_5,Karat: 14K,Metal Color: White/Yellow Gold,Ring Size: US 8.5,870.00
R01,Two Tone Evil Eye Ring,BAS-EE-R01-14KWY-US9,Karat: 14K,Metal Color: White/Yellow Gold,Ring Size: US 9,880.00
R01,Two Tone Evil Eye Ring,BAS-EE-R01-14KWY-US9_5,Karat: 14K,Metal Color: White/Yellow Gold,Ring Size: US 9.5,900.00
R01,Two Tone Evil Eye Ring,BAS-EE-R01-14KWY-US10,Karat: 14K,Metal Color: White/Yellow Gold,Ring Size: US 10,920.00
R01,Two Tone Evil Eye Ring,BAS-EE-R01-14KWY-US10_5,Karat: 14K,Metal Color: White/Yellow Gold,Ring Size: US 10.5,930.00
R01,Two Tone Evil Eye Ring,BAS-EE-R01-14KWY-US11,Karat: 14K,Metal Color: White/Yellow Gold,Ring Size: US 11,950.00
R01,Two Tone Evil Eye Ring,BAS-EE-R01-14KWY-US11_5,Karat: 14K,Metal Color: White/Yellow Gold,Ring Size: US 11.5,960.00
R01,Two Tone Evil Eye Ring,BAS-EE-R01-14KWY-US12,Karat: 14K,Metal Color: White/Yellow Gold,Ring Size: US 12,980.00
R01,Two Tone Evil Eye Ring,BAS-EE-R01-14KWY-US12_5,Karat: 14K,Metal Color: White/Yellow Gold,Ring Size: US 12.5,990.00
R01,Two Tone Evil Eye Ring,BAS-EE-R01-14KWY-US13,Karat: 14K,Metal Color: White/Yellow Gold,Ring Size: US 13,1010.00
R01,Two Tone Evil Eye Ring,BAS-EE-R01-14KWY-US13_5,Karat: 14K,Metal Color: White/Yellow Gold,Ring Size: US 13.5,1020.00
R01,Two Tone Evil Eye Ring,BAS-EE-R01-14KWY-US14,Karat: 14K,Metal Color: White/Yellow Gold,Ring Size: US 14,1040.00
R01,Two Tone Evil Eye Ring,BAS-EE-R01-14KWY-US14_5,Karat: 14K,Metal Color: White/Yellow Gold,Ring Size: US 14.5,1050.00
R01,Two Tone Evil Eye Ring,BAS-EE-R01-14KWY-US15,Karat: 14K,Metal Color: White/Yellow Gold,Ring Size: US 15,1070.00
R01,Two Tone Evil Eye Ring,BAS-EE-R01-14KWY-US15_5,Karat: 14K,Metal Color: White/Yellow Gold,Ring Size: US 15.5,1090.00
R01,Two Tone Evil Eye Ring,BAS-EE-R01-14KWY-US16,Karat: 14K,Metal Color: White/Yellow Gold,Ring Size: US 16,1100.00
R01,Two Tone Evil Eye Ring,BAS-EE-R01-14KRW-US3,Karat: 14K,Metal Color: Rose/White Gold,Ring Size: US 3,700.00
R01,Two Tone Evil Eye Ring,BAS-EE-R01-14KRW-US3_5,Karat: 14K,Metal Color: Rose/White Gold,Ring Size: US 3.5,710.00
R01,Two Tone Evil Eye Ring,BAS-EE-R01-14KRW-US4,Karat: 14K,Metal Color: Rose/White Gold,Ring Size: US 4,730.00
R01,Two Tone Evil Eye Ring,BAS-EE-R01-14KRW-US4_5,Karat: 14K,Metal Color: Rose/White Gold,Ring Size: US 4.5,750.00
R01,Two Tone Evil Eye Ring,BAS-EE-R01-14KRW-US5,Karat: 14K,Metal Color: Rose/White Gold,Ring Size: US 5,760.00
R01,Two Tone Evil Eye Ring,BAS-EE-R01-14KRW-US5_5,Karat: 14K,Metal Color: Rose/White Gold,Ring Size: US 5.5,780.00
R01,Two Tone Evil Eye Ring,BAS-EE-R01-14KRW-US6,Karat: 14K,Metal Color: Rose/White Gold,Ring Size: US 6,790.00
R01,Two Tone Evil Eye Ring,BAS-EE-R01-14KRW-US6_5,Karat: 14K,Metal Color: Rose/White Gold,Ring Size: US 6.5,810.00
R01,Two Tone Evil Eye Ring,BAS-EE-R01-14KRW-US7,Karat: 14K,Metal Color: Rose/White Gold,Ring Size: US 7,820.00
R01,Two Tone Evil Eye Ring,BAS-EE-R01-14KRW-US7_5,Karat: 14K,Metal Color: Rose/White Gold,Ring Size: US 7.5,840.00
R01,Two Tone Evil Eye Ring,BAS-EE-R01-14KRW-US8,Karat: 14K,Metal Color: Rose/White Gold,Ring Size: US 8,850.00
R01,Two Tone Evil Eye Ring,BAS-EE-R01-14KRW-US8_5,Karat: 14K,Metal Color: Rose/White Gold,Ring Size: US 8.5,870.00
R01,Two Tone Evil Eye Ring,BAS-EE-R01-14KRW-US9,Karat: 14K,Metal Color: Rose/White Gold,Ring Size: US 9,880.00
R01,Two Tone Evil Eye Ring,BAS-EE-R01-14KRW-US9_5,Karat: 14K,Metal Color: Rose/White Gold,Ring Size: US 9.5,900.00
R01,Two Tone Evil Eye Ring,BAS-EE-R01-14KRW-US10,Karat: 14K,Metal Color: Rose/White Gold,Ring Size: US 10,920.00
R01,Two Tone Evil Eye Ring,BAS-EE-R01-14KRW-US10_5,Karat: 14K,Metal Color: Rose/White Gold,Ring Size: US 10.5,930.00
R01,Two Tone Evil Eye Ring,BAS-EE-R01-14KRW-US11,Karat: 14K,Metal Color: Rose/White Gold,Ring Size: US 11,950.00
R01,Two Tone Evil Eye Ring,BAS-EE-R01-14KRW-US11_5,Karat: 14K,Metal Color: Rose/White Gold,Ring Size: US 11.5,960.00
R01,Two Tone Evil Eye Ring,BAS-EE-R01-14KRW-US12,Karat: 14K,Metal Color: Rose/White Gold,Ring Size: US 12,980.00
R01,Two Tone Evil Eye Ring,BAS-EE-R01-14KRW-US12_5,Karat: 14K,Metal Color: Rose/White Gold,Ring Size: US 12.5,990.00
R01,Two Tone Evil Eye Ring,BAS-EE-R01-14KRW-US13,Karat: 14K,Metal Color: Rose/White Gold,Ring Size: US 13,1010.00
R01,Two Tone Evil Eye Ring,BAS-EE-R01-14KRW-US13_5,Karat: 14K,Metal Color: Rose/White Gold,Ring Size: US 13.5,1020.00
R01,Two Tone Evil Eye Ring,BAS-EE-R01-14KRW-US14,Karat: 14K,Metal Color: Rose/White Gold,Ring Size: US 14,1040.00
R01,Two Tone Evil Eye Ring,BAS-EE-R01-14KRW-US14_5,Karat: 14K,Metal Color: Rose/White Gold,Ring Size: US 14.5,1050.00
R01,Two Tone Evil Eye Ring,BAS-EE-R01-14KRW-US15,Karat: 14K,Metal Color: Rose/White Gold,Ring Size: US 15,1070.00
R01,Two Tone Evil Eye Ring,BAS-EE-R01-14KRW-US15_5,Karat: 14K,Metal Color: Rose/White Gold,Ring Size: US 15.5,1090.00
R01,Two Tone Evil Eye Ring,BAS-EE-R01-14KRW-US16,Karat: 14K,Metal Color: Rose/White Gold,Ring Size: US 16,1100.00
R01,Two Tone Evil Eye Ring,BAS-EE-R01-18KYW-US3,Karat: 18K,Metal Color: Yellow/White Gold,Ring Size: US 3,930.00
R01,Two Tone Evil Eye Ring,BAS-EE-R01-18KYW-US3_5,Karat: 18K,Metal Color: Yellow/White Gold,Ring Size: US 3.5,950.00
R01,Two Tone Evil Eye Ring,BAS-EE-R01-18KYW-US4,Karat: 18K,Metal Color: Yellow/White Gold,Ring Size: US 4,970.00
R01,Two Tone Evil Eye Ring,BAS-EE-R01-18KYW-US4_5,Karat: 18K,Metal Color: Yellow/White Gold,Ring Size: US 4.5,990.00
R01,Two Tone Evil Eye Ring,BAS-EE-R01-18KYW-US5,Karat: 18K,Metal Color: Yellow/White Gold,Ring Size: US 5,1020.00
R01,Two Tone Evil Eye Ring,BAS-EE-R01-18KYW-US5_5,Karat: 18K,Metal Color: Yellow/White Gold,Ring Size: US 5.5,1040.00
R01,Two Tone Evil Eye Ring,BAS-EE-R01-18KYW-US6,Karat: 18K,Metal Color: Yellow/White Gold,Ring Size: US 6,1060.00
R01,Two Tone Evil Eye Ring,BAS-EE-R01-18KYW-US6_5,Karat: 18K,Metal Color: Yellow/White Gold,Ring Size: US 6.5,1080.00
R01,Two Tone Evil Eye Ring,BAS-EE-R01-18KYW-US7,Karat: 18K,Metal Color: Yellow/White Gold,Ring Size: US 7,1100.00
R01,Two Tone Evil Eye Ring,BAS-EE-R01-18KYW-US7_5,Karat: 18K,Metal Color: Yellow/White Gold,Ring Size: US 7.5,1120.00
R01,Two Tone Evil Eye Ring,BAS-EE-R01-18KYW-US8,Karat: 18K,Metal Color: Yellow/White Gold,Ring Size: US 8,1150.00
R01,Two Tone Evil Eye Ring,BAS-EE-R01-18KYW-US8_5,Karat: 18K,Metal Color: Yellow/White Gold,Ring Size: US 8.5,1170.00
R01,Two Tone Evil Eye Ring,BAS-EE-R01-18KYW-US9,Karat: 18K,Metal Color: Yellow/White Gold,Ring Size: US 9,1190.00
R01,Two Tone Evil Eye Ring,BAS-EE-R01-18KYW-US9_5,Karat: 18K,Metal Color: Yellow/White Gold,Ring Size: US 9.5,1210.00
R01,Two Tone Evil Eye Ring,BAS-EE-R01-18KYW-US10,Karat: 18K,Metal Color: Yellow/White Gold,Ring Size: US 10,1230.00
R01,Two Tone Evil Eye Ring,BAS-EE-R01-18KYW-US10_5,Karat: 18K,Metal Color: Yellow/White Gold,Ring Size: US 10.5,1250.00
R01,Two Tone Evil Eye Ring,BAS-EE-R01-18KYW-US11,Karat: 18K,Metal Color: Yellow/White Gold,Ring Size: US 11,1270.00
R01,Two Tone Evil Eye Ring,BAS-EE-R01-18KYW-US11_5,Karat: 18K,Metal Color: Yellow/White Gold,Ring Size: US 11.5,1300.00
R01,Two Tone Evil Eye Ring,BAS-EE-R01-18KYW-US12,Karat: 18K,Metal Color: Yellow/White Gold,Ring Size: US 12,1320.00
R01,Two Tone Evil Eye Ring,BAS-EE-R01-18KYW-US12_5,Karat: 18K,Metal Color: Yellow/White Gold,Ring Size: US 12.5,1340.00
R01,Two Tone Evil Eye Ring,BAS-EE-R01-18KYW-US13,Karat: 18K,Metal Color: Yellow/White Gold,Ring Size: US 13,1360.00
R01,Two Tone Evil Eye Ring,BAS-EE-R01-18KYW-US13_5,Karat: 18K,Metal Color: Yellow/White Gold,Ring Size: US 13.5,1380.00
R01,Two Tone Evil Eye Ring,BAS-EE-R01-18KYW-US14,Karat: 18K,Metal Color: Yellow/White Gold,Ring Size: US 14,1400.00
R01,Two Tone Evil Eye Ring,BAS-EE-R01-18KYW-US14_5,Karat: 18K,Metal Color: Yellow/White Gold,Ring Size: US 14.5,1420.00
R01,Two Tone Evil Eye Ring,BAS-EE-R01-18KYW-US15,Karat: 18K,Metal Color: Yellow/White Gold,Ring Size: US 15,1450.00
R01,Two Tone Evil Eye Ring,BAS-EE-R01-18KYW-US15_5,Karat: 18K,Metal Color: Yellow/White Gold,Ring Size: US 15.5,1470.00
R01,Two Tone Evil Eye Ring,BAS-EE-R01-18KYW-US16,Karat: 18K,Metal Color: Yellow/White Gold,Ring Size: US 16,1490.00
R01,Two Tone Evil Eye Ring,BAS-EE-R01-18KWY-US3,Karat: 18K,Metal Color: White/Yellow Gold,Ring Size: US 3,930.00
R01,Two Tone Evil Eye Ring,BAS-EE-R01-18KWY-US3_5,Karat: 18K,Metal Color: White/Yellow Gold,Ring Size: US 3.5,950.00
R01,Two Tone Evil Eye Ring,BAS-EE-R01-18KWY-US4,Karat: 18K,Metal Color: White/Yellow Gold,Ring Size: US 4,970.00
R01,Two Tone Evil Eye Ring,BAS-EE-R01-18KWY-US4_5,Karat: 18K,Metal Color: White/Yellow Gold,Ring Size: US 4.5,990.00
R01,Two Tone Evil Eye Ring,BAS-EE-R01-18KWY-US5,Karat: 18K,Metal Color: White/Yellow Gold,Ring Size: US 5,1020.00
R01,Two Tone Evil Eye Ring,BAS-EE-R01-18KWY-US5_5,Karat: 18K,Metal Color: White/Yellow Gold,Ring Size: US 5.5,1040.00
R01,Two Tone Evil Eye Ring,BAS-EE-R01-18KWY-US6,Karat: 18K,Metal Color: White/Yellow Gold,Ring Size: US 6,1060.00
R01,Two Tone Evil Eye Ring,BAS-EE-R01-18KWY-US6_5,Karat: 18K,Metal Color: White/Yellow Gold,Ring Size: US 6.5,1080.00
R01,Two Tone Evil Eye Ring,BAS-EE-R01-18KWY-US7,Karat: 18K,Metal Color: White/Yellow Gold,Ring Size: US 7,1100.00
R01,Two Tone Evil Eye Ring,BAS-EE-R01-18KWY-US7_5,Karat: 18K,Metal Color: White/Yellow Gold,Ring Size: US 7.5,1120.00
R01,Two Tone Evil Eye Ring,BAS-EE-R01-18KWY-US8,Karat: 18K,Metal Color: White/Yellow Gold,Ring Size: US 8,1150.00
R01,Two Tone Evil Eye Ring,BAS-EE-R01-18KWY-US8_5,Karat: 18K,Metal Color: White/Yellow Gold,Ring Size: US 8.5,1170.00
R01,Two Tone Evil Eye Ring,BAS-EE-R01-18KWY-US9,Karat: 18K,Metal Color: White/Yellow Gold,Ring Size: US 9,1190.00
R01,Two Tone Evil Eye Ring,BAS-EE-R01-18KWY-US9_5,Karat: 18K,Metal Color: White/Yellow Gold,Ring Size: US 9.5,1210.00
R01,Two Tone Evil Eye Ring,BAS-EE-R01-18KWY-US10,Karat: 18K,Metal Color: White/Yellow Gold,Ring Size: US 10,1230.00
R01,Two Tone Evil Eye Ring,BAS-EE-R01-18KWY-US10_5,Karat: 18K,Metal Color: White/Yellow Gold,Ring Size: US 10.5,1250.00
R01,Two Tone Evil Eye Ring,BAS-EE-R01-18KWY-US11,Karat: 18K,Metal Color: White/Yellow Gold,Ring Size: US 11,1270.00
R01,Two Tone Evil Eye Ring,BAS-EE-R01-18KWY-US11_5,Karat: 18K,Metal Color: White/Yellow Gold,Ring Size: US 11.5,1300.00
R01,Two Tone Evil Eye Ring,BAS-EE-R01-18KWY-US12,Karat: 18K,Metal Color: White/Yellow Gold,Ring Size: US 12,1320.00
R01,Two Tone Evil Eye Ring,BAS-EE-R01-18KWY-US12_5,Karat: 18K,Metal Color: White/Yellow Gold,Ring Size: US 12.5,1340.00
R01,Two Tone Evil Eye Ring,BAS-EE-R01-18KWY-US13,Karat: 18K,Metal Color: White/Yellow Gold,Ring Size: US 13,1360.00
R01,Two Tone Evil Eye Ring,BAS-EE-R01-18KWY-US13_5,Karat: 18K,Metal Color: White/Yellow Gold,Ring Size: US 13.5,1380.00
R01,Two Tone Evil Eye Ring,BAS-EE-R01-18KWY-US14,Karat: 18K,Metal Color: White/Yellow Gold,Ring Size: US 14,1400.00
R01,Two Tone Evil Eye Ring,BAS-EE-R01-18KWY-US14_5,Karat: 18K,Metal Color: White/Yellow Gold,Ring Size: US 14.5,1420.00
R01,Two Tone Evil Eye Ring,BAS-EE-R01-18KWY-US15,Karat: 18K,Metal Color: White/Yellow Gold,Ring Size: US 15,1450.00
R01,Two Tone Evil Eye Ring,BAS-EE-R01-18KWY-US15_5,Karat: 18K,Metal Color: White/Yellow Gold,Ring Size: US 15.5,1470.00
R01,Two Tone Evil Eye Ring,BAS-EE-R01-18KWY-US16,Karat: 18K,Metal Color: White/Yellow Gold,Ring Size: US 16,1490.00
R01,Two Tone Evil Eye Ring,BAS-EE-R01-18KRW-US3,Karat: 18K,Metal Color: Rose/White Gold,Ring Size: US 3,930.00
R01,Two Tone Evil Eye Ring,BAS-EE-R01-18KRW-US3_5,Karat: 18K,Metal Color: Rose/White Gold,Ring Size: US 3.5,950.00
R01,Two Tone Evil Eye Ring,BAS-EE-R01-18KRW-US4,Karat: 18K,Metal Color: Rose/White Gold,Ring Size: US 4,970.00
R01,Two Tone Evil Eye Ring,BAS-EE-R01-18KRW-US4_5,Karat: 18K,Metal Color: Rose/White Gold,Ring Size: US 4.5,990.00
R01,Two Tone Evil Eye Ring,BAS-EE-R01-18KRW-US5,Karat: 18K,Metal Color: Rose/White Gold,Ring Size: US 5,1020.00
R01,Two Tone Evil Eye Ring,BAS-EE-R01-18KRW-US5_5,Karat: 18K,Metal Color: Rose/White Gold,Ring Size: US 5.5,1040.00
R01,Two Tone Evil Eye Ring,BAS-EE-R01-18KRW-US6,Karat: 18K,Metal Color: Rose/White Gold,Ring Size: US 6,1060.00
R01,Two Tone Evil Eye Ring,BAS-EE-R01-18KRW-US6_5,Karat: 18K,Metal Color: Rose/White Gold,Ring Size: US 6.5,1080.00
R01,Two Tone Evil Eye Ring,BAS-EE-R01-18KRW-US7,Karat: 18K,Metal Color: Rose/White Gold,Ring Size: US 7,1100.00
R01,Two Tone Evil Eye Ring,BAS-EE-R01-18KRW-US7_5,Karat: 18K,Metal Color: Rose/White Gold,Ring Size: US 7.5,1120.00
R01,Two Tone Evil Eye Ring,BAS-EE-R01-18KRW-US8,Karat: 18K,Metal Color: Rose/White Gold,Ring Size: US 8,1150.00
R01,Two Tone Evil Eye Ring,BAS-EE-R01-18KRW-US8_5,Karat: 18K,Metal Color: Rose/White Gold,Ring Size: US 8.5,1170.00
R01,Two Tone Evil Eye Ring,BAS-EE-R01-18KRW-US9,Karat: 18K,Metal Color: Rose/White Gold,Ring Size: US 9,1190.00
R01,Two Tone Evil Eye Ring,BAS-EE-R01-18KRW-US9_5,Karat: 18K,Metal Color: Rose/White Gold,Ring Size: US 9.5,1210.00
R01,Two Tone Evil Eye Ring,BAS-EE-R01-18KRW-US10,Karat: 18K,Metal Color: Rose/White Gold,Ring Size: US 10,1230.00
R01,Two Tone Evil Eye Ring,BAS-EE-R01-18KRW-US10_5,Karat: 18K,Metal Color: Rose/White Gold,Ring Size: US 10.5,1250.00
R01,Two Tone Evil Eye Ring,BAS-EE-R01-18KRW-US11,Karat: 18K,Metal Color: Rose/White Gold,Ring Size: US 11,1270.00
R01,Two Tone Evil Eye Ring,BAS-EE-R01-18KRW-US11_5,Karat: 18K,Metal Color: Rose/White Gold,Ring Size: US 11.5,1300.00
R01,Two Tone Evil Eye Ring,BAS-EE-R01-18KRW-US12,Karat: 18K,Metal Color: Rose/White Gold,Ring Size: US 12,1320.00
R01,Two Tone Evil Eye Ring,BAS-EE-R01-18KRW-US12_5,Karat: 18K,Metal Color: Rose/White Gold,Ring Size: US 12.5,1340.00
R01,Two Tone Evil Eye Ring,BAS-EE-R01-18KRW-US13,Karat: 18K,Metal Color: Rose/White Gold,Ring Size: US 13,1360.00
R01,Two Tone Evil Eye Ring,BAS-EE-R01-18KRW-US13_5,Karat: 18K,Metal Color: Rose/White Gold,Ring Size: US 13.5,1380.00
R01,Two Tone Evil Eye Ring,BAS-EE-R01-18KRW-US14,Karat: 18K,Metal Color: Rose/White Gold,Ring Size: US 14,1400.00
R01,Two Tone Evil Eye Ring,BAS-EE-R01-18KRW-US14_5,Karat: 18K,Metal Color: Rose/White Gold,Ring Size: US 14.5,1420.00
R01,Two Tone Evil Eye Ring,BAS-EE-R01-18KRW-US15,Karat: 18K,Metal Color: Rose/White Gold,Ring Size: US 15,1450.00
R01,Two Tone Evil Eye Ring,BAS-EE-R01-18KRW-US15_5,Karat: 18K,Metal Color: Rose/White Gold,Ring Size: US 15.5,1470.00
R01,Two Tone Evil Eye Ring,BAS-EE-R01-18KRW-US16,Karat: 18K,Metal Color: Rose/White Gold,Ring Size: US 16,1490.00
N01,Two Tone Evil Eye Necklace,BAS-EE-N01-10KYW-16IN,Karat: 10K,Metal Color: Yellow/White Gold,Chain Length: 16 inches,610.00
N01,Two Tone Evil Eye Necklace,BAS-EE-N01-10KYW-18IN,Karat: 10K,Metal Color: Yellow/White Gold,Chain Length: 18 inches,630.00
N01,Two Tone Evil Eye Necklace,BAS-EE-N01-10KYW-20IN,Karat: 10K,Metal Color: Yellow/White Gold,Chain Length: 20 inches,650.00
N01,Two Tone Evil Eye Necklace,BAS-EE-N01-10KWY-16IN,Karat: 10K,Metal Color: White/Yellow Gold,Chain Length: 16 inches,610.00
N01,Two Tone Evil Eye Necklace,BAS-EE-N01-10KWY-18IN,Karat: 10K,Metal Color: White/Yellow Gold,Chain Length: 18 inches,630.00
N01,Two Tone Evil Eye Necklace,BAS-EE-N01-10KWY-20IN,Karat: 10K,Metal Color: White/Yellow Gold,Chain Length: 20 inches,650.00
N01,Two Tone Evil Eye Necklace,BAS-EE-N01-10KRW-16IN,Karat: 10K,Metal Color: Rose/White Gold,Chain Length: 16 inches,610.00
N01,Two Tone Evil Eye Necklace,BAS-EE-N01-10KRW-18IN,Karat: 10K,Metal Color: Rose/White Gold,Chain Length: 18 inches,630.00
N01,Two Tone Evil Eye Necklace,BAS-EE-N01-10KRW-20IN,Karat: 10K,Metal Color: Rose/White Gold,Chain Length: 20 inches,650.00
N01,Two Tone Evil Eye Necklace,BAS-EE-N01-14KYW-16IN,Karat: 14K,Metal Color: Yellow/White Gold,Chain Length: 16 inches,800.00
N01,Two Tone Evil Eye Necklace,BAS-EE-N01-14KYW-18IN,Karat: 14K,Metal Color: Yellow/White Gold,Chain Length: 18 inches,820.00
N01,Two Tone Evil Eye Necklace,BAS-EE-N01-14KYW-20IN,Karat: 14K,Metal Color: Yellow/White Gold,Chain Length: 20 inches,850.00
N01,Two Tone Evil Eye Necklace,BAS-EE-N01-14KWY-16IN,Karat: 14K,Metal Color: White/Yellow Gold,Chain Length: 16 inches,800.00
N01,Two Tone Evil Eye Necklace,BAS-EE-N01-14KWY-18IN,Karat: 14K,Metal Color: White/Yellow Gold,Chain Length: 18 inches,820.00
N01,Two Tone Evil Eye Necklace,BAS-EE-N01-14KWY-20IN,Karat: 14K,Metal Color: White/Yellow Gold,Chain Length: 20 inches,850.00
N01,Two Tone Evil Eye Necklace,BAS-EE-N01-14KRW-16IN,Karat: 14K,Metal Color: Rose/White Gold,Chain Length: 16 inches,800.00
N01,Two Tone Evil Eye Necklace,BAS-EE-N01-14KRW-18IN,Karat: 14K,Metal Color: Rose/White Gold,Chain Length: 18 inches,820.00
N01,Two Tone Evil Eye Necklace,BAS-EE-N01-14KRW-20IN,Karat: 14K,Metal Color: Rose/White Gold,Chain Length: 20 inches,850.00
N01,Two Tone Evil Eye Necklace,BAS-EE-N01-18KYW-16IN,Karat: 18K,Metal Color: Yellow/White Gold,Chain Length: 16 inches,1030.00
N01,Two Tone Evil Eye Necklace,BAS-EE-N01-18KYW-18IN,Karat: 18K,Metal Color: Yellow/White Gold,Chain Length: 18 inches,1070.00
N01,Two Tone Evil Eye Necklace,BAS-EE-N01-18KYW-20IN,Karat: 18K,Metal Color: Yellow/White Gold,Chain Length: 20 inches,1110.00
N01,Two Tone Evil Eye Necklace,BAS-EE-N01-18KWY-16IN,Karat: 18K,Metal Color: White/Yellow Gold,Chain Length: 16 inches,1030.00
N01,Two Tone Evil Eye Necklace,BAS-EE-N01-18KWY-18IN,Karat: 18K,Metal Color: White/Yellow Gold,Chain Length: 18 inches,1070.00
N01,Two Tone Evil Eye Necklace,BAS-EE-N01-18KWY-20IN,Karat: 18K,Metal Color: White/Yellow Gold,Chain Length: 20 inches,1110.00
N01,Two Tone Evil Eye Necklace,BAS-EE-N01-18KRW-16IN,Karat: 18K,Metal Color: Rose/White Gold,Chain Length: 16 inches,1030.00
N01,Two Tone Evil Eye Necklace,BAS-EE-N01-18KRW-18IN,Karat: 18K,Metal Color: Rose/White Gold,Chain Length: 18 inches,1070.00
N01,Two Tone Evil Eye Necklace,BAS-EE-N01-18KRW-20IN,Karat: 18K,Metal Color: Rose/White Gold,Chain Length: 20 inches,1110.00
B01,Two Tone Evil Eye Bracelet,BAS-EE-B01-10KYW-6_5IN,Karat: 10K,Metal Color: Yellow/White Gold,Bracelet Length: 6.5 inches,570.00
B01,Two Tone Evil Eye Bracelet,BAS-EE-B01-10KYW-7IN,Karat: 10K,Metal Color: Yellow/White Gold,Bracelet Length: 7 inches,580.00
B01,Two Tone Evil Eye Bracelet,BAS-EE-B01-10KYW-7_5IN,Karat: 10K,Metal Color: Yellow/White Gold,Bracelet Length: 7.5 inches,590.00
B01,Two Tone Evil Eye Bracelet,BAS-EE-B01-10KWY-6_5IN,Karat: 10K,Metal Color: White/Yellow Gold,Bracelet Length: 6.5 inches,570.00
B01,Two Tone Evil Eye Bracelet,BAS-EE-B01-10KWY-7IN,Karat: 10K,Metal Color: White/Yellow Gold,Bracelet Length: 7 inches,580.00
B01,Two Tone Evil Eye Bracelet,BAS-EE-B01-10KWY-7_5IN,Karat: 10K,Metal Color: White/Yellow Gold,Bracelet Length: 7.5 inches,590.00
B01,Two Tone Evil Eye Bracelet,BAS-EE-B01-10KRW-6_5IN,Karat: 10K,Metal Color: Rose/White Gold,Bracelet Length: 6.5 inches,570.00
B01,Two Tone Evil Eye Bracelet,BAS-EE-B01-10KRW-7IN,Karat: 10K,Metal Color: Rose/White Gold,Bracelet Length: 7 inches,580.00
B01,Two Tone Evil Eye Bracelet,BAS-EE-B01-10KRW-7_5IN,Karat: 10K,Metal Color: Rose/White Gold,Bracelet Length: 7.5 inches,590.00
B01,Two Tone Evil Eye Bracelet,BAS-EE-B01-14KYW-6_5IN,Karat: 14K,Metal Color: Yellow/White Gold,Bracelet Length: 6.5 inches,690.00
B01,Two Tone Evil Eye Bracelet,BAS-EE-B01-14KYW-7IN,Karat: 14K,Metal Color: Yellow/White Gold,Bracelet Length: 7 inches,700.00
B01,Two Tone Evil Eye Bracelet,BAS-EE-B01-14KYW-7_5IN,Karat: 14K,Metal Color: Yellow/White Gold,Bracelet Length: 7.5 inches,720.00
B01,Two Tone Evil Eye Bracelet,BAS-EE-B01-14KWY-6_5IN,Karat: 14K,Metal Color: White/Yellow Gold,Bracelet Length: 6.5 inches,690.00
B01,Two Tone Evil Eye Bracelet,BAS-EE-B01-14KWY-7IN,Karat: 14K,Metal Color: White/Yellow Gold,Bracelet Length: 7 inches,700.00
B01,Two Tone Evil Eye Bracelet,BAS-EE-B01-14KWY-7_5IN,Karat: 14K,Metal Color: White/Yellow Gold,Bracelet Length: 7.5 inches,720.00
B01,Two Tone Evil Eye Bracelet,BAS-EE-B01-14KRW-6_5IN,Karat: 14K,Metal Color: Rose/White Gold,Bracelet Length: 6.5 inches,690.00
B01,Two Tone Evil Eye Bracelet,BAS-EE-B01-14KRW-7IN,Karat: 14K,Metal Color: Rose/White Gold,Bracelet Length: 7 inches,700.00
B01,Two Tone Evil Eye Bracelet,BAS-EE-B01-14KRW-7_5IN,Karat: 14K,Metal Color: Rose/White Gold,Bracelet Length: 7.5 inches,720.00
B01,Two Tone Evil Eye Bracelet,BAS-EE-B01-18KYW-6_5IN,Karat: 18K,Metal Color: Yellow/White Gold,Bracelet Length: 6.5 inches,840.00
B01,Two Tone Evil Eye Bracelet,BAS-EE-B01-18KYW-7IN,Karat: 18K,Metal Color: Yellow/White Gold,Bracelet Length: 7 inches,860.00
B01,Two Tone Evil Eye Bracelet,BAS-EE-B01-18KYW-7_5IN,Karat: 18K,Metal Color: Yellow/White Gold,Bracelet Length: 7.5 inches,880.00
B01,Two Tone Evil Eye Bracelet,BAS-EE-B01-18KWY-6_5IN,Karat: 18K,Metal Color: White/Yellow Gold,Bracelet Length: 6.5 inches,840.00
B01,Two Tone Evil Eye Bracelet,BAS-EE-B01-18KWY-7IN,Karat: 18K,Metal Color: White/Yellow Gold,Bracelet Length: 7 inches,860.00
B01,Two Tone Evil Eye Bracelet,BAS-EE-B01-18KWY-7_5IN,Karat: 18K,Metal Color: White/Yellow Gold,Bracelet Length: 7.5 inches,880.00
B01,Two Tone Evil Eye Bracelet,BAS-EE-B01-18KRW-6_5IN,Karat: 18K,Metal Color: Rose/White Gold,Bracelet Length: 6.5 inches,840.00
B01,Two Tone Evil Eye Bracelet,BAS-EE-B01-18KRW-7IN,Karat: 18K,Metal Color: Rose/White Gold,Bracelet Length: 7 inches,860.00
B01,Two Tone Evil Eye Bracelet,BAS-EE-B01-18KRW-7_5IN,Karat: 18K,Metal Color: Rose/White Gold,Bracelet Length: 7.5 inches,880.00
R02,Teardrop Evil Eye Ring,BAS-EE-R02-10KY-US3,Karat: 10K,Metal Color: Yellow Gold,Ring Size: US 3,420.00
R02,Teardrop Evil Eye Ring,BAS-EE-R02-10KY-US3_5,Karat: 10K,Metal Color: Yellow Gold,Ring Size: US 3.5,430.00
R02,Teardrop Evil Eye Ring,BAS-EE-R02-10KY-US4,Karat: 10K,Metal Color: Yellow Gold,Ring Size: US 4,440.00
R02,Teardrop Evil Eye Ring,BAS-EE-R02-10KY-US4_5,Karat: 10K,Metal Color: Yellow Gold,Ring Size: US 4.5,450.00
R02,Teardrop Evil Eye Ring,BAS-EE-R02-10KY-US5,Karat: 10K,Metal Color: Yellow Gold,Ring Size: US 5,460.00
R02,Teardrop Evil Eye Ring,BAS-EE-R02-10KY-US5_5,Karat: 10K,Metal Color: Yellow Gold,Ring Size: US 5.5,470.00
R02,Teardrop Evil Eye Ring,BAS-EE-R02-10KY-US6,Karat: 10K,Metal Color: Yellow Gold,Ring Size: US 6,480.00
R02,Teardrop Evil Eye Ring,BAS-EE-R02-10KY-US6_5,Karat: 10K,Metal Color: Yellow Gold,Ring Size: US 6.5,490.00
R02,Teardrop Evil Eye Ring,BAS-EE-R02-10KY-US7,Karat: 10K,Metal Color: Yellow Gold,Ring Size: US 7,500.00
R02,Teardrop Evil Eye Ring,BAS-EE-R02-10KY-US7_5,Karat: 10K,Metal Color: Yellow Gold,Ring Size: US 7.5,510.00
R02,Teardrop Evil Eye Ring,BAS-EE-R02-10KY-US8,Karat: 10K,Metal Color: Yellow Gold,Ring Size: US 8,520.00
R02,Teardrop Evil Eye Ring,BAS-EE-R02-10KY-US8_5,Karat: 10K,Metal Color: Yellow Gold,Ring Size: US 8.5,530.00
R02,Teardrop Evil Eye Ring,BAS-EE-R02-10KY-US9,Karat: 10K,Metal Color: Yellow Gold,Ring Size: US 9,540.00
R02,Teardrop Evil Eye Ring,BAS-EE-R02-10KY-US9_5,Karat: 10K,Metal Color: Yellow Gold,Ring Size: US 9.5,550.00
R02,Teardrop Evil Eye Ring,BAS-EE-R02-10KY-US10,Karat: 10K,Metal Color: Yellow Gold,Ring Size: US 10,560.00
R02,Teardrop Evil Eye Ring,BAS-EE-R02-10KY-US10_5,Karat: 10K,Metal Color: Yellow Gold,Ring Size: US 10.5,580.00
R02,Teardrop Evil Eye Ring,BAS-EE-R02-10KY-US11,Karat: 10K,Metal Color: Yellow Gold,Ring Size: US 11,590.00
R02,Teardrop Evil Eye Ring,BAS-EE-R02-10KY-US11_5,Karat: 10K,Metal Color: Yellow Gold,Ring Size: US 11.5,600.00
R02,Teardrop Evil Eye Ring,BAS-EE-R02-10KY-US12,Karat: 10K,Metal Color: Yellow Gold,Ring Size: US 12,610.00
R02,Teardrop Evil Eye Ring,BAS-EE-R02-10KY-US12_5,Karat: 10K,Metal Color: Yellow Gold,Ring Size: US 12.5,620.00
R02,Teardrop Evil Eye Ring,BAS-EE-R02-10KY-US13,Karat: 10K,Metal Color: Yellow Gold,Ring Size: US 13,630.00
R02,Teardrop Evil Eye Ring,BAS-EE-R02-10KY-US13_5,Karat: 10K,Metal Color: Yellow Gold,Ring Size: US 13.5,640.00
R02,Teardrop Evil Eye Ring,BAS-EE-R02-10KY-US14,Karat: 10K,Metal Color: Yellow Gold,Ring Size: US 14,650.00
R02,Teardrop Evil Eye Ring,BAS-EE-R02-10KY-US14_5,Karat: 10K,Metal Color: Yellow Gold,Ring Size: US 14.5,660.00
R02,Teardrop Evil Eye Ring,BAS-EE-R02-10KY-US15,Karat: 10K,Metal Color: Yellow Gold,Ring Size: US 15,670.00
R02,Teardrop Evil Eye Ring,BAS-EE-R02-10KY-US15_5,Karat: 10K,Metal Color: Yellow Gold,Ring Size: US 15.5,680.00
R02,Teardrop Evil Eye Ring,BAS-EE-R02-10KY-US16,Karat: 10K,Metal Color: Yellow Gold,Ring Size: US 16,690.00
R02,Teardrop Evil Eye Ring,BAS-EE-R02-10KW-US3,Karat: 10K,Metal Color: White Gold,Ring Size: US 3,420.00
R02,Teardrop Evil Eye Ring,BAS-EE-R02-10KW-US3_5,Karat: 10K,Metal Color: White Gold,Ring Size: US 3.5,430.00
R02,Teardrop Evil Eye Ring,BAS-EE-R02-10KW-US4,Karat: 10K,Metal Color: White Gold,Ring Size: US 4,440.00
R02,Teardrop Evil Eye Ring,BAS-EE-R02-10KW-US4_5,Karat: 10K,Metal Color: White Gold,Ring Size: US 4.5,450.00
R02,Teardrop Evil Eye Ring,BAS-EE-R02-10KW-US5,Karat: 10K,Metal Color: White Gold,Ring Size: US 5,460.00
R02,Teardrop Evil Eye Ring,BAS-EE-R02-10KW-US5_5,Karat: 10K,Metal Color: White Gold,Ring Size: US 5.5,470.00
R02,Teardrop Evil Eye Ring,BAS-EE-R02-10KW-US6,Karat: 10K,Metal Color: White Gold,Ring Size: US 6,480.00
R02,Teardrop Evil Eye Ring,BAS-EE-R02-10KW-US6_5,Karat: 10K,Metal Color: White Gold,Ring Size: US 6.5,490.00
R02,Teardrop Evil Eye Ring,BAS-EE-R02-10KW-US7,Karat: 10K,Metal Color: White Gold,Ring Size: US 7,500.00
R02,Teardrop Evil Eye Ring,BAS-EE-R02-10KW-US7_5,Karat: 10K,Metal Color: White Gold,Ring Size: US 7.5,510.00
R02,Teardrop Evil Eye Ring,BAS-EE-R02-10KW-US8,Karat: 10K,Metal Color: White Gold,Ring Size: US 8,520.00
R02,Teardrop Evil Eye Ring,BAS-EE-R02-10KW-US8_5,Karat: 10K,Metal Color: White Gold,Ring Size: US 8.5,530.00
R02,Teardrop Evil Eye Ring,BAS-EE-R02-10KW-US9,Karat: 10K,Metal Color: White Gold,Ring Size: US 9,540.00
R02,Teardrop Evil Eye Ring,BAS-EE-R02-10KW-US9_5,Karat: 10K,Metal Color: White Gold,Ring Size: US 9.5,550.00
R02,Teardrop Evil Eye Ring,BAS-EE-R02-10KW-US10,Karat: 10K,Metal Color: White Gold,Ring Size: US 10,560.00
R02,Teardrop Evil Eye Ring,BAS-EE-R02-10KW-US10_5,Karat: 10K,Metal Color: White Gold,Ring Size: US 10.5,580.00
R02,Teardrop Evil Eye Ring,BAS-EE-R02-10KW-US11,Karat: 10K,Metal Color: White Gold,Ring Size: US 11,590.00
R02,Teardrop Evil Eye Ring,BAS-EE-R02-10KW-US11_5,Karat: 10K,Metal Color: White Gold,Ring Size: US 11.5,600.00
R02,Teardrop Evil Eye Ring,BAS-EE-R02-10KW-US12,Karat: 10K,Metal Color: White Gold,Ring Size: US 12,610.00
R02,Teardrop Evil Eye Ring,BAS-EE-R02-10KW-US12_5,Karat: 10K,Metal Color: White Gold,Ring Size: US 12.5,620.00
R02,Teardrop Evil Eye Ring,BAS-EE-R02-10KW-US13,Karat: 10K,Metal Color: White Gold,Ring Size: US 13,630.00
R02,Teardrop Evil Eye Ring,BAS-EE-R02-10KW-US13_5,Karat: 10K,Metal Color: White Gold,Ring Size: US 13.5,640.00
R02,Teardrop Evil Eye Ring,BAS-EE-R02-10KW-US14,Karat: 10K,Metal Color: White Gold,Ring Size: US 14,650.00
R02,Teardrop Evil Eye Ring,BAS-EE-R02-10KW-US14_5,Karat: 10K,Metal Color: White Gold,Ring Size: US 14.5,660.00
R02,Teardrop Evil Eye Ring,BAS-EE-R02-10KW-US15,Karat: 10K,Metal Color: White Gold,Ring Size: US 15,670.00
R02,Teardrop Evil Eye Ring,BAS-EE-R02-10KW-US15_5,Karat: 10K,Metal Color: White Gold,Ring Size: US 15.5,680.00
R02,Teardrop Evil Eye Ring,BAS-EE-R02-10KW-US16,Karat: 10K,Metal Color: White Gold,Ring Size: US 16,690.00
R02,Teardrop Evil Eye Ring,BAS-EE-R02-10KR-US3,Karat: 10K,Metal Color: Rose Gold,Ring Size: US 3,420.00
R02,Teardrop Evil Eye Ring,BAS-EE-R02-10KR-US3_5,Karat: 10K,Metal Color: Rose Gold,Ring Size: US 3.5,430.00
R02,Teardrop Evil Eye Ring,BAS-EE-R02-10KR-US4,Karat: 10K,Metal Color: Rose Gold,Ring Size: US 4,440.00
R02,Teardrop Evil Eye Ring,BAS-EE-R02-10KR-US4_5,Karat: 10K,Metal Color: Rose Gold,Ring Size: US 4.5,450.00
R02,Teardrop Evil Eye Ring,BAS-EE-R02-10KR-US5,Karat: 10K,Metal Color: Rose Gold,Ring Size: US 5,460.00
R02,Teardrop Evil Eye Ring,BAS-EE-R02-10KR-US5_5,Karat: 10K,Metal Color: Rose Gold,Ring Size: US 5.5,470.00
R02,Teardrop Evil Eye Ring,BAS-EE-R02-10KR-US6,Karat: 10K,Metal Color: Rose Gold,Ring Size: US 6,480.00
R02,Teardrop Evil Eye Ring,BAS-EE-R02-10KR-US6_5,Karat: 10K,Metal Color: Rose Gold,Ring Size: US 6.5,490.00
R02,Teardrop Evil Eye Ring,BAS-EE-R02-10KR-US7,Karat: 10K,Metal Color: Rose Gold,Ring Size: US 7,500.00
R02,Teardrop Evil Eye Ring,BAS-EE-R02-10KR-US7_5,Karat: 10K,Metal Color: Rose Gold,Ring Size: US 7.5,510.00
R02,Teardrop Evil Eye Ring,BAS-EE-R02-10KR-US8,Karat: 10K,Metal Color: Rose Gold,Ring Size: US 8,520.00
R02,Teardrop Evil Eye Ring,BAS-EE-R02-10KR-US8_5,Karat: 10K,Metal Color: Rose Gold,Ring Size: US 8.5,530.00
R02,Teardrop Evil Eye Ring,BAS-EE-R02-10KR-US9,Karat: 10K,Metal Color: Rose Gold,Ring Size: US 9,540.00
R02,Teardrop Evil Eye Ring,BAS-EE-R02-10KR-US9_5,Karat: 10K,Metal Color: Rose Gold,Ring Size: US 9.5,550.00
R02,Teardrop Evil Eye Ring,BAS-EE-R02-10KR-US10,Karat: 10K,Metal Color: Rose Gold,Ring Size: US 10,560.00
R02,Teardrop Evil Eye Ring,BAS-EE-R02-10KR-US10_5,Karat: 10K,Metal Color: Rose Gold,Ring Size: US 10.5,580.00
R02,Teardrop Evil Eye Ring,BAS-EE-R02-10KR-US11,Karat: 10K,Metal Color: Rose Gold,Ring Size: US 11,590.00
R02,Teardrop Evil Eye Ring,BAS-EE-R02-10KR-US11_5,Karat: 10K,Metal Color: Rose Gold,Ring Size: US 11.5,600.00
R02,Teardrop Evil Eye Ring,BAS-EE-R02-10KR-US12,Karat: 10K,Metal Color: Rose Gold,Ring Size: US 12,610.00
R02,Teardrop Evil Eye Ring,BAS-EE-R02-10KR-US12_5,Karat: 10K,Metal Color: Rose Gold,Ring Size: US 12.5,620.00
R02,Teardrop Evil Eye Ring,BAS-EE-R02-10KR-US13,Karat: 10K,Metal Color: Rose Gold,Ring Size: US 13,630.00
R02,Teardrop Evil Eye Ring,BAS-EE-R02-10KR-US13_5,Karat: 10K,Metal Color: Rose Gold,Ring Size: US 13.5,640.00
R02,Teardrop Evil Eye Ring,BAS-EE-R02-10KR-US14,Karat: 10K,Metal Color: Rose Gold,Ring Size: US 14,650.00
R02,Teardrop Evil Eye Ring,BAS-EE-R02-10KR-US14_5,Karat: 10K,Metal Color: Rose Gold,Ring Size: US 14.5,660.00
R02,Teardrop Evil Eye Ring,BAS-EE-R02-10KR-US15,Karat: 10K,Metal Color: Rose Gold,Ring Size: US 15,670.00
R02,Teardrop Evil Eye Ring,BAS-EE-R02-10KR-US15_5,Karat: 10K,Metal Color: Rose Gold,Ring Size: US 15.5,680.00
R02,Teardrop Evil Eye Ring,BAS-EE-R02-10KR-US16,Karat: 10K,Metal Color: Rose Gold,Ring Size: US 16,690.00
R02,Teardrop Evil Eye Ring,BAS-EE-R02-14KY-US3,Karat: 14K,Metal Color: Yellow Gold,Ring Size: US 3,600.00
R02,Teardrop Evil Eye Ring,BAS-EE-R02-14KY-US3_5,Karat: 14K,Metal Color: Yellow Gold,Ring Size: US 3.5,610.00
R02,Teardrop Evil Eye Ring,BAS-EE-R02-14KY-US4,Karat: 14K,Metal Color: Yellow Gold,Ring Size: US 4,630.00
R02,Teardrop Evil Eye Ring,BAS-EE-R02-14KY-US4_5,Karat: 14K,Metal Color: Yellow Gold,Ring Size: US 4.5,650.00
R02,Teardrop Evil Eye Ring,BAS-EE-R02-14KY-US5,Karat: 14K,Metal Color: Yellow Gold,Ring Size: US 5,660.00
R02,Teardrop Evil Eye Ring,BAS-EE-R02-14KY-US5_5,Karat: 14K,Metal Color: Yellow Gold,Ring Size: US 5.5,680.00
R02,Teardrop Evil Eye Ring,BAS-EE-R02-14KY-US6,Karat: 14K,Metal Color: Yellow Gold,Ring Size: US 6,690.00
R02,Teardrop Evil Eye Ring,BAS-EE-R02-14KY-US6_5,Karat: 14K,Metal Color: Yellow Gold,Ring Size: US 6.5,710.00
R02,Teardrop Evil Eye Ring,BAS-EE-R02-14KY-US7,Karat: 14K,Metal Color: Yellow Gold,Ring Size: US 7,720.00
R02,Teardrop Evil Eye Ring,BAS-EE-R02-14KY-US7_5,Karat: 14K,Metal Color: Yellow Gold,Ring Size: US 7.5,740.00
R02,Teardrop Evil Eye Ring,BAS-EE-R02-14KY-US8,Karat: 14K,Metal Color: Yellow Gold,Ring Size: US 8,750.00
R02,Teardrop Evil Eye Ring,BAS-EE-R02-14KY-US8_5,Karat: 14K,Metal Color: Yellow Gold,Ring Size: US 8.5,770.00
R02,Teardrop Evil Eye Ring,BAS-EE-R02-14KY-US9,Karat: 14K,Metal Color: Yellow Gold,Ring Size: US 9,780.00
R02,Teardrop Evil Eye Ring,BAS-EE-R02-14KY-US9_5,Karat: 14K,Metal Color: Yellow Gold,Ring Size: US 9.5,800.00
R02,Teardrop Evil Eye Ring,BAS-EE-R02-14KY-US10,Karat: 14K,Metal Color: Yellow Gold,Ring Size: US 10,820.00
R02,Teardrop Evil Eye Ring,BAS-EE-R02-14KY-US10_5,Karat: 14K,Metal Color: Yellow Gold,Ring Size: US 10.5,830.00
R02,Teardrop Evil Eye Ring,BAS-EE-R02-14KY-US11,Karat: 14K,Metal Color: Yellow Gold,Ring Size: US 11,850.00
R02,Teardrop Evil Eye Ring,BAS-EE-R02-14KY-US11_5,Karat: 14K,Metal Color: Yellow Gold,Ring Size: US 11.5,860.00
R02,Teardrop Evil Eye Ring,BAS-EE-R02-14KY-US12,Karat: 14K,Metal Color: Yellow Gold,Ring Size: US 12,880.00
R02,Teardrop Evil Eye Ring,BAS-EE-R02-14KY-US12_5,Karat: 14K,Metal Color: Yellow Gold,Ring Size: US 12.5,890.00
R02,Teardrop Evil Eye Ring,BAS-EE-R02-14KY-US13,Karat: 14K,Metal Color: Yellow Gold,Ring Size: US 13,910.00
R02,Teardrop Evil Eye Ring,BAS-EE-R02-14KY-US13_5,Karat: 14K,Metal Color: Yellow Gold,Ring Size: US 13.5,920.00
R02,Teardrop Evil Eye Ring,BAS-EE-R02-14KY-US14,Karat: 14K,Metal Color: Yellow Gold,Ring Size: US 14,940.00
R02,Teardrop Evil Eye Ring,BAS-EE-R02-14KY-US14_5,Karat: 14K,Metal Color: Yellow Gold,Ring Size: US 14.5,950.00
R02,Teardrop Evil Eye Ring,BAS-EE-R02-14KY-US15,Karat: 14K,Metal Color: Yellow Gold,Ring Size: US 15,970.00
R02,Teardrop Evil Eye Ring,BAS-EE-R02-14KY-US15_5,Karat: 14K,Metal Color: Yellow Gold,Ring Size: US 15.5,990.00
R02,Teardrop Evil Eye Ring,BAS-EE-R02-14KY-US16,Karat: 14K,Metal Color: Yellow Gold,Ring Size: US 16,1000.00
R02,Teardrop Evil Eye Ring,BAS-EE-R02-14KW-US3,Karat: 14K,Metal Color: White Gold,Ring Size: US 3,600.00
R02,Teardrop Evil Eye Ring,BAS-EE-R02-14KW-US3_5,Karat: 14K,Metal Color: White Gold,Ring Size: US 3.5,610.00
R02,Teardrop Evil Eye Ring,BAS-EE-R02-14KW-US4,Karat: 14K,Metal Color: White Gold,Ring Size: US 4,630.00
R02,Teardrop Evil Eye Ring,BAS-EE-R02-14KW-US4_5,Karat: 14K,Metal Color: White Gold,Ring Size: US 4.5,650.00
R02,Teardrop Evil Eye Ring,BAS-EE-R02-14KW-US5,Karat: 14K,Metal Color: White Gold,Ring Size: US 5,660.00
R02,Teardrop Evil Eye Ring,BAS-EE-R02-14KW-US5_5,Karat: 14K,Metal Color: White Gold,Ring Size: US 5.5,680.00
R02,Teardrop Evil Eye Ring,BAS-EE-R02-14KW-US6,Karat: 14K,Metal Color: White Gold,Ring Size: US 6,690.00
R02,Teardrop Evil Eye Ring,BAS-EE-R02-14KW-US6_5,Karat: 14K,Metal Color: White Gold,Ring Size: US 6.5,710.00
R02,Teardrop Evil Eye Ring,BAS-EE-R02-14KW-US7,Karat: 14K,Metal Color: White Gold,Ring Size: US 7,720.00
R02,Teardrop Evil Eye Ring,BAS-EE-R02-14KW-US7_5,Karat: 14K,Metal Color: White Gold,Ring Size: US 7.5,740.00
R02,Teardrop Evil Eye Ring,BAS-EE-R02-14KW-US8,Karat: 14K,Metal Color: White Gold,Ring Size: US 8,750.00
R02,Teardrop Evil Eye Ring,BAS-EE-R02-14KW-US8_5,Karat: 14K,Metal Color: White Gold,Ring Size: US 8.5,770.00
R02,Teardrop Evil Eye Ring,BAS-EE-R02-14KW-US9,Karat: 14K,Metal Color: White Gold,Ring Size: US 9,780.00
R02,Teardrop Evil Eye Ring,BAS-EE-R02-14KW-US9_5,Karat: 14K,Metal Color: White Gold,Ring Size: US 9.5,800.00
R02,Teardrop Evil Eye Ring,BAS-EE-R02-14KW-US10,Karat: 14K,Metal Color: White Gold,Ring Size: US 10,820.00
R02,Teardrop Evil Eye Ring,BAS-EE-R02-14KW-US10_5,Karat: 14K,Metal Color: White Gold,Ring Size: US 10.5,830.00
R02,Teardrop Evil Eye Ring,BAS-EE-R02-14KW-US11,Karat: 14K,Metal Color: White Gold,Ring Size: US 11,850.00
R02,Teardrop Evil Eye Ring,BAS-EE-R02-14KW-US11_5,Karat: 14K,Metal Color: White Gold,Ring Size: US 11.5,860.00
R02,Teardrop Evil Eye Ring,BAS-EE-R02-14KW-US12,Karat: 14K,Metal Color: White Gold,Ring Size: US 12,880.00
R02,Teardrop Evil Eye Ring,BAS-EE-R02-14KW-US12_5,Karat: 14K,Metal Color: White Gold,Ring Size: US 12.5,890.00
R02,Teardrop Evil Eye Ring,BAS-EE-R02-14KW-US13,Karat: 14K,Metal Color: White Gold,Ring Size: US 13,910.00
R02,Teardrop Evil Eye Ring,BAS-EE-R02-14KW-US13_5,Karat: 14K,Metal Color: White Gold,Ring Size: US 13.5,920.00
R02,Teardrop Evil Eye Ring,BAS-EE-R02-14KW-US14,Karat: 14K,Metal Color: White Gold,Ring Size: US 14,940.00
R02,Teardrop Evil Eye Ring,BAS-EE-R02-14KW-US14_5,Karat: 14K,Metal Color: White Gold,Ring Size: US 14.5,950.00
R02,Teardrop Evil Eye Ring,BAS-EE-R02-14KW-US15,Karat: 14K,Metal Color: White Gold,Ring Size: US 15,970.00
R02,Teardrop Evil Eye Ring,BAS-EE-R02-14KW-US15_5,Karat: 14K,Metal Color: White Gold,Ring Size: US 15.5,990.00
R02,Teardrop Evil Eye Ring,BAS-EE-R02-14KW-US16,Karat: 14K,Metal Color: White Gold,Ring Size: US 16,1000.00
R02,Teardrop Evil Eye Ring,BAS-EE-R02-14KR-US3,Karat: 14K,Metal Color: Rose Gold,Ring Size: US 3,600.00
R02,Teardrop Evil Eye Ring,BAS-EE-R02-14KR-US3_5,Karat: 14K,Metal Color: Rose Gold,Ring Size: US 3.5,610.00
R02,Teardrop Evil Eye Ring,BAS-EE-R02-14KR-US4,Karat: 14K,Metal Color: Rose Gold,Ring Size: US 4,630.00
R02,Teardrop Evil Eye Ring,BAS-EE-R02-14KR-US4_5,Karat: 14K,Metal Color: Rose Gold,Ring Size: US 4.5,650.00
R02,Teardrop Evil Eye Ring,BAS-EE-R02-14KR-US5,Karat: 14K,Metal Color: Rose Gold,Ring Size: US 5,660.00
R02,Teardrop Evil Eye Ring,BAS-EE-R02-14KR-US5_5,Karat: 14K,Metal Color: Rose Gold,Ring Size: US 5.5,680.00
R02,Teardrop Evil Eye Ring,BAS-EE-R02-14KR-US6,Karat: 14K,Metal Color: Rose Gold,Ring Size: US 6,690.00
R02,Teardrop Evil Eye Ring,BAS-EE-R02-14KR-US6_5,Karat: 14K,Metal Color: Rose Gold,Ring Size: US 6.5,710.00
R02,Teardrop Evil Eye Ring,BAS-EE-R02-14KR-US7,Karat: 14K,Metal Color: Rose Gold,Ring Size: US 7,720.00
R02,Teardrop Evil Eye Ring,BAS-EE-R02-14KR-US7_5,Karat: 14K,Metal Color: Rose Gold,Ring Size: US 7.5,740.00
R02,Teardrop Evil Eye Ring,BAS-EE-R02-14KR-US8,Karat: 14K,Metal Color: Rose Gold,Ring Size: US 8,750.00
R02,Teardrop Evil Eye Ring,BAS-EE-R02-14KR-US8_5,Karat: 14K,Metal Color: Rose Gold,Ring Size: US 8.5,770.00
R02,Teardrop Evil Eye Ring,BAS-EE-R02-14KR-US9,Karat: 14K,Metal Color: Rose Gold,Ring Size: US 9,780.00
R02,Teardrop Evil Eye Ring,BAS-EE-R02-14KR-US9_5,Karat: 14K,Metal Color: Rose Gold,Ring Size: US 9.5,800.00
R02,Teardrop Evil Eye Ring,BAS-EE-R02-14KR-US10,Karat: 14K,Metal Color: Rose Gold,Ring Size: US 10,820.00
R02,Teardrop Evil Eye Ring,BAS-EE-R02-14KR-US10_5,Karat: 14K,Metal Color: Rose Gold,Ring Size: US 10.5,830.00
R02,Teardrop Evil Eye Ring,BAS-EE-R02-14KR-US11,Karat: 14K,Metal Color: Rose Gold,Ring Size: US 11,850.00
R02,Teardrop Evil Eye Ring,BAS-EE-R02-14KR-US11_5,Karat: 14K,Metal Color: Rose Gold,Ring Size: US 11.5,860.00
R02,Teardrop Evil Eye Ring,BAS-EE-R02-14KR-US12,Karat: 14K,Metal Color: Rose Gold,Ring Size: US 12,880.00
R02,Teardrop Evil Eye Ring,BAS-EE-R02-14KR-US12_5,Karat: 14K,Metal Color: Rose Gold,Ring Size: US 12.5,890.00
R02,Teardrop Evil Eye Ring,BAS-EE-R02-14KR-US13,Karat: 14K,Metal Color: Rose Gold,Ring Size: US 13,910.00
R02,Teardrop Evil Eye Ring,BAS-EE-R02-14KR-US13_5,Karat: 14K,Metal Color: Rose Gold,Ring Size: US 13.5,920.00
R02,Teardrop Evil Eye Ring,BAS-EE-R02-14KR-US14,Karat: 14K,Metal Color: Rose Gold,Ring Size: US 14,940.00
R02,Teardrop Evil Eye Ring,BAS-EE-R02-14KR-US14_5,Karat: 14K,Metal Color: Rose Gold,Ring Size: US 14.5,950.00
R02,Teardrop Evil Eye Ring,BAS-EE-R02-14KR-US15,Karat: 14K,Metal Color: Rose Gold,Ring Size: US 15,970.00
R02,Teardrop Evil Eye Ring,BAS-EE-R02-14KR-US15_5,Karat: 14K,Metal Color: Rose Gold,Ring Size: US 15.5,990.00
R02,Teardrop Evil Eye Ring,BAS-EE-R02-14KR-US16,Karat: 14K,Metal Color: Rose Gold,Ring Size: US 16,1000.00
R02,Teardrop Evil Eye Ring,BAS-EE-R02-18KY-US3,Karat: 18K,Metal Color: Yellow Gold,Ring Size: US 3,830.00
R02,Teardrop Evil Eye Ring,BAS-EE-R02-18KY-US3_5,Karat: 18K,Metal Color: Yellow Gold,Ring Size: US 3.5,850.00
R02,Teardrop Evil Eye Ring,BAS-EE-R02-18KY-US4,Karat: 18K,Metal Color: Yellow Gold,Ring Size: US 4,870.00
R02,Teardrop Evil Eye Ring,BAS-EE-R02-18KY-US4_5,Karat: 18K,Metal Color: Yellow Gold,Ring Size: US 4.5,890.00
R02,Teardrop Evil Eye Ring,BAS-EE-R02-18KY-US5,Karat: 18K,Metal Color: Yellow Gold,Ring Size: US 5,920.00
R02,Teardrop Evil Eye Ring,BAS-EE-R02-18KY-US5_5,Karat: 18K,Metal Color: Yellow Gold,Ring Size: US 5.5,940.00
R02,Teardrop Evil Eye Ring,BAS-EE-R02-18KY-US6,Karat: 18K,Metal Color: Yellow Gold,Ring Size: US 6,960.00
R02,Teardrop Evil Eye Ring,BAS-EE-R02-18KY-US6_5,Karat: 18K,Metal Color: Yellow Gold,Ring Size: US 6.5,980.00
R02,Teardrop Evil Eye Ring,BAS-EE-R02-18KY-US7,Karat: 18K,Metal Color: Yellow Gold,Ring Size: US 7,1000.00
R02,Teardrop Evil Eye Ring,BAS-EE-R02-18KY-US7_5,Karat: 18K,Metal Color: Yellow Gold,Ring Size: US 7.5,1020.00
R02,Teardrop Evil Eye Ring,BAS-EE-R02-18KY-US8,Karat: 18K,Metal Color: Yellow Gold,Ring Size: US 8,1050.00
R02,Teardrop Evil Eye Ring,BAS-EE-R02-18KY-US8_5,Karat: 18K,Metal Color: Yellow Gold,Ring Size: US 8.5,1070.00
R02,Teardrop Evil Eye Ring,BAS-EE-R02-18KY-US9,Karat: 18K,Metal Color: Yellow Gold,Ring Size: US 9,1090.00
R02,Teardrop Evil Eye Ring,BAS-EE-R02-18KY-US9_5,Karat: 18K,Metal Color: Yellow Gold,Ring Size: US 9.5,1110.00
R02,Teardrop Evil Eye Ring,BAS-EE-R02-18KY-US10,Karat: 18K,Metal Color: Yellow Gold,Ring Size: US 10,1130.00
R02,Teardrop Evil Eye Ring,BAS-EE-R02-18KY-US10_5,Karat: 18K,Metal Color: Yellow Gold,Ring Size: US 10.5,1150.00
R02,Teardrop Evil Eye Ring,BAS-EE-R02-18KY-US11,Karat: 18K,Metal Color: Yellow Gold,Ring Size: US 11,1170.00
R02,Teardrop Evil Eye Ring,BAS-EE-R02-18KY-US11_5,Karat: 18K,Metal Color: Yellow Gold,Ring Size: US 11.5,1200.00
R02,Teardrop Evil Eye Ring,BAS-EE-R02-18KY-US12,Karat: 18K,Metal Color: Yellow Gold,Ring Size: US 12,1220.00
R02,Teardrop Evil Eye Ring,BAS-EE-R02-18KY-US12_5,Karat: 18K,Metal Color: Yellow Gold,Ring Size: US 12.5,1240.00
R02,Teardrop Evil Eye Ring,BAS-EE-R02-18KY-US13,Karat: 18K,Metal Color: Yellow Gold,Ring Size: US 13,1260.00
R02,Teardrop Evil Eye Ring,BAS-EE-R02-18KY-US13_5,Karat: 18K,Metal Color: Yellow Gold,Ring Size: US 13.5,1280.00
R02,Teardrop Evil Eye Ring,BAS-EE-R02-18KY-US14,Karat: 18K,Metal Color: Yellow Gold,Ring Size: US 14,1300.00
R02,Teardrop Evil Eye Ring,BAS-EE-R02-18KY-US14_5,Karat: 18K,Metal Color: Yellow Gold,Ring Size: US 14.5,1320.00
R02,Teardrop Evil Eye Ring,BAS-EE-R02-18KY-US15,Karat: 18K,Metal Color: Yellow Gold,Ring Size: US 15,1350.00
R02,Teardrop Evil Eye Ring,BAS-EE-R02-18KY-US15_5,Karat: 18K,Metal Color: Yellow Gold,Ring Size: US 15.5,1370.00
R02,Teardrop Evil Eye Ring,BAS-EE-R02-18KY-US16,Karat: 18K,Metal Color: Yellow Gold,Ring Size: US 16,1390.00
R02,Teardrop Evil Eye Ring,BAS-EE-R02-18KW-US3,Karat: 18K,Metal Color: White Gold,Ring Size: US 3,830.00
R02,Teardrop Evil Eye Ring,BAS-EE-R02-18KW-US3_5,Karat: 18K,Metal Color: White Gold,Ring Size: US 3.5,850.00
R02,Teardrop Evil Eye Ring,BAS-EE-R02-18KW-US4,Karat: 18K,Metal Color: White Gold,Ring Size: US 4,870.00
R02,Teardrop Evil Eye Ring,BAS-EE-R02-18KW-US4_5,Karat: 18K,Metal Color: White Gold,Ring Size: US 4.5,890.00
R02,Teardrop Evil Eye Ring,BAS-EE-R02-18KW-US5,Karat: 18K,Metal Color: White Gold,Ring Size: US 5,920.00
R02,Teardrop Evil Eye Ring,BAS-EE-R02-18KW-US5_5,Karat: 18K,Metal Color: White Gold,Ring Size: US 5.5,940.00
R02,Teardrop Evil Eye Ring,BAS-EE-R02-18KW-US6,Karat: 18K,Metal Color: White Gold,Ring Size: US 6,960.00
R02,Teardrop Evil Eye Ring,BAS-EE-R02-18KW-US6_5,Karat: 18K,Metal Color: White Gold,Ring Size: US 6.5,980.00
R02,Teardrop Evil Eye Ring,BAS-EE-R02-18KW-US7,Karat: 18K,Metal Color: White Gold,Ring Size: US 7,1000.00
R02,Teardrop Evil Eye Ring,BAS-EE-R02-18KW-US7_5,Karat: 18K,Metal Color: White Gold,Ring Size: US 7.5,1020.00
R02,Teardrop Evil Eye Ring,BAS-EE-R02-18KW-US8,Karat: 18K,Metal Color: White Gold,Ring Size: US 8,1050.00
R02,Teardrop Evil Eye Ring,BAS-EE-R02-18KW-US8_5,Karat: 18K,Metal Color: White Gold,Ring Size: US 8.5,1070.00
R02,Teardrop Evil Eye Ring,BAS-EE-R02-18KW-US9,Karat: 18K,Metal Color: White Gold,Ring Size: US 9,1090.00
R02,Teardrop Evil Eye Ring,BAS-EE-R02-18KW-US9_5,Karat: 18K,Metal Color: White Gold,Ring Size: US 9.5,1110.00
R02,Teardrop Evil Eye Ring,BAS-EE-R02-18KW-US10,Karat: 18K,Metal Color: White Gold,Ring Size: US 10,1130.00
R02,Teardrop Evil Eye Ring,BAS-EE-R02-18KW-US10_5,Karat: 18K,Metal Color: White Gold,Ring Size: US 10.5,1150.00
R02,Teardrop Evil Eye Ring,BAS-EE-R02-18KW-US11,Karat: 18K,Metal Color: White Gold,Ring Size: US 11,1170.00
R02,Teardrop Evil Eye Ring,BAS-EE-R02-18KW-US11_5,Karat: 18K,Metal Color: White Gold,Ring Size: US 11.5,1200.00
R02,Teardrop Evil Eye Ring,BAS-EE-R02-18KW-US12,Karat: 18K,Metal Color: White Gold,Ring Size: US 12,1220.00
R02,Teardrop Evil Eye Ring,BAS-EE-R02-18KW-US12_5,Karat: 18K,Metal Color: White Gold,Ring Size: US 12.5,1240.00
R02,Teardrop Evil Eye Ring,BAS-EE-R02-18KW-US13,Karat: 18K,Metal Color: White Gold,Ring Size: US 13,1260.00
R02,Teardrop Evil Eye Ring,BAS-EE-R02-18KW-US13_5,Karat: 18K,Metal Color: White Gold,Ring Size: US 13.5,1280.00
R02,Teardrop Evil Eye Ring,BAS-EE-R02-18KW-US14,Karat: 18K,Metal Color: White Gold,Ring Size: US 14,1300.00
R02,Teardrop Evil Eye Ring,BAS-EE-R02-18KW-US14_5,Karat: 18K,Metal Color: White Gold,Ring Size: US 14.5,1320.00
R02,Teardrop Evil Eye Ring,BAS-EE-R02-18KW-US15,Karat: 18K,Metal Color: White Gold,Ring Size: US 15,1350.00
R02,Teardrop Evil Eye Ring,BAS-EE-R02-18KW-US15_5,Karat: 18K,Metal Color: White Gold,Ring Size: US 15.5,1370.00
R02,Teardrop Evil Eye Ring,BAS-EE-R02-18KW-US16,Karat: 18K,Metal Color: White Gold,Ring Size: US 16,1390.00
R02,Teardrop Evil Eye Ring,BAS-EE-R02-18KR-US3,Karat: 18K,Metal Color: Rose Gold,Ring Size: US 3,830.00
R02,Teardrop Evil Eye Ring,BAS-EE-R02-18KR-US3_5,Karat: 18K,Metal Color: Rose Gold,Ring Size: US 3.5,850.00
R02,Teardrop Evil Eye Ring,BAS-EE-R02-18KR-US4,Karat: 18K,Metal Color: Rose Gold,Ring Size: US 4,870.00
R02,Teardrop Evil Eye Ring,BAS-EE-R02-18KR-US4_5,Karat: 18K,Metal Color: Rose Gold,Ring Size: US 4.5,890.00
R02,Teardrop Evil Eye Ring,BAS-EE-R02-18KR-US5,Karat: 18K,Metal Color: Rose Gold,Ring Size: US 5,920.00
R02,Teardrop Evil Eye Ring,BAS-EE-R02-18KR-US5_5,Karat: 18K,Metal Color: Rose Gold,Ring Size: US 5.5,940.00
R02,Teardrop Evil Eye Ring,BAS-EE-R02-18KR-US6,Karat: 18K,Metal Color: Rose Gold,Ring Size: US 6,960.00
R02,Teardrop Evil Eye Ring,BAS-EE-R02-18KR-US6_5,Karat: 18K,Metal Color: Rose Gold,Ring Size: US 6.5,980.00
R02,Teardrop Evil Eye Ring,BAS-EE-R02-18KR-US7,Karat: 18K,Metal Color: Rose Gold,Ring Size: US 7,1000.00
R02,Teardrop Evil Eye Ring,BAS-EE-R02-18KR-US7_5,Karat: 18K,Metal Color: Rose Gold,Ring Size: US 7.5,1020.00
R02,Teardrop Evil Eye Ring,BAS-EE-R02-18KR-US8,Karat: 18K,Metal Color: Rose Gold,Ring Size: US 8,1050.00
R02,Teardrop Evil Eye Ring,BAS-EE-R02-18KR-US8_5,Karat: 18K,Metal Color: Rose Gold,Ring Size: US 8.5,1070.00
R02,Teardrop Evil Eye Ring,BAS-EE-R02-18KR-US9,Karat: 18K,Metal Color: Rose Gold,Ring Size: US 9,1090.00
R02,Teardrop Evil Eye Ring,BAS-EE-R02-18KR-US9_5,Karat: 18K,Metal Color: Rose Gold,Ring Size: US 9.5,1110.00
R02,Teardrop Evil Eye Ring,BAS-EE-R02-18KR-US10,Karat: 18K,Metal Color: Rose Gold,Ring Size: US 10,1130.00
R02,Teardrop Evil Eye Ring,BAS-EE-R02-18KR-US10_5,Karat: 18K,Metal Color: Rose Gold,Ring Size: US 10.5,1150.00
R02,Teardrop Evil Eye Ring,BAS-EE-R02-18KR-US11,Karat: 18K,Metal Color: Rose Gold,Ring Size: US 11,1170.00
R02,Teardrop Evil Eye Ring,BAS-EE-R02-18KR-US11_5,Karat: 18K,Metal Color: Rose Gold,Ring Size: US 11.5,1200.00
R02,Teardrop Evil Eye Ring,BAS-EE-R02-18KR-US12,Karat: 18K,Metal Color: Rose Gold,Ring Size: US 12,1220.00
R02,Teardrop Evil Eye Ring,BAS-EE-R02-18KR-US12_5,Karat: 18K,Metal Color: Rose Gold,Ring Size: US 12.5,1240.00
R02,Teardrop Evil Eye Ring,BAS-EE-R02-18KR-US13,Karat: 18K,Metal Color: Rose Gold,Ring Size: US 13,1260.00
R02,Teardrop Evil Eye Ring,BAS-EE-R02-18KR-US13_5,Karat: 18K,Metal Color: Rose Gold,Ring Size: US 13.5,1280.00
R02,Teardrop Evil Eye Ring,BAS-EE-R02-18KR-US14,Karat: 18K,Metal Color: Rose Gold,Ring Size: US 14,1300.00
R02,Teardrop Evil Eye Ring,BAS-EE-R02-18KR-US14_5,Karat: 18K,Metal Color: Rose Gold,Ring Size: US 14.5,1320.00
R02,Teardrop Evil Eye Ring,BAS-EE-R02-18KR-US15,Karat: 18K,Metal Color: Rose Gold,Ring Size: US 15,1350.00
R02,Teardrop Evil Eye Ring,BAS-EE-R02-18KR-US15_5,Karat: 18K,Metal Color: Rose Gold,Ring Size: US 15.5,1370.00
R02,Teardrop Evil Eye Ring,BAS-EE-R02-18KR-US16,Karat: 18K,Metal Color: Rose Gold,Ring Size: US 16,1390.00
N02,Teardrop Evil Eye Necklace,BAS-EE-N02-10KY-16IN,Karat: 10K,Metal Color: Yellow Gold,Chain Length: 16 inches,400.00
N02,Teardrop Evil Eye Necklace,BAS-EE-N02-10KY-18IN,Karat: 10K,Metal Color: Yellow Gold,Chain Length: 18 inches,420.00
N02,Teardrop Evil Eye Necklace,BAS-EE-N02-10KY-20IN,Karat: 10K,Metal Color: Yellow Gold,Chain Length: 20 inches,440.00
N02,Teardrop Evil Eye Necklace,BAS-EE-N02-10KW-16IN,Karat: 10K,Metal Color: White Gold,Chain Length: 16 inches,400.00
N02,Teardrop Evil Eye Necklace,BAS-EE-N02-10KW-18IN,Karat: 10K,Metal Color: White Gold,Chain Length: 18 inches,420.00
N02,Teardrop Evil Eye Necklace,BAS-EE-N02-10KW-20IN,Karat: 10K,Metal Color: White Gold,Chain Length: 20 inches,440.00
N02,Teardrop Evil Eye Necklace,BAS-EE-N02-10KR-16IN,Karat: 10K,Metal Color: Rose Gold,Chain Length: 16 inches,400.00
N02,Teardrop Evil Eye Necklace,BAS-EE-N02-10KR-18IN,Karat: 10K,Metal Color: Rose Gold,Chain Length: 18 inches,420.00
N02,Teardrop Evil Eye Necklace,BAS-EE-N02-10KR-20IN,Karat: 10K,Metal Color: Rose Gold,Chain Length: 20 inches,440.00
N02,Teardrop Evil Eye Necklace,BAS-EE-N02-14KY-16IN,Karat: 14K,Metal Color: Yellow Gold,Chain Length: 16 inches,540.00
N02,Teardrop Evil Eye Necklace,BAS-EE-N02-14KY-18IN,Karat: 14K,Metal Color: Yellow Gold,Chain Length: 18 inches,560.00
N02,Teardrop Evil Eye Necklace,BAS-EE-N02-14KY-20IN,Karat: 14K,Metal Color: Yellow Gold,Chain Length: 20 inches,590.00
N02,Teardrop Evil Eye Necklace,BAS-EE-N02-14KW-16IN,Karat: 14K,Metal Color: White Gold,Chain Length: 16 inches,540.00
N02,Teardrop Evil Eye Necklace,BAS-EE-N02-14KW-18IN,Karat: 14K,Metal Color: White Gold,Chain Length: 18 inches,560.00
N02,Teardrop Evil Eye Necklace,BAS-EE-N02-14KW-20IN,Karat: 14K,Metal Color: White Gold,Chain Length: 20 inches,590.00
N02,Teardrop Evil Eye Necklace,BAS-EE-N02-14KR-16IN,Karat: 14K,Metal Color: Rose Gold,Chain Length: 16 inches,540.00
N02,Teardrop Evil Eye Necklace,BAS-EE-N02-14KR-18IN,Karat: 14K,Metal Color: Rose Gold,Chain Length: 18 inches,560.00
N02,Teardrop Evil Eye Necklace,BAS-EE-N02-14KR-20IN,Karat: 14K,Metal Color: Rose Gold,Chain Length: 20 inches,590.00
N02,Teardrop Evil Eye Necklace,BAS-EE-N02-18KY-16IN,Karat: 18K,Metal Color: Yellow Gold,Chain Length: 16 inches,700.00
N02,Teardrop Evil Eye Necklace,BAS-EE-N02-18KY-18IN,Karat: 18K,Metal Color: Yellow Gold,Chain Length: 18 inches,740.00
N02,Teardrop Evil Eye Necklace,BAS-EE-N02-18KY-20IN,Karat: 18K,Metal Color: Yellow Gold,Chain Length: 20 inches,780.00
N02,Teardrop Evil Eye Necklace,BAS-EE-N02-18KW-16IN,Karat: 18K,Metal Color: White Gold,Chain Length: 16 inches,700.00
N02,Teardrop Evil Eye Necklace,BAS-EE-N02-18KW-18IN,Karat: 18K,Metal Color: White Gold,Chain Length: 18 inches,740.00
N02,Teardrop Evil Eye Necklace,BAS-EE-N02-18KW-20IN,Karat: 18K,Metal Color: White Gold,Chain Length: 20 inches,780.00
N02,Teardrop Evil Eye Necklace,BAS-EE-N02-18KR-16IN,Karat: 18K,Metal Color: Rose Gold,Chain Length: 16 inches,700.00
N02,Teardrop Evil Eye Necklace,BAS-EE-N02-18KR-18IN,Karat: 18K,Metal Color: Rose Gold,Chain Length: 18 inches,740.00
N02,Teardrop Evil Eye Necklace,BAS-EE-N02-18KR-20IN,Karat: 18K,Metal Color: Rose Gold,Chain Length: 20 inches,780.00
B02,Teardrop Evil Eye Charm Bracelet,BAS-EE-B02-10KY-6_5IN,Karat: 10K,Metal Color: Yellow Gold,Bracelet Length: 6.5 inches,470.00
B02,Teardrop Evil Eye Charm Bracelet,BAS-EE-B02-10KY-7IN,Karat: 10K,Metal Color: Yellow Gold,Bracelet Length: 7 inches,480.00
B02,Teardrop Evil Eye Charm Bracelet,BAS-EE-B02-10KY-7_5IN,Karat: 10K,Metal Color: Yellow Gold,Bracelet Length: 7.5 inches,490.00
B02,Teardrop Evil Eye Charm Bracelet,BAS-EE-B02-10KW-6_5IN,Karat: 10K,Metal Color: White Gold,Bracelet Length: 6.5 inches,470.00
B02,Teardrop Evil Eye Charm Bracelet,BAS-EE-B02-10KW-7IN,Karat: 10K,Metal Color: White Gold,Bracelet Length: 7 inches,480.00
B02,Teardrop Evil Eye Charm Bracelet,BAS-EE-B02-10KW-7_5IN,Karat: 10K,Metal Color: White Gold,Bracelet Length: 7.5 inches,490.00
B02,Teardrop Evil Eye Charm Bracelet,BAS-EE-B02-10KR-6_5IN,Karat: 10K,Metal Color: Rose Gold,Bracelet Length: 6.5 inches,470.00
B02,Teardrop Evil Eye Charm Bracelet,BAS-EE-B02-10KR-7IN,Karat: 10K,Metal Color: Rose Gold,Bracelet Length: 7 inches,480.00
B02,Teardrop Evil Eye Charm Bracelet,BAS-EE-B02-10KR-7_5IN,Karat: 10K,Metal Color: Rose Gold,Bracelet Length: 7.5 inches,490.00
B02,Teardrop Evil Eye Charm Bracelet,BAS-EE-B02-14KY-6_5IN,Karat: 14K,Metal Color: Yellow Gold,Bracelet Length: 6.5 inches,590.00
B02,Teardrop Evil Eye Charm Bracelet,BAS-EE-B02-14KY-7IN,Karat: 14K,Metal Color: Yellow Gold,Bracelet Length: 7 inches,600.00
B02,Teardrop Evil Eye Charm Bracelet,BAS-EE-B02-14KY-7_5IN,Karat: 14K,Metal Color: Yellow Gold,Bracelet Length: 7.5 inches,620.00
B02,Teardrop Evil Eye Charm Bracelet,BAS-EE-B02-14KW-6_5IN,Karat: 14K,Metal Color: White Gold,Bracelet Length: 6.5 inches,590.00
B02,Teardrop Evil Eye Charm Bracelet,BAS-EE-B02-14KW-7IN,Karat: 14K,Metal Color: White Gold,Bracelet Length: 7 inches,600.00
B02,Teardrop Evil Eye Charm Bracelet,BAS-EE-B02-14KW-7_5IN,Karat: 14K,Metal Color: White Gold,Bracelet Length: 7.5 inches,620.00
B02,Teardrop Evil Eye Charm Bracelet,BAS-EE-B02-14KR-6_5IN,Karat: 14K,Metal Color: Rose Gold,Bracelet Length: 6.5 inches,590.00
B02,Teardrop Evil Eye Charm Bracelet,BAS-EE-B02-14KR-7IN,Karat: 14K,Metal Color: Rose Gold,Bracelet Length: 7 inches,600.00
B02,Teardrop Evil Eye Charm Bracelet,BAS-EE-B02-14KR-7_5IN,Karat: 14K,Metal Color: Rose Gold,Bracelet Length: 7.5 inches,620.00
B02,Teardrop Evil Eye Charm Bracelet,BAS-EE-B02-18KY-6_5IN,Karat: 18K,Metal Color: Yellow Gold,Bracelet Length: 6.5 inches,740.00
B02,Teardrop Evil Eye Charm Bracelet,BAS-EE-B02-18KY-7IN,Karat: 18K,Metal Color: Yellow Gold,Bracelet Length: 7 inches,760.00
B02,Teardrop Evil Eye Charm Bracelet,BAS-EE-B02-18KY-7_5IN,Karat: 18K,Metal Color: Yellow Gold,Bracelet Length: 7.5 inches,780.00
B02,Teardrop Evil Eye Charm Bracelet,BAS-EE-B02-18KW-6_5IN,Karat: 18K,Metal Color: White Gold,Bracelet Length: 6.5 inches,740.00
B02,Teardrop Evil Eye Charm Bracelet,BAS-EE-B02-18KW-7IN,Karat: 18K,Metal Color: White Gold,Bracelet Length: 7 inches,760.00
B02,Teardrop Evil Eye Charm Bracelet,BAS-EE-B02-18KW-7_5IN,Karat: 18K,Metal Color: White Gold,Bracelet Length: 7.5 inches,780.00
B02,Teardrop Evil Eye Charm Bracelet,BAS-EE-B02-18KR-6_5IN,Karat: 18K,Metal Color: Rose Gold,Bracelet Length: 6.5 inches,740.00
B02,Teardrop Evil Eye Charm Bracelet,BAS-EE-B02-18KR-7IN,Karat: 18K,Metal Color: Rose Gold,Bracelet Length: 7 inches,760.00
B02,Teardrop Evil Eye Charm Bracelet,BAS-EE-B02-18KR-7_5IN,Karat: 18K,Metal Color: Rose Gold,Bracelet Length: 7.5 inches,780.00
R03,White and Blue Almond Evil Eye Bypass Ring,BAS-EE-R03-10KY-US3,Karat: 10K,Metal Color: Yellow Gold,Ring Size: US 3,420.00
R03,White and Blue Almond Evil Eye Bypass Ring,BAS-EE-R03-10KY-US3_5,Karat: 10K,Metal Color: Yellow Gold,Ring Size: US 3.5,430.00
R03,White and Blue Almond Evil Eye Bypass Ring,BAS-EE-R03-10KY-US4,Karat: 10K,Metal Color: Yellow Gold,Ring Size: US 4,440.00
R03,White and Blue Almond Evil Eye Bypass Ring,BAS-EE-R03-10KY-US4_5,Karat: 10K,Metal Color: Yellow Gold,Ring Size: US 4.5,450.00
R03,White and Blue Almond Evil Eye Bypass Ring,BAS-EE-R03-10KY-US5,Karat: 10K,Metal Color: Yellow Gold,Ring Size: US 5,460.00
R03,White and Blue Almond Evil Eye Bypass Ring,BAS-EE-R03-10KY-US5_5,Karat: 10K,Metal Color: Yellow Gold,Ring Size: US 5.5,470.00
R03,White and Blue Almond Evil Eye Bypass Ring,BAS-EE-R03-10KY-US6,Karat: 10K,Metal Color: Yellow Gold,Ring Size: US 6,480.00
R03,White and Blue Almond Evil Eye Bypass Ring,BAS-EE-R03-10KY-US6_5,Karat: 10K,Metal Color: Yellow Gold,Ring Size: US 6.5,490.00
R03,White and Blue Almond Evil Eye Bypass Ring,BAS-EE-R03-10KY-US7,Karat: 10K,Metal Color: Yellow Gold,Ring Size: US 7,500.00
R03,White and Blue Almond Evil Eye Bypass Ring,BAS-EE-R03-10KY-US7_5,Karat: 10K,Metal Color: Yellow Gold,Ring Size: US 7.5,510.00
R03,White and Blue Almond Evil Eye Bypass Ring,BAS-EE-R03-10KY-US8,Karat: 10K,Metal Color: Yellow Gold,Ring Size: US 8,520.00
R03,White and Blue Almond Evil Eye Bypass Ring,BAS-EE-R03-10KY-US8_5,Karat: 10K,Metal Color: Yellow Gold,Ring Size: US 8.5,530.00
R03,White and Blue Almond Evil Eye Bypass Ring,BAS-EE-R03-10KY-US9,Karat: 10K,Metal Color: Yellow Gold,Ring Size: US 9,540.00
R03,White and Blue Almond Evil Eye Bypass Ring,BAS-EE-R03-10KY-US9_5,Karat: 10K,Metal Color: Yellow Gold,Ring Size: US 9.5,550.00
R03,White and Blue Almond Evil Eye Bypass Ring,BAS-EE-R03-10KY-US10,Karat: 10K,Metal Color: Yellow Gold,Ring Size: US 10,560.00
R03,White and Blue Almond Evil Eye Bypass Ring,BAS-EE-R03-10KY-US10_5,Karat: 10K,Metal Color: Yellow Gold,Ring Size: US 10.5,580.00
R03,White and Blue Almond Evil Eye Bypass Ring,BAS-EE-R03-10KY-US11,Karat: 10K,Metal Color: Yellow Gold,Ring Size: US 11,590.00
R03,White and Blue Almond Evil Eye Bypass Ring,BAS-EE-R03-10KY-US11_5,Karat: 10K,Metal Color: Yellow Gold,Ring Size: US 11.5,600.00
R03,White and Blue Almond Evil Eye Bypass Ring,BAS-EE-R03-10KY-US12,Karat: 10K,Metal Color: Yellow Gold,Ring Size: US 12,610.00
R03,White and Blue Almond Evil Eye Bypass Ring,BAS-EE-R03-10KY-US12_5,Karat: 10K,Metal Color: Yellow Gold,Ring Size: US 12.5,620.00
R03,White and Blue Almond Evil Eye Bypass Ring,BAS-EE-R03-10KY-US13,Karat: 10K,Metal Color: Yellow Gold,Ring Size: US 13,630.00
R03,White and Blue Almond Evil Eye Bypass Ring,BAS-EE-R03-10KY-US13_5,Karat: 10K,Metal Color: Yellow Gold,Ring Size: US 13.5,640.00
R03,White and Blue Almond Evil Eye Bypass Ring,BAS-EE-R03-10KY-US14,Karat: 10K,Metal Color: Yellow Gold,Ring Size: US 14,650.00
R03,White and Blue Almond Evil Eye Bypass Ring,BAS-EE-R03-10KY-US14_5,Karat: 10K,Metal Color: Yellow Gold,Ring Size: US 14.5,660.00
R03,White and Blue Almond Evil Eye Bypass Ring,BAS-EE-R03-10KY-US15,Karat: 10K,Metal Color: Yellow Gold,Ring Size: US 15,670.00
R03,White and Blue Almond Evil Eye Bypass Ring,BAS-EE-R03-10KY-US15_5,Karat: 10K,Metal Color: Yellow Gold,Ring Size: US 15.5,680.00
R03,White and Blue Almond Evil Eye Bypass Ring,BAS-EE-R03-10KY-US16,Karat: 10K,Metal Color: Yellow Gold,Ring Size: US 16,690.00
R03,White and Blue Almond Evil Eye Bypass Ring,BAS-EE-R03-10KW-US3,Karat: 10K,Metal Color: White Gold,Ring Size: US 3,420.00
R03,White and Blue Almond Evil Eye Bypass Ring,BAS-EE-R03-10KW-US3_5,Karat: 10K,Metal Color: White Gold,Ring Size: US 3.5,430.00
R03,White and Blue Almond Evil Eye Bypass Ring,BAS-EE-R03-10KW-US4,Karat: 10K,Metal Color: White Gold,Ring Size: US 4,440.00
R03,White and Blue Almond Evil Eye Bypass Ring,BAS-EE-R03-10KW-US4_5,Karat: 10K,Metal Color: White Gold,Ring Size: US 4.5,450.00
R03,White and Blue Almond Evil Eye Bypass Ring,BAS-EE-R03-10KW-US5,Karat: 10K,Metal Color: White Gold,Ring Size: US 5,460.00
R03,White and Blue Almond Evil Eye Bypass Ring,BAS-EE-R03-10KW-US5_5,Karat: 10K,Metal Color: White Gold,Ring Size: US 5.5,470.00
R03,White and Blue Almond Evil Eye Bypass Ring,BAS-EE-R03-10KW-US6,Karat: 10K,Metal Color: White Gold,Ring Size: US 6,480.00
R03,White and Blue Almond Evil Eye Bypass Ring,BAS-EE-R03-10KW-US6_5,Karat: 10K,Metal Color: White Gold,Ring Size: US 6.5,490.00
R03,White and Blue Almond Evil Eye Bypass Ring,BAS-EE-R03-10KW-US7,Karat: 10K,Metal Color: White Gold,Ring Size: US 7,500.00
R03,White and Blue Almond Evil Eye Bypass Ring,BAS-EE-R03-10KW-US7_5,Karat: 10K,Metal Color: White Gold,Ring Size: US 7.5,510.00
R03,White and Blue Almond Evil Eye Bypass Ring,BAS-EE-R03-10KW-US8,Karat: 10K,Metal Color: White Gold,Ring Size: US 8,520.00
R03,White and Blue Almond Evil Eye Bypass Ring,BAS-EE-R03-10KW-US8_5,Karat: 10K,Metal Color: White Gold,Ring Size: US 8.5,530.00
R03,White and Blue Almond Evil Eye Bypass Ring,BAS-EE-R03-10KW-US9,Karat: 10K,Metal Color: White Gold,Ring Size: US 9,540.00
R03,White and Blue Almond Evil Eye Bypass Ring,BAS-EE-R03-10KW-US9_5,Karat: 10K,Metal Color: White Gold,Ring Size: US 9.5,550.00
R03,White and Blue Almond Evil Eye Bypass Ring,BAS-EE-R03-10KW-US10,Karat: 10K,Metal Color: White Gold,Ring Size: US 10,560.00
R03,White and Blue Almond Evil Eye Bypass Ring,BAS-EE-R03-10KW-US10_5,Karat: 10K,Metal Color: White Gold,Ring Size: US 10.5,580.00
R03,White and Blue Almond Evil Eye Bypass Ring,BAS-EE-R03-10KW-US11,Karat: 10K,Metal Color: White Gold,Ring Size: US 11,590.00
R03,White and Blue Almond Evil Eye Bypass Ring,BAS-EE-R03-10KW-US11_5,Karat: 10K,Metal Color: White Gold,Ring Size: US 11.5,600.00
R03,White and Blue Almond Evil Eye Bypass Ring,BAS-EE-R03-10KW-US12,Karat: 10K,Metal Color: White Gold,Ring Size: US 12,610.00
R03,White and Blue Almond Evil Eye Bypass Ring,BAS-EE-R03-10KW-US12_5,Karat: 10K,Metal Color: White Gold,Ring Size: US 12.5,620.00
R03,White and Blue Almond Evil Eye Bypass Ring,BAS-EE-R03-10KW-US13,Karat: 10K,Metal Color: White Gold,Ring Size: US 13,630.00
R03,White and Blue Almond Evil Eye Bypass Ring,BAS-EE-R03-10KW-US13_5,Karat: 10K,Metal Color: White Gold,Ring Size: US 13.5,640.00
R03,White and Blue Almond Evil Eye Bypass Ring,BAS-EE-R03-10KW-US14,Karat: 10K,Metal Color: White Gold,Ring Size: US 14,650.00
R03,White and Blue Almond Evil Eye Bypass Ring,BAS-EE-R03-10KW-US14_5,Karat: 10K,Metal Color: White Gold,Ring Size: US 14.5,660.00
R03,White and Blue Almond Evil Eye Bypass Ring,BAS-EE-R03-10KW-US15,Karat: 10K,Metal Color: White Gold,Ring Size: US 15,670.00
R03,White and Blue Almond Evil Eye Bypass Ring,BAS-EE-R03-10KW-US15_5,Karat: 10K,Metal Color: White Gold,Ring Size: US 15.5,680.00
R03,White and Blue Almond Evil Eye Bypass Ring,BAS-EE-R03-10KW-US16,Karat: 10K,Metal Color: White Gold,Ring Size: US 16,690.00
R03,White and Blue Almond Evil Eye Bypass Ring,BAS-EE-R03-10KR-US3,Karat: 10K,Metal Color: Rose Gold,Ring Size: US 3,420.00
R03,White and Blue Almond Evil Eye Bypass Ring,BAS-EE-R03-10KR-US3_5,Karat: 10K,Metal Color: Rose Gold,Ring Size: US 3.5,430.00
R03,White and Blue Almond Evil Eye Bypass Ring,BAS-EE-R03-10KR-US4,Karat: 10K,Metal Color: Rose Gold,Ring Size: US 4,440.00
R03,White and Blue Almond Evil Eye Bypass Ring,BAS-EE-R03-10KR-US4_5,Karat: 10K,Metal Color: Rose Gold,Ring Size: US 4.5,450.00
R03,White and Blue Almond Evil Eye Bypass Ring,BAS-EE-R03-10KR-US5,Karat: 10K,Metal Color: Rose Gold,Ring Size: US 5,460.00
R03,White and Blue Almond Evil Eye Bypass Ring,BAS-EE-R03-10KR-US5_5,Karat: 10K,Metal Color: Rose Gold,Ring Size: US 5.5,470.00
R03,White and Blue Almond Evil Eye Bypass Ring,BAS-EE-R03-10KR-US6,Karat: 10K,Metal Color: Rose Gold,Ring Size: US 6,480.00
R03,White and Blue Almond Evil Eye Bypass Ring,BAS-EE-R03-10KR-US6_5,Karat: 10K,Metal Color: Rose Gold,Ring Size: US 6.5,490.00
R03,White and Blue Almond Evil Eye Bypass Ring,BAS-EE-R03-10KR-US7,Karat: 10K,Metal Color: Rose Gold,Ring Size: US 7,500.00
R03,White and Blue Almond Evil Eye Bypass Ring,BAS-EE-R03-10KR-US7_5,Karat: 10K,Metal Color: Rose Gold,Ring Size: US 7.5,510.00
R03,White and Blue Almond Evil Eye Bypass Ring,BAS-EE-R03-10KR-US8,Karat: 10K,Metal Color: Rose Gold,Ring Size: US 8,520.00
R03,White and Blue Almond Evil Eye Bypass Ring,BAS-EE-R03-10KR-US8_5,Karat: 10K,Metal Color: Rose Gold,Ring Size: US 8.5,530.00
R03,White and Blue Almond Evil Eye Bypass Ring,BAS-EE-R03-10KR-US9,Karat: 10K,Metal Color: Rose Gold,Ring Size: US 9,540.00
R03,White and Blue Almond Evil Eye Bypass Ring,BAS-EE-R03-10KR-US9_5,Karat: 10K,Metal Color: Rose Gold,Ring Size: US 9.5,550.00
R03,White and Blue Almond Evil Eye Bypass Ring,BAS-EE-R03-10KR-US10,Karat: 10K,Metal Color: Rose Gold,Ring Size: US 10,560.00
R03,White and Blue Almond Evil Eye Bypass Ring,BAS-EE-R03-10KR-US10_5,Karat: 10K,Metal Color: Rose Gold,Ring Size: US 10.5,580.00
R03,White and Blue Almond Evil Eye Bypass Ring,BAS-EE-R03-10KR-US11,Karat: 10K,Metal Color: Rose Gold,Ring Size: US 11,590.00
R03,White and Blue Almond Evil Eye Bypass Ring,BAS-EE-R03-10KR-US11_5,Karat: 10K,Metal Color: Rose Gold,Ring Size: US 11.5,600.00
R03,White and Blue Almond Evil Eye Bypass Ring,BAS-EE-R03-10KR-US12,Karat: 10K,Metal Color: Rose Gold,Ring Size: US 12,610.00
R03,White and Blue Almond Evil Eye Bypass Ring,BAS-EE-R03-10KR-US12_5,Karat: 10K,Metal Color: Rose Gold,Ring Size: US 12.5,620.00
R03,White and Blue Almond Evil Eye Bypass Ring,BAS-EE-R03-10KR-US13,Karat: 10K,Metal Color: Rose Gold,Ring Size: US 13,630.00
R03,White and Blue Almond Evil Eye Bypass Ring,BAS-EE-R03-10KR-US13_5,Karat: 10K,Metal Color: Rose Gold,Ring Size: US 13.5,640.00
R03,White and Blue Almond Evil Eye Bypass Ring,BAS-EE-R03-10KR-US14,Karat: 10K,Metal Color: Rose Gold,Ring Size: US 14,650.00
R03,White and Blue Almond Evil Eye Bypass Ring,BAS-EE-R03-10KR-US14_5,Karat: 10K,Metal Color: Rose Gold,Ring Size: US 14.5,660.00
R03,White and Blue Almond Evil Eye Bypass Ring,BAS-EE-R03-10KR-US15,Karat: 10K,Metal Color: Rose Gold,Ring Size: US 15,670.00
R03,White and Blue Almond Evil Eye Bypass Ring,BAS-EE-R03-10KR-US15_5,Karat: 10K,Metal Color: Rose Gold,Ring Size: US 15.5,680.00
R03,White and Blue Almond Evil Eye Bypass Ring,BAS-EE-R03-10KR-US16,Karat: 10K,Metal Color: Rose Gold,Ring Size: US 16,690.00
R03,White and Blue Almond Evil Eye Bypass Ring,BAS-EE-R03-14KY-US3,Karat: 14K,Metal Color: Yellow Gold,Ring Size: US 3,600.00
R03,White and Blue Almond Evil Eye Bypass Ring,BAS-EE-R03-14KY-US3_5,Karat: 14K,Metal Color: Yellow Gold,Ring Size: US 3.5,610.00
R03,White and Blue Almond Evil Eye Bypass Ring,BAS-EE-R03-14KY-US4,Karat: 14K,Metal Color: Yellow Gold,Ring Size: US 4,630.00
R03,White and Blue Almond Evil Eye Bypass Ring,BAS-EE-R03-14KY-US4_5,Karat: 14K,Metal Color: Yellow Gold,Ring Size: US 4.5,650.00
R03,White and Blue Almond Evil Eye Bypass Ring,BAS-EE-R03-14KY-US5,Karat: 14K,Metal Color: Yellow Gold,Ring Size: US 5,660.00
R03,White and Blue Almond Evil Eye Bypass Ring,BAS-EE-R03-14KY-US5_5,Karat: 14K,Metal Color: Yellow Gold,Ring Size: US 5.5,680.00
R03,White and Blue Almond Evil Eye Bypass Ring,BAS-EE-R03-14KY-US6,Karat: 14K,Metal Color: Yellow Gold,Ring Size: US 6,690.00
R03,White and Blue Almond Evil Eye Bypass Ring,BAS-EE-R03-14KY-US6_5,Karat: 14K,Metal Color: Yellow Gold,Ring Size: US 6.5,710.00
R03,White and Blue Almond Evil Eye Bypass Ring,BAS-EE-R03-14KY-US7,Karat: 14K,Metal Color: Yellow Gold,Ring Size: US 7,720.00
R03,White and Blue Almond Evil Eye Bypass Ring,BAS-EE-R03-14KY-US7_5,Karat: 14K,Metal Color: Yellow Gold,Ring Size: US 7.5,740.00
R03,White and Blue Almond Evil Eye Bypass Ring,BAS-EE-R03-14KY-US8,Karat: 14K,Metal Color: Yellow Gold,Ring Size: US 8,750.00
R03,White and Blue Almond Evil Eye Bypass Ring,BAS-EE-R03-14KY-US8_5,Karat: 14K,Metal Color: Yellow Gold,Ring Size: US 8.5,770.00
R03,White and Blue Almond Evil Eye Bypass Ring,BAS-EE-R03-14KY-US9,Karat: 14K,Metal Color: Yellow Gold,Ring Size: US 9,780.00
R03,White and Blue Almond Evil Eye Bypass Ring,BAS-EE-R03-14KY-US9_5,Karat: 14K,Metal Color: Yellow Gold,Ring Size: US 9.5,800.00
R03,White and Blue Almond Evil Eye Bypass Ring,BAS-EE-R03-14KY-US10,Karat: 14K,Metal Color: Yellow Gold,Ring Size: US 10,820.00
R03,White and Blue Almond Evil Eye Bypass Ring,BAS-EE-R03-14KY-US10_5,Karat: 14K,Metal Color: Yellow Gold,Ring Size: US 10.5,830.00
R03,White and Blue Almond Evil Eye Bypass Ring,BAS-EE-R03-14KY-US11,Karat: 14K,Metal Color: Yellow Gold,Ring Size: US 11,850.00
R03,White and Blue Almond Evil Eye Bypass Ring,BAS-EE-R03-14KY-US11_5,Karat: 14K,Metal Color: Yellow Gold,Ring Size: US 11.5,860.00
R03,White and Blue Almond Evil Eye Bypass Ring,BAS-EE-R03-14KY-US12,Karat: 14K,Metal Color: Yellow Gold,Ring Size: US 12,880.00
R03,White and Blue Almond Evil Eye Bypass Ring,BAS-EE-R03-14KY-US12_5,Karat: 14K,Metal Color: Yellow Gold,Ring Size: US 12.5,890.00
R03,White and Blue Almond Evil Eye Bypass Ring,BAS-EE-R03-14KY-US13,Karat: 14K,Metal Color: Yellow Gold,Ring Size: US 13,910.00
R03,White and Blue Almond Evil Eye Bypass Ring,BAS-EE-R03-14KY-US13_5,Karat: 14K,Metal Color: Yellow Gold,Ring Size: US 13.5,920.00
R03,White and Blue Almond Evil Eye Bypass Ring,BAS-EE-R03-14KY-US14,Karat: 14K,Metal Color: Yellow Gold,Ring Size: US 14,940.00
R03,White and Blue Almond Evil Eye Bypass Ring,BAS-EE-R03-14KY-US14_5,Karat: 14K,Metal Color: Yellow Gold,Ring Size: US 14.5,950.00
R03,White and Blue Almond Evil Eye Bypass Ring,BAS-EE-R03-14KY-US15,Karat: 14K,Metal Color: Yellow Gold,Ring Size: US 15,970.00
R03,White and Blue Almond Evil Eye Bypass Ring,BAS-EE-R03-14KY-US15_5,Karat: 14K,Metal Color: Yellow Gold,Ring Size: US 15.5,990.00
R03,White and Blue Almond Evil Eye Bypass Ring,BAS-EE-R03-14KY-US16,Karat: 14K,Metal Color: Yellow Gold,Ring Size: US 16,1000.00
R03,White and Blue Almond Evil Eye Bypass Ring,BAS-EE-R03-14KW-US3,Karat: 14K,Metal Color: White Gold,Ring Size: US 3,600.00
R03,White and Blue Almond Evil Eye Bypass Ring,BAS-EE-R03-14KW-US3_5,Karat: 14K,Metal Color: White Gold,Ring Size: US 3.5,610.00
R03,White and Blue Almond Evil Eye Bypass Ring,BAS-EE-R03-14KW-US4,Karat: 14K,Metal Color: White Gold,Ring Size: US 4,630.00
R03,White and Blue Almond Evil Eye Bypass Ring,BAS-EE-R03-14KW-US4_5,Karat: 14K,Metal Color: White Gold,Ring Size: US 4.5,650.00
R03,White and Blue Almond Evil Eye Bypass Ring,BAS-EE-R03-14KW-US5,Karat: 14K,Metal Color: White Gold,Ring Size: US 5,660.00
R03,White and Blue Almond Evil Eye Bypass Ring,BAS-EE-R03-14KW-US5_5,Karat: 14K,Metal Color: White Gold,Ring Size: US 5.5,680.00
R03,White and Blue Almond Evil Eye Bypass Ring,BAS-EE-R03-14KW-US6,Karat: 14K,Metal Color: White Gold,Ring Size: US 6,690.00
R03,White and Blue Almond Evil Eye Bypass Ring,BAS-EE-R03-14KW-US6_5,Karat: 14K,Metal Color: White Gold,Ring Size: US 6.5,710.00
R03,White and Blue Almond Evil Eye Bypass Ring,BAS-EE-R03-14KW-US7,Karat: 14K,Metal Color: White Gold,Ring Size: US 7,720.00
R03,White and Blue Almond Evil Eye Bypass Ring,BAS-EE-R03-14KW-US7_5,Karat: 14K,Metal Color: White Gold,Ring Size: US 7.5,740.00
R03,White and Blue Almond Evil Eye Bypass Ring,BAS-EE-R03-14KW-US8,Karat: 14K,Metal Color: White Gold,Ring Size: US 8,750.00
R03,White and Blue Almond Evil Eye Bypass Ring,BAS-EE-R03-14KW-US8_5,Karat: 14K,Metal Color: White Gold,Ring Size: US 8.5,770.00
R03,White and Blue Almond Evil Eye Bypass Ring,BAS-EE-R03-14KW-US9,Karat: 14K,Metal Color: White Gold,Ring Size: US 9,780.00
R03,White and Blue Almond Evil Eye Bypass Ring,BAS-EE-R03-14KW-US9_5,Karat: 14K,Metal Color: White Gold,Ring Size: US 9.5,800.00
R03,White and Blue Almond Evil Eye Bypass Ring,BAS-EE-R03-14KW-US10,Karat: 14K,Metal Color: White Gold,Ring Size: US 10,820.00
R03,White and Blue Almond Evil Eye Bypass Ring,BAS-EE-R03-14KW-US10_5,Karat: 14K,Metal Color: White Gold,Ring Size: US 10.5,830.00
R03,White and Blue Almond Evil Eye Bypass Ring,BAS-EE-R03-14KW-US11,Karat: 14K,Metal Color: White Gold,Ring Size: US 11,850.00
R03,White and Blue Almond Evil Eye Bypass Ring,BAS-EE-R03-14KW-US11_5,Karat: 14K,Metal Color: White Gold,Ring Size: US 11.5,860.00
R03,White and Blue Almond Evil Eye Bypass Ring,BAS-EE-R03-14KW-US12,Karat: 14K,Metal Color: White Gold,Ring Size: US 12,880.00
R03,White and Blue Almond Evil Eye Bypass Ring,BAS-EE-R03-14KW-US12_5,Karat: 14K,Metal Color: White Gold,Ring Size: US 12.5,890.00
R03,White and Blue Almond Evil Eye Bypass Ring,BAS-EE-R03-14KW-US13,Karat: 14K,Metal Color: White Gold,Ring Size: US 13,910.00
R03,White and Blue Almond Evil Eye Bypass Ring,BAS-EE-R03-14KW-US13_5,Karat: 14K,Metal Color: White Gold,Ring Size: US 13.5,920.00
R03,White and Blue Almond Evil Eye Bypass Ring,BAS-EE-R03-14KW-US14,Karat: 14K,Metal Color: White Gold,Ring Size: US 14,940.00
R03,White and Blue Almond Evil Eye Bypass Ring,BAS-EE-R03-14KW-US14_5,Karat: 14K,Metal Color: White Gold,Ring Size: US 14.5,950.00
R03,White and Blue Almond Evil Eye Bypass Ring,BAS-EE-R03-14KW-US15,Karat: 14K,Metal Color: White Gold,Ring Size: US 15,970.00
R03,White and Blue Almond Evil Eye Bypass Ring,BAS-EE-R03-14KW-US15_5,Karat: 14K,Metal Color: White Gold,Ring Size: US 15.5,990.00
R03,White and Blue Almond Evil Eye Bypass Ring,BAS-EE-R03-14KW-US16,Karat: 14K,Metal Color: White Gold,Ring Size: US 16,1000.00
R03,White and Blue Almond Evil Eye Bypass Ring,BAS-EE-R03-14KR-US3,Karat: 14K,Metal Color: Rose Gold,Ring Size: US 3,600.00
R03,White and Blue Almond Evil Eye Bypass Ring,BAS-EE-R03-14KR-US3_5,Karat: 14K,Metal Color: Rose Gold,Ring Size: US 3.5,610.00
R03,White and Blue Almond Evil Eye Bypass Ring,BAS-EE-R03-14KR-US4,Karat: 14K,Metal Color: Rose Gold,Ring Size: US 4,630.00
R03,White and Blue Almond Evil Eye Bypass Ring,BAS-EE-R03-14KR-US4_5,Karat: 14K,Metal Color: Rose Gold,Ring Size: US 4.5,650.00
R03,White and Blue Almond Evil Eye Bypass Ring,BAS-EE-R03-14KR-US5,Karat: 14K,Metal Color: Rose Gold,Ring Size: US 5,660.00
R03,White and Blue Almond Evil Eye Bypass Ring,BAS-EE-R03-14KR-US5_5,Karat: 14K,Metal Color: Rose Gold,Ring Size: US 5.5,680.00
R03,White and Blue Almond Evil Eye Bypass Ring,BAS-EE-R03-14KR-US6,Karat: 14K,Metal Color: Rose Gold,Ring Size: US 6,690.00
R03,White and Blue Almond Evil Eye Bypass Ring,BAS-EE-R03-14KR-US6_5,Karat: 14K,Metal Color: Rose Gold,Ring Size: US 6.5,710.00
R03,White and Blue Almond Evil Eye Bypass Ring,BAS-EE-R03-14KR-US7,Karat: 14K,Metal Color: Rose Gold,Ring Size: US 7,720.00
R03,White and Blue Almond Evil Eye Bypass Ring,BAS-EE-R03-14KR-US7_5,Karat: 14K,Metal Color: Rose Gold,Ring Size: US 7.5,740.00
R03,White and Blue Almond Evil Eye Bypass Ring,BAS-EE-R03-14KR-US8,Karat: 14K,Metal Color: Rose Gold,Ring Size: US 8,750.00
R03,White and Blue Almond Evil Eye Bypass Ring,BAS-EE-R03-14KR-US8_5,Karat: 14K,Metal Color: Rose Gold,Ring Size: US 8.5,770.00
R03,White and Blue Almond Evil Eye Bypass Ring,BAS-EE-R03-14KR-US9,Karat: 14K,Metal Color: Rose Gold,Ring Size: US 9,780.00
R03,White and Blue Almond Evil Eye Bypass Ring,BAS-EE-R03-14KR-US9_5,Karat: 14K,Metal Color: Rose Gold,Ring Size: US 9.5,800.00
R03,White and Blue Almond Evil Eye Bypass Ring,BAS-EE-R03-14KR-US10,Karat: 14K,Metal Color: Rose Gold,Ring Size: US 10,820.00
R03,White and Blue Almond Evil Eye Bypass Ring,BAS-EE-R03-14KR-US10_5,Karat: 14K,Metal Color: Rose Gold,Ring Size: US 10.5,830.00
R03,White and Blue Almond Evil Eye Bypass Ring,BAS-EE-R03-14KR-US11,Karat: 14K,Metal Color: Rose Gold,Ring Size: US 11,850.00
R03,White and Blue Almond Evil Eye Bypass Ring,BAS-EE-R03-14KR-US11_5,Karat: 14K,Metal Color: Rose Gold,Ring Size: US 11.5,860.00
R03,White and Blue Almond Evil Eye Bypass Ring,BAS-EE-R03-14KR-US12,Karat: 14K,Metal Color: Rose Gold,Ring Size: US 12,880.00
R03,White and Blue Almond Evil Eye Bypass Ring,BAS-EE-R03-14KR-US12_5,Karat: 14K,Metal Color: Rose Gold,Ring Size: US 12.5,890.00
R03,White and Blue Almond Evil Eye Bypass Ring,BAS-EE-R03-14KR-US13,Karat: 14K,Metal Color: Rose Gold,Ring Size: US 13,910.00
R03,White and Blue Almond Evil Eye Bypass Ring,BAS-EE-R03-14KR-US13_5,Karat: 14K,Metal Color: Rose Gold,Ring Size: US 13.5,920.00
R03,White and Blue Almond Evil Eye Bypass Ring,BAS-EE-R03-14KR-US14,Karat: 14K,Metal Color: Rose Gold,Ring Size: US 14,940.00
R03,White and Blue Almond Evil Eye Bypass Ring,BAS-EE-R03-14KR-US14_5,Karat: 14K,Metal Color: Rose Gold,Ring Size: US 14.5,950.00
R03,White and Blue Almond Evil Eye Bypass Ring,BAS-EE-R03-14KR-US15,Karat: 14K,Metal Color: Rose Gold,Ring Size: US 15,970.00
R03,White and Blue Almond Evil Eye Bypass Ring,BAS-EE-R03-14KR-US15_5,Karat: 14K,Metal Color: Rose Gold,Ring Size: US 15.5,990.00
R03,White and Blue Almond Evil Eye Bypass Ring,BAS-EE-R03-14KR-US16,Karat: 14K,Metal Color: Rose Gold,Ring Size: US 16,1000.00
R03,White and Blue Almond Evil Eye Bypass Ring,BAS-EE-R03-18KY-US3,Karat: 18K,Metal Color: Yellow Gold,Ring Size: US 3,830.00
R03,White and Blue Almond Evil Eye Bypass Ring,BAS-EE-R03-18KY-US3_5,Karat: 18K,Metal Color: Yellow Gold,Ring Size: US 3.5,850.00
R03,White and Blue Almond Evil Eye Bypass Ring,BAS-EE-R03-18KY-US4,Karat: 18K,Metal Color: Yellow Gold,Ring Size: US 4,870.00
R03,White and Blue Almond Evil Eye Bypass Ring,BAS-EE-R03-18KY-US4_5,Karat: 18K,Metal Color: Yellow Gold,Ring Size: US 4.5,890.00
R03,White and Blue Almond Evil Eye Bypass Ring,BAS-EE-R03-18KY-US5,Karat: 18K,Metal Color: Yellow Gold,Ring Size: US 5,920.00
R03,White and Blue Almond Evil Eye Bypass Ring,BAS-EE-R03-18KY-US5_5,Karat: 18K,Metal Color: Yellow Gold,Ring Size: US 5.5,940.00
R03,White and Blue Almond Evil Eye Bypass Ring,BAS-EE-R03-18KY-US6,Karat: 18K,Metal Color: Yellow Gold,Ring Size: US 6,960.00
R03,White and Blue Almond Evil Eye Bypass Ring,BAS-EE-R03-18KY-US6_5,Karat: 18K,Metal Color: Yellow Gold,Ring Size: US 6.5,980.00
R03,White and Blue Almond Evil Eye Bypass Ring,BAS-EE-R03-18KY-US7,Karat: 18K,Metal Color: Yellow Gold,Ring Size: US 7,1000.00
R03,White and Blue Almond Evil Eye Bypass Ring,BAS-EE-R03-18KY-US7_5,Karat: 18K,Metal Color: Yellow Gold,Ring Size: US 7.5,1020.00
R03,White and Blue Almond Evil Eye Bypass Ring,BAS-EE-R03-18KY-US8,Karat: 18K,Metal Color: Yellow Gold,Ring Size: US 8,1050.00
R03,White and Blue Almond Evil Eye Bypass Ring,BAS-EE-R03-18KY-US8_5,Karat: 18K,Metal Color: Yellow Gold,Ring Size: US 8.5,1070.00
R03,White and Blue Almond Evil Eye Bypass Ring,BAS-EE-R03-18KY-US9,Karat: 18K,Metal Color: Yellow Gold,Ring Size: US 9,1090.00
R03,White and Blue Almond Evil Eye Bypass Ring,BAS-EE-R03-18KY-US9_5,Karat: 18K,Metal Color: Yellow Gold,Ring Size: US 9.5,1110.00
R03,White and Blue Almond Evil Eye Bypass Ring,BAS-EE-R03-18KY-US10,Karat: 18K,Metal Color: Yellow Gold,Ring Size: US 10,1130.00
R03,White and Blue Almond Evil Eye Bypass Ring,BAS-EE-R03-18KY-US10_5,Karat: 18K,Metal Color: Yellow Gold,Ring Size: US 10.5,1150.00
R03,White and Blue Almond Evil Eye Bypass Ring,BAS-EE-R03-18KY-US11,Karat: 18K,Metal Color: Yellow Gold,Ring Size: US 11,1170.00
R03,White and Blue Almond Evil Eye Bypass Ring,BAS-EE-R03-18KY-US11_5,Karat: 18K,Metal Color: Yellow Gold,Ring Size: US 11.5,1200.00
R03,White and Blue Almond Evil Eye Bypass Ring,BAS-EE-R03-18KY-US12,Karat: 18K,Metal Color: Yellow Gold,Ring Size: US 12,1220.00
R03,White and Blue Almond Evil Eye Bypass Ring,BAS-EE-R03-18KY-US12_5,Karat: 18K,Metal Color: Yellow Gold,Ring Size: US 12.5,1240.00
R03,White and Blue Almond Evil Eye Bypass Ring,BAS-EE-R03-18KY-US13,Karat: 18K,Metal Color: Yellow Gold,Ring Size: US 13,1260.00
R03,White and Blue Almond Evil Eye Bypass Ring,BAS-EE-R03-18KY-US13_5,Karat: 18K,Metal Color: Yellow Gold,Ring Size: US 13.5,1280.00
R03,White and Blue Almond Evil Eye Bypass Ring,BAS-EE-R03-18KY-US14,Karat: 18K,Metal Color: Yellow Gold,Ring Size: US 14,1300.00
R03,White and Blue Almond Evil Eye Bypass Ring,BAS-EE-R03-18KY-US14_5,Karat: 18K,Metal Color: Yellow Gold,Ring Size: US 14.5,1320.00
R03,White and Blue Almond Evil Eye Bypass Ring,BAS-EE-R03-18KY-US15,Karat: 18K,Metal Color: Yellow Gold,Ring Size: US 15,1350.00
R03,White and Blue Almond Evil Eye Bypass Ring,BAS-EE-R03-18KY-US15_5,Karat: 18K,Metal Color: Yellow Gold,Ring Size: US 15.5,1370.00
R03,White and Blue Almond Evil Eye Bypass Ring,BAS-EE-R03-18KY-US16,Karat: 18K,Metal Color: Yellow Gold,Ring Size: US 16,1390.00
R03,White and Blue Almond Evil Eye Bypass Ring,BAS-EE-R03-18KW-US3,Karat: 18K,Metal Color: White Gold,Ring Size: US 3,830.00
R03,White and Blue Almond Evil Eye Bypass Ring,BAS-EE-R03-18KW-US3_5,Karat: 18K,Metal Color: White Gold,Ring Size: US 3.5,850.00
R03,White and Blue Almond Evil Eye Bypass Ring,BAS-EE-R03-18KW-US4,Karat: 18K,Metal Color: White Gold,Ring Size: US 4,870.00
R03,White and Blue Almond Evil Eye Bypass Ring,BAS-EE-R03-18KW-US4_5,Karat: 18K,Metal Color: White Gold,Ring Size: US 4.5,890.00
R03,White and Blue Almond Evil Eye Bypass Ring,BAS-EE-R03-18KW-US5,Karat: 18K,Metal Color: White Gold,Ring Size: US 5,920.00
R03,White and Blue Almond Evil Eye Bypass Ring,BAS-EE-R03-18KW-US5_5,Karat: 18K,Metal Color: White Gold,Ring Size: US 5.5,940.00
R03,White and Blue Almond Evil Eye Bypass Ring,BAS-EE-R03-18KW-US6,Karat: 18K,Metal Color: White Gold,Ring Size: US 6,960.00
R03,White and Blue Almond Evil Eye Bypass Ring,BAS-EE-R03-18KW-US6_5,Karat: 18K,Metal Color: White Gold,Ring Size: US 6.5,980.00
R03,White and Blue Almond Evil Eye Bypass Ring,BAS-EE-R03-18KW-US7,Karat: 18K,Metal Color: White Gold,Ring Size: US 7,1000.00
R03,White and Blue Almond Evil Eye Bypass Ring,BAS-EE-R03-18KW-US7_5,Karat: 18K,Metal Color: White Gold,Ring Size: US 7.5,1020.00
R03,White and Blue Almond Evil Eye Bypass Ring,BAS-EE-R03-18KW-US8,Karat: 18K,Metal Color: White Gold,Ring Size: US 8,1050.00
R03,White and Blue Almond Evil Eye Bypass Ring,BAS-EE-R03-18KW-US8_5,Karat: 18K,Metal Color: White Gold,Ring Size: US 8.5,1070.00
R03,White and Blue Almond Evil Eye Bypass Ring,BAS-EE-R03-18KW-US9,Karat: 18K,Metal Color: White Gold,Ring Size: US 9,1090.00
R03,White and Blue Almond Evil Eye Bypass Ring,BAS-EE-R03-18KW-US9_5,Karat: 18K,Metal Color: White Gold,Ring Size: US 9.5,1110.00
R03,White and Blue Almond Evil Eye Bypass Ring,BAS-EE-R03-18KW-US10,Karat: 18K,Metal Color: White Gold,Ring Size: US 10,1130.00
R03,White and Blue Almond Evil Eye Bypass Ring,BAS-EE-R03-18KW-US10_5,Karat: 18K,Metal Color: White Gold,Ring Size: US 10.5,1150.00
R03,White and Blue Almond Evil Eye Bypass Ring,BAS-EE-R03-18KW-US11,Karat: 18K,Metal Color: White Gold,Ring Size: US 11,1170.00
R03,White and Blue Almond Evil Eye Bypass Ring,BAS-EE-R03-18KW-US11_5,Karat: 18K,Metal Color: White Gold,Ring Size: US 11.5,1200.00
R03,White and Blue Almond Evil Eye Bypass Ring,BAS-EE-R03-18KW-US12,Karat: 18K,Metal Color: White Gold,Ring Size: US 12,1220.00
R03,White and Blue Almond Evil Eye Bypass Ring,BAS-EE-R03-18KW-US12_5,Karat: 18K,Metal Color: White Gold,Ring Size: US 12.5,1240.00
R03,White and Blue Almond Evil Eye Bypass Ring,BAS-EE-R03-18KW-US13,Karat: 18K,Metal Color: White Gold,Ring Size: US 13,1260.00
R03,White and Blue Almond Evil Eye Bypass Ring,BAS-EE-R03-18KW-US13_5,Karat: 18K,Metal Color: White Gold,Ring Size: US 13.5,1280.00
R03,White and Blue Almond Evil Eye Bypass Ring,BAS-EE-R03-18KW-US14,Karat: 18K,Metal Color: White Gold,Ring Size: US 14,1300.00
R03,White and Blue Almond Evil Eye Bypass Ring,BAS-EE-R03-18KW-US14_5,Karat: 18K,Metal Color: White Gold,Ring Size: US 14.5,1320.00
R03,White and Blue Almond Evil Eye Bypass Ring,BAS-EE-R03-18KW-US15,Karat: 18K,Metal Color: White Gold,Ring Size: US 15,1350.00
R03,White and Blue Almond Evil Eye Bypass Ring,BAS-EE-R03-18KW-US15_5,Karat: 18K,Metal Color: White Gold,Ring Size: US 15.5,1370.00
R03,White and Blue Almond Evil Eye Bypass Ring,BAS-EE-R03-18KW-US16,Karat: 18K,Metal Color: White Gold,Ring Size: US 16,1390.00
R03,White and Blue Almond Evil Eye Bypass Ring,BAS-EE-R03-18KR-US3,Karat: 18K,Metal Color: Rose Gold,Ring Size: US 3,830.00
R03,White and Blue Almond Evil Eye Bypass Ring,BAS-EE-R03-18KR-US3_5,Karat: 18K,Metal Color: Rose Gold,Ring Size: US 3.5,850.00
R03,White and Blue Almond Evil Eye Bypass Ring,BAS-EE-R03-18KR-US4,Karat: 18K,Metal Color: Rose Gold,Ring Size: US 4,870.00
R03,White and Blue Almond Evil Eye Bypass Ring,BAS-EE-R03-18KR-US4_5,Karat: 18K,Metal Color: Rose Gold,Ring Size: US 4.5,890.00
R03,White and Blue Almond Evil Eye Bypass Ring,BAS-EE-R03-18KR-US5,Karat: 18K,Metal Color: Rose Gold,Ring Size: US 5,920.00
R03,White and Blue Almond Evil Eye Bypass Ring,BAS-EE-R03-18KR-US5_5,Karat: 18K,Metal Color: Rose Gold,Ring Size: US 5.5,940.00
R03,White and Blue Almond Evil Eye Bypass Ring,BAS-EE-R03-18KR-US6,Karat: 18K,Metal Color: Rose Gold,Ring Size: US 6,960.00
R03,White and Blue Almond Evil Eye Bypass Ring,BAS-EE-R03-18KR-US6_5,Karat: 18K,Metal Color: Rose Gold,Ring Size: US 6.5,980.00
R03,White and Blue Almond Evil Eye Bypass Ring,BAS-EE-R03-18KR-US7,Karat: 18K,Metal Color: Rose Gold,Ring Size: US 7,1000.00
R03,White and Blue Almond Evil Eye Bypass Ring,BAS-EE-R03-18KR-US7_5,Karat: 18K,Metal Color: Rose Gold,Ring Size: US 7.5,1020.00
R03,White and Blue Almond Evil Eye Bypass Ring,BAS-EE-R03-18KR-US8,Karat: 18K,Metal Color: Rose Gold,Ring Size: US 8,1050.00
R03,White and Blue Almond Evil Eye Bypass Ring,BAS-EE-R03-18KR-US8_5,Karat: 18K,Metal Color: Rose Gold,Ring Size: US 8.5,1070.00
R03,White and Blue Almond Evil Eye Bypass Ring,BAS-EE-R03-18KR-US9,Karat: 18K,Metal Color: Rose Gold,Ring Size: US 9,1090.00
R03,White and Blue Almond Evil Eye Bypass Ring,BAS-EE-R03-18KR-US9_5,Karat: 18K,Metal Color: Rose Gold,Ring Size: US 9.5,1110.00
R03,White and Blue Almond Evil Eye Bypass Ring,BAS-EE-R03-18KR-US10,Karat: 18K,Metal Color: Rose Gold,Ring Size: US 10,1130.00
R03,White and Blue Almond Evil Eye Bypass Ring,BAS-EE-R03-18KR-US10_5,Karat: 18K,Metal Color: Rose Gold,Ring Size: US 10.5,1150.00
R03,White and Blue Almond Evil Eye Bypass Ring,BAS-EE-R03-18KR-US11,Karat: 18K,Metal Color: Rose Gold,Ring Size: US 11,1170.00
R03,White and Blue Almond Evil Eye Bypass Ring,BAS-EE-R03-18KR-US11_5,Karat: 18K,Metal Color: Rose Gold,Ring Size: US 11.5,1200.00
R03,White and Blue Almond Evil Eye Bypass Ring,BAS-EE-R03-18KR-US12,Karat: 18K,Metal Color: Rose Gold,Ring Size: US 12,1220.00
R03,White and Blue Almond Evil Eye Bypass Ring,BAS-EE-R03-18KR-US12_5,Karat: 18K,Metal Color: Rose Gold,Ring Size: US 12.5,1240.00
R03,White and Blue Almond Evil Eye Bypass Ring,BAS-EE-R03-18KR-US13,Karat: 18K,Metal Color: Rose Gold,Ring Size: US 13,1260.00
R03,White and Blue Almond Evil Eye Bypass Ring,BAS-EE-R03-18KR-US13_5,Karat: 18K,Metal Color: Rose Gold,Ring Size: US 13.5,1280.00
R03,White and Blue Almond Evil Eye Bypass Ring,BAS-EE-R03-18KR-US14,Karat: 18K,Metal Color: Rose Gold,Ring Size: US 14,1300.00
R03,White and Blue Almond Evil Eye Bypass Ring,BAS-EE-R03-18KR-US14_5,Karat: 18K,Metal Color: Rose Gold,Ring Size: US 14.5,1320.00
R03,White and Blue Almond Evil Eye Bypass Ring,BAS-EE-R03-18KR-US15,Karat: 18K,Metal Color: Rose Gold,Ring Size: US 15,1350.00
R03,White and Blue Almond Evil Eye Bypass Ring,BAS-EE-R03-18KR-US15_5,Karat: 18K,Metal Color: Rose Gold,Ring Size: US 15.5,1370.00
R03,White and Blue Almond Evil Eye Bypass Ring,BAS-EE-R03-18KR-US16,Karat: 18K,Metal Color: Rose Gold,Ring Size: US 16,1390.00
N03,Almond Evil Eye Lariat Necklace,BAS-EE-N03-10KY-16IN,Karat: 10K,Metal Color: Yellow Gold,Chain Length: 16 inches,400.00
N03,Almond Evil Eye Lariat Necklace,BAS-EE-N03-10KY-18IN,Karat: 10K,Metal Color: Yellow Gold,Chain Length: 18 inches,420.00
N03,Almond Evil Eye Lariat Necklace,BAS-EE-N03-10KY-20IN,Karat: 10K,Metal Color: Yellow Gold,Chain Length: 20 inches,440.00
N03,Almond Evil Eye Lariat Necklace,BAS-EE-N03-10KW-16IN,Karat: 10K,Metal Color: White Gold,Chain Length: 16 inches,400.00
N03,Almond Evil Eye Lariat Necklace,BAS-EE-N03-10KW-18IN,Karat: 10K,Metal Color: White Gold,Chain Length: 18 inches,420.00
N03,Almond Evil Eye Lariat Necklace,BAS-EE-N03-10KW-20IN,Karat: 10K,Metal Color: White Gold,Chain Length: 20 inches,440.00
N03,Almond Evil Eye Lariat Necklace,BAS-EE-N03-10KR-16IN,Karat: 10K,Metal Color: Rose Gold,Chain Length: 16 inches,400.00
N03,Almond Evil Eye Lariat Necklace,BAS-EE-N03-10KR-18IN,Karat: 10K,Metal Color: Rose Gold,Chain Length: 18 inches,420.00
N03,Almond Evil Eye Lariat Necklace,BAS-EE-N03-10KR-20IN,Karat: 10K,Metal Color: Rose Gold,Chain Length: 20 inches,440.00
N03,Almond Evil Eye Lariat Necklace,BAS-EE-N03-14KY-16IN,Karat: 14K,Metal Color: Yellow Gold,Chain Length: 16 inches,540.00
N03,Almond Evil Eye Lariat Necklace,BAS-EE-N03-14KY-18IN,Karat: 14K,Metal Color: Yellow Gold,Chain Length: 18 inches,560.00
N03,Almond Evil Eye Lariat Necklace,BAS-EE-N03-14KY-20IN,Karat: 14K,Metal Color: Yellow Gold,Chain Length: 20 inches,590.00
N03,Almond Evil Eye Lariat Necklace,BAS-EE-N03-14KW-16IN,Karat: 14K,Metal Color: White Gold,Chain Length: 16 inches,540.00
N03,Almond Evil Eye Lariat Necklace,BAS-EE-N03-14KW-18IN,Karat: 14K,Metal Color: White Gold,Chain Length: 18 inches,560.00
N03,Almond Evil Eye Lariat Necklace,BAS-EE-N03-14KW-20IN,Karat: 14K,Metal Color: White Gold,Chain Length: 20 inches,590.00
N03,Almond Evil Eye Lariat Necklace,BAS-EE-N03-14KR-16IN,Karat: 14K,Metal Color: Rose Gold,Chain Length: 16 inches,540.00
N03,Almond Evil Eye Lariat Necklace,BAS-EE-N03-14KR-18IN,Karat: 14K,Metal Color: Rose Gold,Chain Length: 18 inches,560.00
N03,Almond Evil Eye Lariat Necklace,BAS-EE-N03-14KR-20IN,Karat: 14K,Metal Color: Rose Gold,Chain Length: 20 inches,590.00
N03,Almond Evil Eye Lariat Necklace,BAS-EE-N03-18KY-16IN,Karat: 18K,Metal Color: Yellow Gold,Chain Length: 16 inches,700.00
N03,Almond Evil Eye Lariat Necklace,BAS-EE-N03-18KY-18IN,Karat: 18K,Metal Color: Yellow Gold,Chain Length: 18 inches,740.00
N03,Almond Evil Eye Lariat Necklace,BAS-EE-N03-18KY-20IN,Karat: 18K,Metal Color: Yellow Gold,Chain Length: 20 inches,780.00
N03,Almond Evil Eye Lariat Necklace,BAS-EE-N03-18KW-16IN,Karat: 18K,Metal Color: White Gold,Chain Length: 16 inches,700.00
N03,Almond Evil Eye Lariat Necklace,BAS-EE-N03-18KW-18IN,Karat: 18K,Metal Color: White Gold,Chain Length: 18 inches,740.00
N03,Almond Evil Eye Lariat Necklace,BAS-EE-N03-18KW-20IN,Karat: 18K,Metal Color: White Gold,Chain Length: 20 inches,780.00
N03,Almond Evil Eye Lariat Necklace,BAS-EE-N03-18KR-16IN,Karat: 18K,Metal Color: Rose Gold,Chain Length: 16 inches,700.00
N03,Almond Evil Eye Lariat Necklace,BAS-EE-N03-18KR-18IN,Karat: 18K,Metal Color: Rose Gold,Chain Length: 18 inches,740.00
N03,Almond Evil Eye Lariat Necklace,BAS-EE-N03-18KR-20IN,Karat: 18K,Metal Color: Rose Gold,Chain Length: 20 inches,780.00
B03,Almond Evil Eye Bracelet,BAS-EE-B03-10KY-6_5IN,Karat: 10K,Metal Color: Yellow Gold,Bracelet Length: 6.5 inches,470.00
B03,Almond Evil Eye Bracelet,BAS-EE-B03-10KY-7IN,Karat: 10K,Metal Color: Yellow Gold,Bracelet Length: 7 inches,480.00
B03,Almond Evil Eye Bracelet,BAS-EE-B03-10KY-7_5IN,Karat: 10K,Metal Color: Yellow Gold,Bracelet Length: 7.5 inches,490.00
B03,Almond Evil Eye Bracelet,BAS-EE-B03-10KW-6_5IN,Karat: 10K,Metal Color: White Gold,Bracelet Length: 6.5 inches,470.00
B03,Almond Evil Eye Bracelet,BAS-EE-B03-10KW-7IN,Karat: 10K,Metal Color: White Gold,Bracelet Length: 7 inches,480.00
B03,Almond Evil Eye Bracelet,BAS-EE-B03-10KW-7_5IN,Karat: 10K,Metal Color: White Gold,Bracelet Length: 7.5 inches,490.00
B03,Almond Evil Eye Bracelet,BAS-EE-B03-10KR-6_5IN,Karat: 10K,Metal Color: Rose Gold,Bracelet Length: 6.5 inches,470.00
B03,Almond Evil Eye Bracelet,BAS-EE-B03-10KR-7IN,Karat: 10K,Metal Color: Rose Gold,Bracelet Length: 7 inches,480.00
B03,Almond Evil Eye Bracelet,BAS-EE-B03-10KR-7_5IN,Karat: 10K,Metal Color: Rose Gold,Bracelet Length: 7.5 inches,490.00
B03,Almond Evil Eye Bracelet,BAS-EE-B03-14KY-6_5IN,Karat: 14K,Metal Color: Yellow Gold,Bracelet Length: 6.5 inches,590.00
B03,Almond Evil Eye Bracelet,BAS-EE-B03-14KY-7IN,Karat: 14K,Metal Color: Yellow Gold,Bracelet Length: 7 inches,600.00
B03,Almond Evil Eye Bracelet,BAS-EE-B03-14KY-7_5IN,Karat: 14K,Metal Color: Yellow Gold,Bracelet Length: 7.5 inches,620.00
B03,Almond Evil Eye Bracelet,BAS-EE-B03-14KW-6_5IN,Karat: 14K,Metal Color: White Gold,Bracelet Length: 6.5 inches,590.00
B03,Almond Evil Eye Bracelet,BAS-EE-B03-14KW-7IN,Karat: 14K,Metal Color: White Gold,Bracelet Length: 7 inches,600.00
B03,Almond Evil Eye Bracelet,BAS-EE-B03-14KW-7_5IN,Karat: 14K,Metal Color: White Gold,Bracelet Length: 7.5 inches,620.00
B03,Almond Evil Eye Bracelet,BAS-EE-B03-14KR-6_5IN,Karat: 14K,Metal Color: Rose Gold,Bracelet Length: 6.5 inches,590.00
B03,Almond Evil Eye Bracelet,BAS-EE-B03-14KR-7IN,Karat: 14K,Metal Color: Rose Gold,Bracelet Length: 7 inches,600.00
B03,Almond Evil Eye Bracelet,BAS-EE-B03-14KR-7_5IN,Karat: 14K,Metal Color: Rose Gold,Bracelet Length: 7.5 inches,620.00
B03,Almond Evil Eye Bracelet,BAS-EE-B03-18KY-6_5IN,Karat: 18K,Metal Color: Yellow Gold,Bracelet Length: 6.5 inches,740.00
B03,Almond Evil Eye Bracelet,BAS-EE-B03-18KY-7IN,Karat: 18K,Metal Color: Yellow Gold,Bracelet Length: 7 inches,760.00
B03,Almond Evil Eye Bracelet,BAS-EE-B03-18KY-7_5IN,Karat: 18K,Metal Color: Yellow Gold,Bracelet Length: 7.5 inches,780.00
B03,Almond Evil Eye Bracelet,BAS-EE-B03-18KW-6_5IN,Karat: 18K,Metal Color: White Gold,Bracelet Length: 6.5 inches,740.00
B03,Almond Evil Eye Bracelet,BAS-EE-B03-18KW-7IN,Karat: 18K,Metal Color: White Gold,Bracelet Length: 7 inches,760.00
B03,Almond Evil Eye Bracelet,BAS-EE-B03-18KW-7_5IN,Karat: 18K,Metal Color: White Gold,Bracelet Length: 7.5 inches,780.00
B03,Almond Evil Eye Bracelet,BAS-EE-B03-18KR-6_5IN,Karat: 18K,Metal Color: Rose Gold,Bracelet Length: 6.5 inches,740.00
B03,Almond Evil Eye Bracelet,BAS-EE-B03-18KR-7IN,Karat: 18K,Metal Color: Rose Gold,Bracelet Length: 7 inches,760.00
B03,Almond Evil Eye Bracelet,BAS-EE-B03-18KR-7_5IN,Karat: 18K,Metal Color: Rose Gold,Bracelet Length: 7.5 inches,780.00
R04,Beaded Evil Eye Stacking Ring,BAS-EE-R04-10KY-US3,Karat: 10K,Metal Color: Yellow Gold,Ring Size: US 3,420.00
R04,Beaded Evil Eye Stacking Ring,BAS-EE-R04-10KY-US3_5,Karat: 10K,Metal Color: Yellow Gold,Ring Size: US 3.5,430.00
R04,Beaded Evil Eye Stacking Ring,BAS-EE-R04-10KY-US4,Karat: 10K,Metal Color: Yellow Gold,Ring Size: US 4,440.00
R04,Beaded Evil Eye Stacking Ring,BAS-EE-R04-10KY-US4_5,Karat: 10K,Metal Color: Yellow Gold,Ring Size: US 4.5,450.00
R04,Beaded Evil Eye Stacking Ring,BAS-EE-R04-10KY-US5,Karat: 10K,Metal Color: Yellow Gold,Ring Size: US 5,460.00
R04,Beaded Evil Eye Stacking Ring,BAS-EE-R04-10KY-US5_5,Karat: 10K,Metal Color: Yellow Gold,Ring Size: US 5.5,470.00
R04,Beaded Evil Eye Stacking Ring,BAS-EE-R04-10KY-US6,Karat: 10K,Metal Color: Yellow Gold,Ring Size: US 6,480.00
R04,Beaded Evil Eye Stacking Ring,BAS-EE-R04-10KY-US6_5,Karat: 10K,Metal Color: Yellow Gold,Ring Size: US 6.5,490.00
R04,Beaded Evil Eye Stacking Ring,BAS-EE-R04-10KY-US7,Karat: 10K,Metal Color: Yellow Gold,Ring Size: US 7,500.00
R04,Beaded Evil Eye Stacking Ring,BAS-EE-R04-10KY-US7_5,Karat: 10K,Metal Color: Yellow Gold,Ring Size: US 7.5,510.00
R04,Beaded Evil Eye Stacking Ring,BAS-EE-R04-10KY-US8,Karat: 10K,Metal Color: Yellow Gold,Ring Size: US 8,520.00
R04,Beaded Evil Eye Stacking Ring,BAS-EE-R04-10KY-US8_5,Karat: 10K,Metal Color: Yellow Gold,Ring Size: US 8.5,530.00
R04,Beaded Evil Eye Stacking Ring,BAS-EE-R04-10KY-US9,Karat: 10K,Metal Color: Yellow Gold,Ring Size: US 9,540.00
R04,Beaded Evil Eye Stacking Ring,BAS-EE-R04-10KY-US9_5,Karat: 10K,Metal Color: Yellow Gold,Ring Size: US 9.5,550.00
R04,Beaded Evil Eye Stacking Ring,BAS-EE-R04-10KY-US10,Karat: 10K,Metal Color: Yellow Gold,Ring Size: US 10,560.00
R04,Beaded Evil Eye Stacking Ring,BAS-EE-R04-10KY-US10_5,Karat: 10K,Metal Color: Yellow Gold,Ring Size: US 10.5,580.00
R04,Beaded Evil Eye Stacking Ring,BAS-EE-R04-10KY-US11,Karat: 10K,Metal Color: Yellow Gold,Ring Size: US 11,590.00
R04,Beaded Evil Eye Stacking Ring,BAS-EE-R04-10KY-US11_5,Karat: 10K,Metal Color: Yellow Gold,Ring Size: US 11.5,600.00
R04,Beaded Evil Eye Stacking Ring,BAS-EE-R04-10KY-US12,Karat: 10K,Metal Color: Yellow Gold,Ring Size: US 12,610.00
R04,Beaded Evil Eye Stacking Ring,BAS-EE-R04-10KY-US12_5,Karat: 10K,Metal Color: Yellow Gold,Ring Size: US 12.5,620.00
R04,Beaded Evil Eye Stacking Ring,BAS-EE-R04-10KY-US13,Karat: 10K,Metal Color: Yellow Gold,Ring Size: US 13,630.00
R04,Beaded Evil Eye Stacking Ring,BAS-EE-R04-10KY-US13_5,Karat: 10K,Metal Color: Yellow Gold,Ring Size: US 13.5,640.00
R04,Beaded Evil Eye Stacking Ring,BAS-EE-R04-10KY-US14,Karat: 10K,Metal Color: Yellow Gold,Ring Size: US 14,650.00
R04,Beaded Evil Eye Stacking Ring,BAS-EE-R04-10KY-US14_5,Karat: 10K,Metal Color: Yellow Gold,Ring Size: US 14.5,660.00
R04,Beaded Evil Eye Stacking Ring,BAS-EE-R04-10KY-US15,Karat: 10K,Metal Color: Yellow Gold,Ring Size: US 15,670.00
R04,Beaded Evil Eye Stacking Ring,BAS-EE-R04-10KY-US15_5,Karat: 10K,Metal Color: Yellow Gold,Ring Size: US 15.5,680.00
R04,Beaded Evil Eye Stacking Ring,BAS-EE-R04-10KY-US16,Karat: 10K,Metal Color: Yellow Gold,Ring Size: US 16,690.00
R04,Beaded Evil Eye Stacking Ring,BAS-EE-R04-10KW-US3,Karat: 10K,Metal Color: White Gold,Ring Size: US 3,420.00
R04,Beaded Evil Eye Stacking Ring,BAS-EE-R04-10KW-US3_5,Karat: 10K,Metal Color: White Gold,Ring Size: US 3.5,430.00
R04,Beaded Evil Eye Stacking Ring,BAS-EE-R04-10KW-US4,Karat: 10K,Metal Color: White Gold,Ring Size: US 4,440.00
R04,Beaded Evil Eye Stacking Ring,BAS-EE-R04-10KW-US4_5,Karat: 10K,Metal Color: White Gold,Ring Size: US 4.5,450.00
R04,Beaded Evil Eye Stacking Ring,BAS-EE-R04-10KW-US5,Karat: 10K,Metal Color: White Gold,Ring Size: US 5,460.00
R04,Beaded Evil Eye Stacking Ring,BAS-EE-R04-10KW-US5_5,Karat: 10K,Metal Color: White Gold,Ring Size: US 5.5,470.00
R04,Beaded Evil Eye Stacking Ring,BAS-EE-R04-10KW-US6,Karat: 10K,Metal Color: White Gold,Ring Size: US 6,480.00
R04,Beaded Evil Eye Stacking Ring,BAS-EE-R04-10KW-US6_5,Karat: 10K,Metal Color: White Gold,Ring Size: US 6.5,490.00
R04,Beaded Evil Eye Stacking Ring,BAS-EE-R04-10KW-US7,Karat: 10K,Metal Color: White Gold,Ring Size: US 7,500.00
R04,Beaded Evil Eye Stacking Ring,BAS-EE-R04-10KW-US7_5,Karat: 10K,Metal Color: White Gold,Ring Size: US 7.5,510.00
R04,Beaded Evil Eye Stacking Ring,BAS-EE-R04-10KW-US8,Karat: 10K,Metal Color: White Gold,Ring Size: US 8,520.00
R04,Beaded Evil Eye Stacking Ring,BAS-EE-R04-10KW-US8_5,Karat: 10K,Metal Color: White Gold,Ring Size: US 8.5,530.00
R04,Beaded Evil Eye Stacking Ring,BAS-EE-R04-10KW-US9,Karat: 10K,Metal Color: White Gold,Ring Size: US 9,540.00
R04,Beaded Evil Eye Stacking Ring,BAS-EE-R04-10KW-US9_5,Karat: 10K,Metal Color: White Gold,Ring Size: US 9.5,550.00
R04,Beaded Evil Eye Stacking Ring,BAS-EE-R04-10KW-US10,Karat: 10K,Metal Color: White Gold,Ring Size: US 10,560.00
R04,Beaded Evil Eye Stacking Ring,BAS-EE-R04-10KW-US10_5,Karat: 10K,Metal Color: White Gold,Ring Size: US 10.5,580.00
R04,Beaded Evil Eye Stacking Ring,BAS-EE-R04-10KW-US11,Karat: 10K,Metal Color: White Gold,Ring Size: US 11,590.00
R04,Beaded Evil Eye Stacking Ring,BAS-EE-R04-10KW-US11_5,Karat: 10K,Metal Color: White Gold,Ring Size: US 11.5,600.00
R04,Beaded Evil Eye Stacking Ring,BAS-EE-R04-10KW-US12,Karat: 10K,Metal Color: White Gold,Ring Size: US 12,610.00
R04,Beaded Evil Eye Stacking Ring,BAS-EE-R04-10KW-US12_5,Karat: 10K,Metal Color: White Gold,Ring Size: US 12.5,620.00
R04,Beaded Evil Eye Stacking Ring,BAS-EE-R04-10KW-US13,Karat: 10K,Metal Color: White Gold,Ring Size: US 13,630.00
R04,Beaded Evil Eye Stacking Ring,BAS-EE-R04-10KW-US13_5,Karat: 10K,Metal Color: White Gold,Ring Size: US 13.5,640.00
R04,Beaded Evil Eye Stacking Ring,BAS-EE-R04-10KW-US14,Karat: 10K,Metal Color: White Gold,Ring Size: US 14,650.00
R04,Beaded Evil Eye Stacking Ring,BAS-EE-R04-10KW-US14_5,Karat: 10K,Metal Color: White Gold,Ring Size: US 14.5,660.00
R04,Beaded Evil Eye Stacking Ring,BAS-EE-R04-10KW-US15,Karat: 10K,Metal Color: White Gold,Ring Size: US 15,670.00
R04,Beaded Evil Eye Stacking Ring,BAS-EE-R04-10KW-US15_5,Karat: 10K,Metal Color: White Gold,Ring Size: US 15.5,680.00
R04,Beaded Evil Eye Stacking Ring,BAS-EE-R04-10KW-US16,Karat: 10K,Metal Color: White Gold,Ring Size: US 16,690.00
R04,Beaded Evil Eye Stacking Ring,BAS-EE-R04-10KR-US3,Karat: 10K,Metal Color: Rose Gold,Ring Size: US 3,420.00
R04,Beaded Evil Eye Stacking Ring,BAS-EE-R04-10KR-US3_5,Karat: 10K,Metal Color: Rose Gold,Ring Size: US 3.5,430.00
R04,Beaded Evil Eye Stacking Ring,BAS-EE-R04-10KR-US4,Karat: 10K,Metal Color: Rose Gold,Ring Size: US 4,440.00
R04,Beaded Evil Eye Stacking Ring,BAS-EE-R04-10KR-US4_5,Karat: 10K,Metal Color: Rose Gold,Ring Size: US 4.5,450.00
R04,Beaded Evil Eye Stacking Ring,BAS-EE-R04-10KR-US5,Karat: 10K,Metal Color: Rose Gold,Ring Size: US 5,460.00
R04,Beaded Evil Eye Stacking Ring,BAS-EE-R04-10KR-US5_5,Karat: 10K,Metal Color: Rose Gold,Ring Size: US 5.5,470.00
R04,Beaded Evil Eye Stacking Ring,BAS-EE-R04-10KR-US6,Karat: 10K,Metal Color: Rose Gold,Ring Size: US 6,480.00
R04,Beaded Evil Eye Stacking Ring,BAS-EE-R04-10KR-US6_5,Karat: 10K,Metal Color: Rose Gold,Ring Size: US 6.5,490.00
R04,Beaded Evil Eye Stacking Ring,BAS-EE-R04-10KR-US7,Karat: 10K,Metal Color: Rose Gold,Ring Size: US 7,500.00
R04,Beaded Evil Eye Stacking Ring,BAS-EE-R04-10KR-US7_5,Karat: 10K,Metal Color: Rose Gold,Ring Size: US 7.5,510.00
R04,Beaded Evil Eye Stacking Ring,BAS-EE-R04-10KR-US8,Karat: 10K,Metal Color: Rose Gold,Ring Size: US 8,520.00
R04,Beaded Evil Eye Stacking Ring,BAS-EE-R04-10KR-US8_5,Karat: 10K,Metal Color: Rose Gold,Ring Size: US 8.5,530.00
R04,Beaded Evil Eye Stacking Ring,BAS-EE-R04-10KR-US9,Karat: 10K,Metal Color: Rose Gold,Ring Size: US 9,540.00
R04,Beaded Evil Eye Stacking Ring,BAS-EE-R04-10KR-US9_5,Karat: 10K,Metal Color: Rose Gold,Ring Size: US 9.5,550.00
R04,Beaded Evil Eye Stacking Ring,BAS-EE-R04-10KR-US10,Karat: 10K,Metal Color: Rose Gold,Ring Size: US 10,560.00
R04,Beaded Evil Eye Stacking Ring,BAS-EE-R04-10KR-US10_5,Karat: 10K,Metal Color: Rose Gold,Ring Size: US 10.5,580.00
R04,Beaded Evil Eye Stacking Ring,BAS-EE-R04-10KR-US11,Karat: 10K,Metal Color: Rose Gold,Ring Size: US 11,590.00
R04,Beaded Evil Eye Stacking Ring,BAS-EE-R04-10KR-US11_5,Karat: 10K,Metal Color: Rose Gold,Ring Size: US 11.5,600.00
R04,Beaded Evil Eye Stacking Ring,BAS-EE-R04-10KR-US12,Karat: 10K,Metal Color: Rose Gold,Ring Size: US 12,610.00
R04,Beaded Evil Eye Stacking Ring,BAS-EE-R04-10KR-US12_5,Karat: 10K,Metal Color: Rose Gold,Ring Size: US 12.5,620.00
R04,Beaded Evil Eye Stacking Ring,BAS-EE-R04-10KR-US13,Karat: 10K,Metal Color: Rose Gold,Ring Size: US 13,630.00
R04,Beaded Evil Eye Stacking Ring,BAS-EE-R04-10KR-US13_5,Karat: 10K,Metal Color: Rose Gold,Ring Size: US 13.5,640.00
R04,Beaded Evil Eye Stacking Ring,BAS-EE-R04-10KR-US14,Karat: 10K,Metal Color: Rose Gold,Ring Size: US 14,650.00
R04,Beaded Evil Eye Stacking Ring,BAS-EE-R04-10KR-US14_5,Karat: 10K,Metal Color: Rose Gold,Ring Size: US 14.5,660.00
R04,Beaded Evil Eye Stacking Ring,BAS-EE-R04-10KR-US15,Karat: 10K,Metal Color: Rose Gold,Ring Size: US 15,670.00
R04,Beaded Evil Eye Stacking Ring,BAS-EE-R04-10KR-US15_5,Karat: 10K,Metal Color: Rose Gold,Ring Size: US 15.5,680.00
R04,Beaded Evil Eye Stacking Ring,BAS-EE-R04-10KR-US16,Karat: 10K,Metal Color: Rose Gold,Ring Size: US 16,690.00
R04,Beaded Evil Eye Stacking Ring,BAS-EE-R04-14KY-US3,Karat: 14K,Metal Color: Yellow Gold,Ring Size: US 3,600.00
R04,Beaded Evil Eye Stacking Ring,BAS-EE-R04-14KY-US3_5,Karat: 14K,Metal Color: Yellow Gold,Ring Size: US 3.5,610.00
R04,Beaded Evil Eye Stacking Ring,BAS-EE-R04-14KY-US4,Karat: 14K,Metal Color: Yellow Gold,Ring Size: US 4,630.00
R04,Beaded Evil Eye Stacking Ring,BAS-EE-R04-14KY-US4_5,Karat: 14K,Metal Color: Yellow Gold,Ring Size: US 4.5,650.00
R04,Beaded Evil Eye Stacking Ring,BAS-EE-R04-14KY-US5,Karat: 14K,Metal Color: Yellow Gold,Ring Size: US 5,660.00
R04,Beaded Evil Eye Stacking Ring,BAS-EE-R04-14KY-US5_5,Karat: 14K,Metal Color: Yellow Gold,Ring Size: US 5.5,680.00
R04,Beaded Evil Eye Stacking Ring,BAS-EE-R04-14KY-US6,Karat: 14K,Metal Color: Yellow Gold,Ring Size: US 6,690.00
R04,Beaded Evil Eye Stacking Ring,BAS-EE-R04-14KY-US6_5,Karat: 14K,Metal Color: Yellow Gold,Ring Size: US 6.5,710.00
R04,Beaded Evil Eye Stacking Ring,BAS-EE-R04-14KY-US7,Karat: 14K,Metal Color: Yellow Gold,Ring Size: US 7,720.00
R04,Beaded Evil Eye Stacking Ring,BAS-EE-R04-14KY-US7_5,Karat: 14K,Metal Color: Yellow Gold,Ring Size: US 7.5,740.00
R04,Beaded Evil Eye Stacking Ring,BAS-EE-R04-14KY-US8,Karat: 14K,Metal Color: Yellow Gold,Ring Size: US 8,750.00
R04,Beaded Evil Eye Stacking Ring,BAS-EE-R04-14KY-US8_5,Karat: 14K,Metal Color: Yellow Gold,Ring Size: US 8.5,770.00
R04,Beaded Evil Eye Stacking Ring,BAS-EE-R04-14KY-US9,Karat: 14K,Metal Color: Yellow Gold,Ring Size: US 9,780.00
R04,Beaded Evil Eye Stacking Ring,BAS-EE-R04-14KY-US9_5,Karat: 14K,Metal Color: Yellow Gold,Ring Size: US 9.5,800.00
R04,Beaded Evil Eye Stacking Ring,BAS-EE-R04-14KY-US10,Karat: 14K,Metal Color: Yellow Gold,Ring Size: US 10,820.00
R04,Beaded Evil Eye Stacking Ring,BAS-EE-R04-14KY-US10_5,Karat: 14K,Metal Color: Yellow Gold,Ring Size: US 10.5,830.00
R04,Beaded Evil Eye Stacking Ring,BAS-EE-R04-14KY-US11,Karat: 14K,Metal Color: Yellow Gold,Ring Size: US 11,850.00
R04,Beaded Evil Eye Stacking Ring,BAS-EE-R04-14KY-US11_5,Karat: 14K,Metal Color: Yellow Gold,Ring Size: US 11.5,860.00
R04,Beaded Evil Eye Stacking Ring,BAS-EE-R04-14KY-US12,Karat: 14K,Metal Color: Yellow Gold,Ring Size: US 12,880.00
R04,Beaded Evil Eye Stacking Ring,BAS-EE-R04-14KY-US12_5,Karat: 14K,Metal Color: Yellow Gold,Ring Size: US 12.5,890.00
R04,Beaded Evil Eye Stacking Ring,BAS-EE-R04-14KY-US13,Karat: 14K,Metal Color: Yellow Gold,Ring Size: US 13,910.00
R04,Beaded Evil Eye Stacking Ring,BAS-EE-R04-14KY-US13_5,Karat: 14K,Metal Color: Yellow Gold,Ring Size: US 13.5,920.00
R04,Beaded Evil Eye Stacking Ring,BAS-EE-R04-14KY-US14,Karat: 14K,Metal Color: Yellow Gold,Ring Size: US 14,940.00
R04,Beaded Evil Eye Stacking Ring,BAS-EE-R04-14KY-US14_5,Karat: 14K,Metal Color: Yellow Gold,Ring Size: US 14.5,950.00
R04,Beaded Evil Eye Stacking Ring,BAS-EE-R04-14KY-US15,Karat: 14K,Metal Color: Yellow Gold,Ring Size: US 15,970.00
R04,Beaded Evil Eye Stacking Ring,BAS-EE-R04-14KY-US15_5,Karat: 14K,Metal Color: Yellow Gold,Ring Size: US 15.5,990.00
R04,Beaded Evil Eye Stacking Ring,BAS-EE-R04-14KY-US16,Karat: 14K,Metal Color: Yellow Gold,Ring Size: US 16,1000.00
R04,Beaded Evil Eye Stacking Ring,BAS-EE-R04-14KW-US3,Karat: 14K,Metal Color: White Gold,Ring Size: US 3,600.00
R04,Beaded Evil Eye Stacking Ring,BAS-EE-R04-14KW-US3_5,Karat: 14K,Metal Color: White Gold,Ring Size: US 3.5,610.00
R04,Beaded Evil Eye Stacking Ring,BAS-EE-R04-14KW-US4,Karat: 14K,Metal Color: White Gold,Ring Size: US 4,630.00
R04,Beaded Evil Eye Stacking Ring,BAS-EE-R04-14KW-US4_5,Karat: 14K,Metal Color: White Gold,Ring Size: US 4.5,650.00
R04,Beaded Evil Eye Stacking Ring,BAS-EE-R04-14KW-US5,Karat: 14K,Metal Color: White Gold,Ring Size: US 5,660.00
R04,Beaded Evil Eye Stacking Ring,BAS-EE-R04-14KW-US5_5,Karat: 14K,Metal Color: White Gold,Ring Size: US 5.5,680.00
R04,Beaded Evil Eye Stacking Ring,BAS-EE-R04-14KW-US6,Karat: 14K,Metal Color: White Gold,Ring Size: US 6,690.00
R04,Beaded Evil Eye Stacking Ring,BAS-EE-R04-14KW-US6_5,Karat: 14K,Metal Color: White Gold,Ring Size: US 6.5,710.00
R04,Beaded Evil Eye Stacking Ring,BAS-EE-R04-14KW-US7,Karat: 14K,Metal Color: White Gold,Ring Size: US 7,720.00
R04,Beaded Evil Eye Stacking Ring,BAS-EE-R04-14KW-US7_5,Karat: 14K,Metal Color: White Gold,Ring Size: US 7.5,740.00
R04,Beaded Evil Eye Stacking Ring,BAS-EE-R04-14KW-US8,Karat: 14K,Metal Color: White Gold,Ring Size: US 8,750.00
R04,Beaded Evil Eye Stacking Ring,BAS-EE-R04-14KW-US8_5,Karat: 14K,Metal Color: White Gold,Ring Size: US 8.5,770.00
R04,Beaded Evil Eye Stacking Ring,BAS-EE-R04-14KW-US9,Karat: 14K,Metal Color: White Gold,Ring Size: US 9,780.00
R04,Beaded Evil Eye Stacking Ring,BAS-EE-R04-14KW-US9_5,Karat: 14K,Metal Color: White Gold,Ring Size: US 9.5,800.00
R04,Beaded Evil Eye Stacking Ring,BAS-EE-R04-14KW-US10,Karat: 14K,Metal Color: White Gold,Ring Size: US 10,820.00
R04,Beaded Evil Eye Stacking Ring,BAS-EE-R04-14KW-US10_5,Karat: 14K,Metal Color: White Gold,Ring Size: US 10.5,830.00
R04,Beaded Evil Eye Stacking Ring,BAS-EE-R04-14KW-US11,Karat: 14K,Metal Color: White Gold,Ring Size: US 11,850.00
R04,Beaded Evil Eye Stacking Ring,BAS-EE-R04-14KW-US11_5,Karat: 14K,Metal Color: White Gold,Ring Size: US 11.5,860.00
R04,Beaded Evil Eye Stacking Ring,BAS-EE-R04-14KW-US12,Karat: 14K,Metal Color: White Gold,Ring Size: US 12,880.00
R04,Beaded Evil Eye Stacking Ring,BAS-EE-R04-14KW-US12_5,Karat: 14K,Metal Color: White Gold,Ring Size: US 12.5,890.00
R04,Beaded Evil Eye Stacking Ring,BAS-EE-R04-14KW-US13,Karat: 14K,Metal Color: White Gold,Ring Size: US 13,910.00
R04,Beaded Evil Eye Stacking Ring,BAS-EE-R04-14KW-US13_5,Karat: 14K,Metal Color: White Gold,Ring Size: US 13.5,920.00
R04,Beaded Evil Eye Stacking Ring,BAS-EE-R04-14KW-US14,Karat: 14K,Metal Color: White Gold,Ring Size: US 14,940.00
R04,Beaded Evil Eye Stacking Ring,BAS-EE-R04-14KW-US14_5,Karat: 14K,Metal Color: White Gold,Ring Size: US 14.5,950.00
R04,Beaded Evil Eye Stacking Ring,BAS-EE-R04-14KW-US15,Karat: 14K,Metal Color: White Gold,Ring Size: US 15,970.00
R04,Beaded Evil Eye Stacking Ring,BAS-EE-R04-14KW-US15_5,Karat: 14K,Metal Color: White Gold,Ring Size: US 15.5,990.00
R04,Beaded Evil Eye Stacking Ring,BAS-EE-R04-14KW-US16,Karat: 14K,Metal Color: White Gold,Ring Size: US 16,1000.00
R04,Beaded Evil Eye Stacking Ring,BAS-EE-R04-14KR-US3,Karat: 14K,Metal Color: Rose Gold,Ring Size: US 3,600.00
R04,Beaded Evil Eye Stacking Ring,BAS-EE-R04-14KR-US3_5,Karat: 14K,Metal Color: Rose Gold,Ring Size: US 3.5,610.00
R04,Beaded Evil Eye Stacking Ring,BAS-EE-R04-14KR-US4,Karat: 14K,Metal Color: Rose Gold,Ring Size: US 4,630.00
R04,Beaded Evil Eye Stacking Ring,BAS-EE-R04-14KR-US4_5,Karat: 14K,Metal Color: Rose Gold,Ring Size: US 4.5,650.00
R04,Beaded Evil Eye Stacking Ring,BAS-EE-R04-14KR-US5,Karat: 14K,Metal Color: Rose Gold,Ring Size: US 5,660.00
R04,Beaded Evil Eye Stacking Ring,BAS-EE-R04-14KR-US5_5,Karat: 14K,Metal Color: Rose Gold,Ring Size: US 5.5,680.00
R04,Beaded Evil Eye Stacking Ring,BAS-EE-R04-14KR-US6,Karat: 14K,Metal Color: Rose Gold,Ring Size: US 6,690.00
R04,Beaded Evil Eye Stacking Ring,BAS-EE-R04-14KR-US6_5,Karat: 14K,Metal Color: Rose Gold,Ring Size: US 6.5,710.00
R04,Beaded Evil Eye Stacking Ring,BAS-EE-R04-14KR-US7,Karat: 14K,Metal Color: Rose Gold,Ring Size: US 7,720.00
R04,Beaded Evil Eye Stacking Ring,BAS-EE-R04-14KR-US7_5,Karat: 14K,Metal Color: Rose Gold,Ring Size: US 7.5,740.00
R04,Beaded Evil Eye Stacking Ring,BAS-EE-R04-14KR-US8,Karat: 14K,Metal Color: Rose Gold,Ring Size: US 8,750.00
R04,Beaded Evil Eye Stacking Ring,BAS-EE-R04-14KR-US8_5,Karat: 14K,Metal Color: Rose Gold,Ring Size: US 8.5,770.00
R04,Beaded Evil Eye Stacking Ring,BAS-EE-R04-14KR-US9,Karat: 14K,Metal Color: Rose Gold,Ring Size: US 9,780.00
R04,Beaded Evil Eye Stacking Ring,BAS-EE-R04-14KR-US9_5,Karat: 14K,Metal Color: Rose Gold,Ring Size: US 9.5,800.00
R04,Beaded Evil Eye Stacking Ring,BAS-EE-R04-14KR-US10,Karat: 14K,Metal Color: Rose Gold,Ring Size: US 10,820.00
R04,Beaded Evil Eye Stacking Ring,BAS-EE-R04-14KR-US10_5,Karat: 14K,Metal Color: Rose Gold,Ring Size: US 10.5,830.00
R04,Beaded Evil Eye Stacking Ring,BAS-EE-R04-14KR-US11,Karat: 14K,Metal Color: Rose Gold,Ring Size: US 11,850.00
R04,Beaded Evil Eye Stacking Ring,BAS-EE-R04-14KR-US11_5,Karat: 14K,Metal Color: Rose Gold,Ring Size: US 11.5,860.00
R04,Beaded Evil Eye Stacking Ring,BAS-EE-R04-14KR-US12,Karat: 14K,Metal Color: Rose Gold,Ring Size: US 12,880.00
R04,Beaded Evil Eye Stacking Ring,BAS-EE-R04-14KR-US12_5,Karat: 14K,Metal Color: Rose Gold,Ring Size: US 12.5,890.00
R04,Beaded Evil Eye Stacking Ring,BAS-EE-R04-14KR-US13,Karat: 14K,Metal Color: Rose Gold,Ring Size: US 13,910.00
R04,Beaded Evil Eye Stacking Ring,BAS-EE-R04-14KR-US13_5,Karat: 14K,Metal Color: Rose Gold,Ring Size: US 13.5,920.00
R04,Beaded Evil Eye Stacking Ring,BAS-EE-R04-14KR-US14,Karat: 14K,Metal Color: Rose Gold,Ring Size: US 14,940.00
R04,Beaded Evil Eye Stacking Ring,BAS-EE-R04-14KR-US14_5,Karat: 14K,Metal Color: Rose Gold,Ring Size: US 14.5,950.00
R04,Beaded Evil Eye Stacking Ring,BAS-EE-R04-14KR-US15,Karat: 14K,Metal Color: Rose Gold,Ring Size: US 15,970.00
R04,Beaded Evil Eye Stacking Ring,BAS-EE-R04-14KR-US15_5,Karat: 14K,Metal Color: Rose Gold,Ring Size: US 15.5,990.00
R04,Beaded Evil Eye Stacking Ring,BAS-EE-R04-14KR-US16,Karat: 14K,Metal Color: Rose Gold,Ring Size: US 16,1000.00
R04,Beaded Evil Eye Stacking Ring,BAS-EE-R04-18KY-US3,Karat: 18K,Metal Color: Yellow Gold,Ring Size: US 3,830.00
R04,Beaded Evil Eye Stacking Ring,BAS-EE-R04-18KY-US3_5,Karat: 18K,Metal Color: Yellow Gold,Ring Size: US 3.5,850.00
R04,Beaded Evil Eye Stacking Ring,BAS-EE-R04-18KY-US4,Karat: 18K,Metal Color: Yellow Gold,Ring Size: US 4,870.00
R04,Beaded Evil Eye Stacking Ring,BAS-EE-R04-18KY-US4_5,Karat: 18K,Metal Color: Yellow Gold,Ring Size: US 4.5,890.00
R04,Beaded Evil Eye Stacking Ring,BAS-EE-R04-18KY-US5,Karat: 18K,Metal Color: Yellow Gold,Ring Size: US 5,920.00
R04,Beaded Evil Eye Stacking Ring,BAS-EE-R04-18KY-US5_5,Karat: 18K,Metal Color: Yellow Gold,Ring Size: US 5.5,940.00
R04,Beaded Evil Eye Stacking Ring,BAS-EE-R04-18KY-US6,Karat: 18K,Metal Color: Yellow Gold,Ring Size: US 6,960.00
R04,Beaded Evil Eye Stacking Ring,BAS-EE-R04-18KY-US6_5,Karat: 18K,Metal Color: Yellow Gold,Ring Size: US 6.5,980.00
R04,Beaded Evil Eye Stacking Ring,BAS-EE-R04-18KY-US7,Karat: 18K,Metal Color: Yellow Gold,Ring Size: US 7,1000.00
R04,Beaded Evil Eye Stacking Ring,BAS-EE-R04-18KY-US7_5,Karat: 18K,Metal Color: Yellow Gold,Ring Size: US 7.5,1020.00
R04,Beaded Evil Eye Stacking Ring,BAS-EE-R04-18KY-US8,Karat: 18K,Metal Color: Yellow Gold,Ring Size: US 8,1050.00
R04,Beaded Evil Eye Stacking Ring,BAS-EE-R04-18KY-US8_5,Karat: 18K,Metal Color: Yellow Gold,Ring Size: US 8.5,1070.00
R04,Beaded Evil Eye Stacking Ring,BAS-EE-R04-18KY-US9,Karat: 18K,Metal Color: Yellow Gold,Ring Size: US 9,1090.00
R04,Beaded Evil Eye Stacking Ring,BAS-EE-R04-18KY-US9_5,Karat: 18K,Metal Color: Yellow Gold,Ring Size: US 9.5,1110.00
R04,Beaded Evil Eye Stacking Ring,BAS-EE-R04-18KY-US10,Karat: 18K,Metal Color: Yellow Gold,Ring Size: US 10,1130.00
R04,Beaded Evil Eye Stacking Ring,BAS-EE-R04-18KY-US10_5,Karat: 18K,Metal Color: Yellow Gold,Ring Size: US 10.5,1150.00
R04,Beaded Evil Eye Stacking Ring,BAS-EE-R04-18KY-US11,Karat: 18K,Metal Color: Yellow Gold,Ring Size: US 11,1170.00
R04,Beaded Evil Eye Stacking Ring,BAS-EE-R04-18KY-US11_5,Karat: 18K,Metal Color: Yellow Gold,Ring Size: US 11.5,1200.00
R04,Beaded Evil Eye Stacking Ring,BAS-EE-R04-18KY-US12,Karat: 18K,Metal Color: Yellow Gold,Ring Size: US 12,1220.00
R04,Beaded Evil Eye Stacking Ring,BAS-EE-R04-18KY-US12_5,Karat: 18K,Metal Color: Yellow Gold,Ring Size: US 12.5,1240.00
R04,Beaded Evil Eye Stacking Ring,BAS-EE-R04-18KY-US13,Karat: 18K,Metal Color: Yellow Gold,Ring Size: US 13,1260.00
R04,Beaded Evil Eye Stacking Ring,BAS-EE-R04-18KY-US13_5,Karat: 18K,Metal Color: Yellow Gold,Ring Size: US 13.5,1280.00
R04,Beaded Evil Eye Stacking Ring,BAS-EE-R04-18KY-US14,Karat: 18K,Metal Color: Yellow Gold,Ring Size: US 14,1300.00
R04,Beaded Evil Eye Stacking Ring,BAS-EE-R04-18KY-US14_5,Karat: 18K,Metal Color: Yellow Gold,Ring Size: US 14.5,1320.00
R04,Beaded Evil Eye Stacking Ring,BAS-EE-R04-18KY-US15,Karat: 18K,Metal Color: Yellow Gold,Ring Size: US 15,1350.00
R04,Beaded Evil Eye Stacking Ring,BAS-EE-R04-18KY-US15_5,Karat: 18K,Metal Color: Yellow Gold,Ring Size: US 15.5,1370.00
R04,Beaded Evil Eye Stacking Ring,BAS-EE-R04-18KY-US16,Karat: 18K,Metal Color: Yellow Gold,Ring Size: US 16,1390.00
R04,Beaded Evil Eye Stacking Ring,BAS-EE-R04-18KW-US3,Karat: 18K,Metal Color: White Gold,Ring Size: US 3,830.00
R04,Beaded Evil Eye Stacking Ring,BAS-EE-R04-18KW-US3_5,Karat: 18K,Metal Color: White Gold,Ring Size: US 3.5,850.00
R04,Beaded Evil Eye Stacking Ring,BAS-EE-R04-18KW-US4,Karat: 18K,Metal Color: White Gold,Ring Size: US 4,870.00
R04,Beaded Evil Eye Stacking Ring,BAS-EE-R04-18KW-US4_5,Karat: 18K,Metal Color: White Gold,Ring Size: US 4.5,890.00
R04,Beaded Evil Eye Stacking Ring,BAS-EE-R04-18KW-US5,Karat: 18K,Metal Color: White Gold,Ring Size: US 5,920.00
R04,Beaded Evil Eye Stacking Ring,BAS-EE-R04-18KW-US5_5,Karat: 18K,Metal Color: White Gold,Ring Size: US 5.5,940.00
R04,Beaded Evil Eye Stacking Ring,BAS-EE-R04-18KW-US6,Karat: 18K,Metal Color: White Gold,Ring Size: US 6,960.00
R04,Beaded Evil Eye Stacking Ring,BAS-EE-R04-18KW-US6_5,Karat: 18K,Metal Color: White Gold,Ring Size: US 6.5,980.00
R04,Beaded Evil Eye Stacking Ring,BAS-EE-R04-18KW-US7,Karat: 18K,Metal Color: White Gold,Ring Size: US 7,1000.00
R04,Beaded Evil Eye Stacking Ring,BAS-EE-R04-18KW-US7_5,Karat: 18K,Metal Color: White Gold,Ring Size: US 7.5,1020.00
R04,Beaded Evil Eye Stacking Ring,BAS-EE-R04-18KW-US8,Karat: 18K,Metal Color: White Gold,Ring Size: US 8,1050.00
R04,Beaded Evil Eye Stacking Ring,BAS-EE-R04-18KW-US8_5,Karat: 18K,Metal Color: White Gold,Ring Size: US 8.5,1070.00
R04,Beaded Evil Eye Stacking Ring,BAS-EE-R04-18KW-US9,Karat: 18K,Metal Color: White Gold,Ring Size: US 9,1090.00
R04,Beaded Evil Eye Stacking Ring,BAS-EE-R04-18KW-US9_5,Karat: 18K,Metal Color: White Gold,Ring Size: US 9.5,1110.00
R04,Beaded Evil Eye Stacking Ring,BAS-EE-R04-18KW-US10,Karat: 18K,Metal Color: White Gold,Ring Size: US 10,1130.00
R04,Beaded Evil Eye Stacking Ring,BAS-EE-R04-18KW-US10_5,Karat: 18K,Metal Color: White Gold,Ring Size: US 10.5,1150.00
R04,Beaded Evil Eye Stacking Ring,BAS-EE-R04-18KW-US11,Karat: 18K,Metal Color: White Gold,Ring Size: US 11,1170.00
R04,Beaded Evil Eye Stacking Ring,BAS-EE-R04-18KW-US11_5,Karat: 18K,Metal Color: White Gold,Ring Size: US 11.5,1200.00
R04,Beaded Evil Eye Stacking Ring,BAS-EE-R04-18KW-US12,Karat: 18K,Metal Color: White Gold,Ring Size: US 12,1220.00
R04,Beaded Evil Eye Stacking Ring,BAS-EE-R04-18KW-US12_5,Karat: 18K,Metal Color: White Gold,Ring Size: US 12.5,1240.00
R04,Beaded Evil Eye Stacking Ring,BAS-EE-R04-18KW-US13,Karat: 18K,Metal Color: White Gold,Ring Size: US 13,1260.00
R04,Beaded Evil Eye Stacking Ring,BAS-EE-R04-18KW-US13_5,Karat: 18K,Metal Color: White Gold,Ring Size: US 13.5,1280.00
R04,Beaded Evil Eye Stacking Ring,BAS-EE-R04-18KW-US14,Karat: 18K,Metal Color: White Gold,Ring Size: US 14,1300.00
R04,Beaded Evil Eye Stacking Ring,BAS-EE-R04-18KW-US14_5,Karat: 18K,Metal Color: White Gold,Ring Size: US 14.5,1320.00
R04,Beaded Evil Eye Stacking Ring,BAS-EE-R04-18KW-US15,Karat: 18K,Metal Color: White Gold,Ring Size: US 15,1350.00
R04,Beaded Evil Eye Stacking Ring,BAS-EE-R04-18KW-US15_5,Karat: 18K,Metal Color: White Gold,Ring Size: US 15.5,1370.00
R04,Beaded Evil Eye Stacking Ring,BAS-EE-R04-18KW-US16,Karat: 18K,Metal Color: White Gold,Ring Size: US 16,1390.00
R04,Beaded Evil Eye Stacking Ring,BAS-EE-R04-18KR-US3,Karat: 18K,Metal Color: Rose Gold,Ring Size: US 3,830.00
R04,Beaded Evil Eye Stacking Ring,BAS-EE-R04-18KR-US3_5,Karat: 18K,Metal Color: Rose Gold,Ring Size: US 3.5,850.00
R04,Beaded Evil Eye Stacking Ring,BAS-EE-R04-18KR-US4,Karat: 18K,Metal Color: Rose Gold,Ring Size: US 4,870.00
R04,Beaded Evil Eye Stacking Ring,BAS-EE-R04-18KR-US4_5,Karat: 18K,Metal Color: Rose Gold,Ring Size: US 4.5,890.00
R04,Beaded Evil Eye Stacking Ring,BAS-EE-R04-18KR-US5,Karat: 18K,Metal Color: Rose Gold,Ring Size: US 5,920.00
R04,Beaded Evil Eye Stacking Ring,BAS-EE-R04-18KR-US5_5,Karat: 18K,Metal Color: Rose Gold,Ring Size: US 5.5,940.00
R04,Beaded Evil Eye Stacking Ring,BAS-EE-R04-18KR-US6,Karat: 18K,Metal Color: Rose Gold,Ring Size: US 6,960.00
R04,Beaded Evil Eye Stacking Ring,BAS-EE-R04-18KR-US6_5,Karat: 18K,Metal Color: Rose Gold,Ring Size: US 6.5,980.00
R04,Beaded Evil Eye Stacking Ring,BAS-EE-R04-18KR-US7,Karat: 18K,Metal Color: Rose Gold,Ring Size: US 7,1000.00
R04,Beaded Evil Eye Stacking Ring,BAS-EE-R04-18KR-US7_5,Karat: 18K,Metal Color: Rose Gold,Ring Size: US 7.5,1020.00
R04,Beaded Evil Eye Stacking Ring,BAS-EE-R04-18KR-US8,Karat: 18K,Metal Color: Rose Gold,Ring Size: US 8,1050.00
R04,Beaded Evil Eye Stacking Ring,BAS-EE-R04-18KR-US8_5,Karat: 18K,Metal Color: Rose Gold,Ring Size: US 8.5,1070.00
R04,Beaded Evil Eye Stacking Ring,BAS-EE-R04-18KR-US9,Karat: 18K,Metal Color: Rose Gold,Ring Size: US 9,1090.00
R04,Beaded Evil Eye Stacking Ring,BAS-EE-R04-18KR-US9_5,Karat: 18K,Metal Color: Rose Gold,Ring Size: US 9.5,1110.00
R04,Beaded Evil Eye Stacking Ring,BAS-EE-R04-18KR-US10,Karat: 18K,Metal Color: Rose Gold,Ring Size: US 10,1130.00
R04,Beaded Evil Eye Stacking Ring,BAS-EE-R04-18KR-US10_5,Karat: 18K,Metal Color: Rose Gold,Ring Size: US 10.5,1150.00
R04,Beaded Evil Eye Stacking Ring,BAS-EE-R04-18KR-US11,Karat: 18K,Metal Color: Rose Gold,Ring Size: US 11,1170.00
R04,Beaded Evil Eye Stacking Ring,BAS-EE-R04-18KR-US11_5,Karat: 18K,Metal Color: Rose Gold,Ring Size: US 11.5,1200.00
R04,Beaded Evil Eye Stacking Ring,BAS-EE-R04-18KR-US12,Karat: 18K,Metal Color: Rose Gold,Ring Size: US 12,1220.00
R04,Beaded Evil Eye Stacking Ring,BAS-EE-R04-18KR-US12_5,Karat: 18K,Metal Color: Rose Gold,Ring Size: US 12.5,1240.00
R04,Beaded Evil Eye Stacking Ring,BAS-EE-R04-18KR-US13,Karat: 18K,Metal Color: Rose Gold,Ring Size: US 13,1260.00
R04,Beaded Evil Eye Stacking Ring,BAS-EE-R04-18KR-US13_5,Karat: 18K,Metal Color: Rose Gold,Ring Size: US 13.5,1280.00
R04,Beaded Evil Eye Stacking Ring,BAS-EE-R04-18KR-US14,Karat: 18K,Metal Color: Rose Gold,Ring Size: US 14,1300.00
R04,Beaded Evil Eye Stacking Ring,BAS-EE-R04-18KR-US14_5,Karat: 18K,Metal Color: Rose Gold,Ring Size: US 14.5,1320.00
R04,Beaded Evil Eye Stacking Ring,BAS-EE-R04-18KR-US15,Karat: 18K,Metal Color: Rose Gold,Ring Size: US 15,1350.00
R04,Beaded Evil Eye Stacking Ring,BAS-EE-R04-18KR-US15_5,Karat: 18K,Metal Color: Rose Gold,Ring Size: US 15.5,1370.00
R04,Beaded Evil Eye Stacking Ring,BAS-EE-R04-18KR-US16,Karat: 18K,Metal Color: Rose Gold,Ring Size: US 16,1390.00
N04,Evil Eye Bead Station Necklace,BAS-EE-N04-10KY-16IN,Karat: 10K,Metal Color: Yellow Gold,Chain Length: 16 inches,780.00
N04,Evil Eye Bead Station Necklace,BAS-EE-N04-10KY-18IN,Karat: 10K,Metal Color: Yellow Gold,Chain Length: 18 inches,800.00
N04,Evil Eye Bead Station Necklace,BAS-EE-N04-10KY-20IN,Karat: 10K,Metal Color: Yellow Gold,Chain Length: 20 inches,820.00
N04,Evil Eye Bead Station Necklace,BAS-EE-N04-10KW-16IN,Karat: 10K,Metal Color: White Gold,Chain Length: 16 inches,780.00
N04,Evil Eye Bead Station Necklace,BAS-EE-N04-10KW-18IN,Karat: 10K,Metal Color: White Gold,Chain Length: 18 inches,800.00
N04,Evil Eye Bead Station Necklace,BAS-EE-N04-10KW-20IN,Karat: 10K,Metal Color: White Gold,Chain Length: 20 inches,820.00
N04,Evil Eye Bead Station Necklace,BAS-EE-N04-10KR-16IN,Karat: 10K,Metal Color: Rose Gold,Chain Length: 16 inches,780.00
N04,Evil Eye Bead Station Necklace,BAS-EE-N04-10KR-18IN,Karat: 10K,Metal Color: Rose Gold,Chain Length: 18 inches,800.00
N04,Evil Eye Bead Station Necklace,BAS-EE-N04-10KR-20IN,Karat: 10K,Metal Color: Rose Gold,Chain Length: 20 inches,820.00
N04,Evil Eye Bead Station Necklace,BAS-EE-N04-14KY-16IN,Karat: 14K,Metal Color: Yellow Gold,Chain Length: 16 inches,1040.00
N04,Evil Eye Bead Station Necklace,BAS-EE-N04-14KY-18IN,Karat: 14K,Metal Color: Yellow Gold,Chain Length: 18 inches,1060.00
N04,Evil Eye Bead Station Necklace,BAS-EE-N04-14KY-20IN,Karat: 14K,Metal Color: Yellow Gold,Chain Length: 20 inches,1090.00
N04,Evil Eye Bead Station Necklace,BAS-EE-N04-14KW-16IN,Karat: 14K,Metal Color: White Gold,Chain Length: 16 inches,1040.00
N04,Evil Eye Bead Station Necklace,BAS-EE-N04-14KW-18IN,Karat: 14K,Metal Color: White Gold,Chain Length: 18 inches,1060.00
N04,Evil Eye Bead Station Necklace,BAS-EE-N04-14KW-20IN,Karat: 14K,Metal Color: White Gold,Chain Length: 20 inches,1090.00
N04,Evil Eye Bead Station Necklace,BAS-EE-N04-14KR-16IN,Karat: 14K,Metal Color: Rose Gold,Chain Length: 16 inches,1040.00
N04,Evil Eye Bead Station Necklace,BAS-EE-N04-14KR-18IN,Karat: 14K,Metal Color: Rose Gold,Chain Length: 18 inches,1060.00
N04,Evil Eye Bead Station Necklace,BAS-EE-N04-14KR-20IN,Karat: 14K,Metal Color: Rose Gold,Chain Length: 20 inches,1090.00
N04,Evil Eye Bead Station Necklace,BAS-EE-N04-18KY-16IN,Karat: 18K,Metal Color: Yellow Gold,Chain Length: 16 inches,1360.00
N04,Evil Eye Bead Station Necklace,BAS-EE-N04-18KY-18IN,Karat: 18K,Metal Color: Yellow Gold,Chain Length: 18 inches,1400.00
N04,Evil Eye Bead Station Necklace,BAS-EE-N04-18KY-20IN,Karat: 18K,Metal Color: Yellow Gold,Chain Length: 20 inches,1440.00
N04,Evil Eye Bead Station Necklace,BAS-EE-N04-18KW-16IN,Karat: 18K,Metal Color: White Gold,Chain Length: 16 inches,1360.00
N04,Evil Eye Bead Station Necklace,BAS-EE-N04-18KW-18IN,Karat: 18K,Metal Color: White Gold,Chain Length: 18 inches,1400.00
N04,Evil Eye Bead Station Necklace,BAS-EE-N04-18KW-20IN,Karat: 18K,Metal Color: White Gold,Chain Length: 20 inches,1440.00
N04,Evil Eye Bead Station Necklace,BAS-EE-N04-18KR-16IN,Karat: 18K,Metal Color: Rose Gold,Chain Length: 16 inches,1360.00
N04,Evil Eye Bead Station Necklace,BAS-EE-N04-18KR-18IN,Karat: 18K,Metal Color: Rose Gold,Chain Length: 18 inches,1400.00
N04,Evil Eye Bead Station Necklace,BAS-EE-N04-18KR-20IN,Karat: 18K,Metal Color: Rose Gold,Chain Length: 20 inches,1440.00
B04,Evil Eye Bead Station Bracelet,BAS-EE-B04-10KY-6_5IN,Karat: 10K,Metal Color: Yellow Gold,Bracelet Length: 6.5 inches,750.00
B04,Evil Eye Bead Station Bracelet,BAS-EE-B04-10KY-7IN,Karat: 10K,Metal Color: Yellow Gold,Bracelet Length: 7 inches,760.00
B04,Evil Eye Bead Station Bracelet,BAS-EE-B04-10KY-7_5IN,Karat: 10K,Metal Color: Yellow Gold,Bracelet Length: 7.5 inches,770.00
B04,Evil Eye Bead Station Bracelet,BAS-EE-B04-10KW-6_5IN,Karat: 10K,Metal Color: White Gold,Bracelet Length: 6.5 inches,750.00
B04,Evil Eye Bead Station Bracelet,BAS-EE-B04-10KW-7IN,Karat: 10K,Metal Color: White Gold,Bracelet Length: 7 inches,760.00
B04,Evil Eye Bead Station Bracelet,BAS-EE-B04-10KW-7_5IN,Karat: 10K,Metal Color: White Gold,Bracelet Length: 7.5 inches,770.00
B04,Evil Eye Bead Station Bracelet,BAS-EE-B04-10KR-6_5IN,Karat: 10K,Metal Color: Rose Gold,Bracelet Length: 6.5 inches,750.00
B04,Evil Eye Bead Station Bracelet,BAS-EE-B04-10KR-7IN,Karat: 10K,Metal Color: Rose Gold,Bracelet Length: 7 inches,760.00
B04,Evil Eye Bead Station Bracelet,BAS-EE-B04-10KR-7_5IN,Karat: 10K,Metal Color: Rose Gold,Bracelet Length: 7.5 inches,770.00
B04,Evil Eye Bead Station Bracelet,BAS-EE-B04-14KY-6_5IN,Karat: 14K,Metal Color: Yellow Gold,Bracelet Length: 6.5 inches,990.00
B04,Evil Eye Bead Station Bracelet,BAS-EE-B04-14KY-7IN,Karat: 14K,Metal Color: Yellow Gold,Bracelet Length: 7 inches,1000.00
B04,Evil Eye Bead Station Bracelet,BAS-EE-B04-14KY-7_5IN,Karat: 14K,Metal Color: Yellow Gold,Bracelet Length: 7.5 inches,1020.00
B04,Evil Eye Bead Station Bracelet,BAS-EE-B04-14KW-6_5IN,Karat: 14K,Metal Color: White Gold,Bracelet Length: 6.5 inches,990.00
B04,Evil Eye Bead Station Bracelet,BAS-EE-B04-14KW-7IN,Karat: 14K,Metal Color: White Gold,Bracelet Length: 7 inches,1000.00
B04,Evil Eye Bead Station Bracelet,BAS-EE-B04-14KW-7_5IN,Karat: 14K,Metal Color: White Gold,Bracelet Length: 7.5 inches,1020.00
B04,Evil Eye Bead Station Bracelet,BAS-EE-B04-14KR-6_5IN,Karat: 14K,Metal Color: Rose Gold,Bracelet Length: 6.5 inches,990.00
B04,Evil Eye Bead Station Bracelet,BAS-EE-B04-14KR-7IN,Karat: 14K,Metal Color: Rose Gold,Bracelet Length: 7 inches,1000.00
B04,Evil Eye Bead Station Bracelet,BAS-EE-B04-14KR-7_5IN,Karat: 14K,Metal Color: Rose Gold,Bracelet Length: 7.5 inches,1020.00
B04,Evil Eye Bead Station Bracelet,BAS-EE-B04-18KY-6_5IN,Karat: 18K,Metal Color: Yellow Gold,Bracelet Length: 6.5 inches,1300.00
B04,Evil Eye Bead Station Bracelet,BAS-EE-B04-18KY-7IN,Karat: 18K,Metal Color: Yellow Gold,Bracelet Length: 7 inches,1320.00
B04,Evil Eye Bead Station Bracelet,BAS-EE-B04-18KY-7_5IN,Karat: 18K,Metal Color: Yellow Gold,Bracelet Length: 7.5 inches,1340.00
B04,Evil Eye Bead Station Bracelet,BAS-EE-B04-18KW-6_5IN,Karat: 18K,Metal Color: White Gold,Bracelet Length: 6.5 inches,1300.00
B04,Evil Eye Bead Station Bracelet,BAS-EE-B04-18KW-7IN,Karat: 18K,Metal Color: White Gold,Bracelet Length: 7 inches,1320.00
B04,Evil Eye Bead Station Bracelet,BAS-EE-B04-18KW-7_5IN,Karat: 18K,Metal Color: White Gold,Bracelet Length: 7.5 inches,1340.00
B04,Evil Eye Bead Station Bracelet,BAS-EE-B04-18KR-6_5IN,Karat: 18K,Metal Color: Rose Gold,Bracelet Length: 6.5 inches,1300.00
B04,Evil Eye Bead Station Bracelet,BAS-EE-B04-18KR-7IN,Karat: 18K,Metal Color: Rose Gold,Bracelet Length: 7 inches,1320.00
B04,Evil Eye Bead Station Bracelet,BAS-EE-B04-18KR-7_5IN,Karat: 18K,Metal Color: Rose Gold,Bracelet Length: 7.5 inches,1340.00
R05,Hexagon Tile Evil Eye Ring,BAS-EE-R05-10KY-US3,Karat: 10K,Metal Color: Yellow Gold,Ring Size: US 3,420.00
R05,Hexagon Tile Evil Eye Ring,BAS-EE-R05-10KY-US3_5,Karat: 10K,Metal Color: Yellow Gold,Ring Size: US 3.5,430.00
R05,Hexagon Tile Evil Eye Ring,BAS-EE-R05-10KY-US4,Karat: 10K,Metal Color: Yellow Gold,Ring Size: US 4,440.00
R05,Hexagon Tile Evil Eye Ring,BAS-EE-R05-10KY-US4_5,Karat: 10K,Metal Color: Yellow Gold,Ring Size: US 4.5,450.00
R05,Hexagon Tile Evil Eye Ring,BAS-EE-R05-10KY-US5,Karat: 10K,Metal Color: Yellow Gold,Ring Size: US 5,460.00
R05,Hexagon Tile Evil Eye Ring,BAS-EE-R05-10KY-US5_5,Karat: 10K,Metal Color: Yellow Gold,Ring Size: US 5.5,470.00
R05,Hexagon Tile Evil Eye Ring,BAS-EE-R05-10KY-US6,Karat: 10K,Metal Color: Yellow Gold,Ring Size: US 6,480.00
R05,Hexagon Tile Evil Eye Ring,BAS-EE-R05-10KY-US6_5,Karat: 10K,Metal Color: Yellow Gold,Ring Size: US 6.5,490.00
R05,Hexagon Tile Evil Eye Ring,BAS-EE-R05-10KY-US7,Karat: 10K,Metal Color: Yellow Gold,Ring Size: US 7,500.00
R05,Hexagon Tile Evil Eye Ring,BAS-EE-R05-10KY-US7_5,Karat: 10K,Metal Color: Yellow Gold,Ring Size: US 7.5,510.00
R05,Hexagon Tile Evil Eye Ring,BAS-EE-R05-10KY-US8,Karat: 10K,Metal Color: Yellow Gold,Ring Size: US 8,520.00
R05,Hexagon Tile Evil Eye Ring,BAS-EE-R05-10KY-US8_5,Karat: 10K,Metal Color: Yellow Gold,Ring Size: US 8.5,530.00
R05,Hexagon Tile Evil Eye Ring,BAS-EE-R05-10KY-US9,Karat: 10K,Metal Color: Yellow Gold,Ring Size: US 9,540.00
R05,Hexagon Tile Evil Eye Ring,BAS-EE-R05-10KY-US9_5,Karat: 10K,Metal Color: Yellow Gold,Ring Size: US 9.5,550.00
R05,Hexagon Tile Evil Eye Ring,BAS-EE-R05-10KY-US10,Karat: 10K,Metal Color: Yellow Gold,Ring Size: US 10,560.00
R05,Hexagon Tile Evil Eye Ring,BAS-EE-R05-10KY-US10_5,Karat: 10K,Metal Color: Yellow Gold,Ring Size: US 10.5,580.00
R05,Hexagon Tile Evil Eye Ring,BAS-EE-R05-10KY-US11,Karat: 10K,Metal Color: Yellow Gold,Ring Size: US 11,590.00
R05,Hexagon Tile Evil Eye Ring,BAS-EE-R05-10KY-US11_5,Karat: 10K,Metal Color: Yellow Gold,Ring Size: US 11.5,600.00
R05,Hexagon Tile Evil Eye Ring,BAS-EE-R05-10KY-US12,Karat: 10K,Metal Color: Yellow Gold,Ring Size: US 12,610.00
R05,Hexagon Tile Evil Eye Ring,BAS-EE-R05-10KY-US12_5,Karat: 10K,Metal Color: Yellow Gold,Ring Size: US 12.5,620.00
R05,Hexagon Tile Evil Eye Ring,BAS-EE-R05-10KY-US13,Karat: 10K,Metal Color: Yellow Gold,Ring Size: US 13,630.00
R05,Hexagon Tile Evil Eye Ring,BAS-EE-R05-10KY-US13_5,Karat: 10K,Metal Color: Yellow Gold,Ring Size: US 13.5,640.00
R05,Hexagon Tile Evil Eye Ring,BAS-EE-R05-10KY-US14,Karat: 10K,Metal Color: Yellow Gold,Ring Size: US 14,650.00
R05,Hexagon Tile Evil Eye Ring,BAS-EE-R05-10KY-US14_5,Karat: 10K,Metal Color: Yellow Gold,Ring Size: US 14.5,660.00
R05,Hexagon Tile Evil Eye Ring,BAS-EE-R05-10KY-US15,Karat: 10K,Metal Color: Yellow Gold,Ring Size: US 15,670.00
R05,Hexagon Tile Evil Eye Ring,BAS-EE-R05-10KY-US15_5,Karat: 10K,Metal Color: Yellow Gold,Ring Size: US 15.5,680.00
R05,Hexagon Tile Evil Eye Ring,BAS-EE-R05-10KY-US16,Karat: 10K,Metal Color: Yellow Gold,Ring Size: US 16,690.00
R05,Hexagon Tile Evil Eye Ring,BAS-EE-R05-10KW-US3,Karat: 10K,Metal Color: White Gold,Ring Size: US 3,420.00
R05,Hexagon Tile Evil Eye Ring,BAS-EE-R05-10KW-US3_5,Karat: 10K,Metal Color: White Gold,Ring Size: US 3.5,430.00
R05,Hexagon Tile Evil Eye Ring,BAS-EE-R05-10KW-US4,Karat: 10K,Metal Color: White Gold,Ring Size: US 4,440.00
R05,Hexagon Tile Evil Eye Ring,BAS-EE-R05-10KW-US4_5,Karat: 10K,Metal Color: White Gold,Ring Size: US 4.5,450.00
R05,Hexagon Tile Evil Eye Ring,BAS-EE-R05-10KW-US5,Karat: 10K,Metal Color: White Gold,Ring Size: US 5,460.00
R05,Hexagon Tile Evil Eye Ring,BAS-EE-R05-10KW-US5_5,Karat: 10K,Metal Color: White Gold,Ring Size: US 5.5,470.00
R05,Hexagon Tile Evil Eye Ring,BAS-EE-R05-10KW-US6,Karat: 10K,Metal Color: White Gold,Ring Size: US 6,480.00
R05,Hexagon Tile Evil Eye Ring,BAS-EE-R05-10KW-US6_5,Karat: 10K,Metal Color: White Gold,Ring Size: US 6.5,490.00
R05,Hexagon Tile Evil Eye Ring,BAS-EE-R05-10KW-US7,Karat: 10K,Metal Color: White Gold,Ring Size: US 7,500.00
R05,Hexagon Tile Evil Eye Ring,BAS-EE-R05-10KW-US7_5,Karat: 10K,Metal Color: White Gold,Ring Size: US 7.5,510.00
R05,Hexagon Tile Evil Eye Ring,BAS-EE-R05-10KW-US8,Karat: 10K,Metal Color: White Gold,Ring Size: US 8,520.00
R05,Hexagon Tile Evil Eye Ring,BAS-EE-R05-10KW-US8_5,Karat: 10K,Metal Color: White Gold,Ring Size: US 8.5,530.00
R05,Hexagon Tile Evil Eye Ring,BAS-EE-R05-10KW-US9,Karat: 10K,Metal Color: White Gold,Ring Size: US 9,540.00
R05,Hexagon Tile Evil Eye Ring,BAS-EE-R05-10KW-US9_5,Karat: 10K,Metal Color: White Gold,Ring Size: US 9.5,550.00
R05,Hexagon Tile Evil Eye Ring,BAS-EE-R05-10KW-US10,Karat: 10K,Metal Color: White Gold,Ring Size: US 10,560.00
R05,Hexagon Tile Evil Eye Ring,BAS-EE-R05-10KW-US10_5,Karat: 10K,Metal Color: White Gold,Ring Size: US 10.5,580.00
R05,Hexagon Tile Evil Eye Ring,BAS-EE-R05-10KW-US11,Karat: 10K,Metal Color: White Gold,Ring Size: US 11,590.00
R05,Hexagon Tile Evil Eye Ring,BAS-EE-R05-10KW-US11_5,Karat: 10K,Metal Color: White Gold,Ring Size: US 11.5,600.00
R05,Hexagon Tile Evil Eye Ring,BAS-EE-R05-10KW-US12,Karat: 10K,Metal Color: White Gold,Ring Size: US 12,610.00
R05,Hexagon Tile Evil Eye Ring,BAS-EE-R05-10KW-US12_5,Karat: 10K,Metal Color: White Gold,Ring Size: US 12.5,620.00
R05,Hexagon Tile Evil Eye Ring,BAS-EE-R05-10KW-US13,Karat: 10K,Metal Color: White Gold,Ring Size: US 13,630.00
R05,Hexagon Tile Evil Eye Ring,BAS-EE-R05-10KW-US13_5,Karat: 10K,Metal Color: White Gold,Ring Size: US 13.5,640.00
R05,Hexagon Tile Evil Eye Ring,BAS-EE-R05-10KW-US14,Karat: 10K,Metal Color: White Gold,Ring Size: US 14,650.00
R05,Hexagon Tile Evil Eye Ring,BAS-EE-R05-10KW-US14_5,Karat: 10K,Metal Color: White Gold,Ring Size: US 14.5,660.00
R05,Hexagon Tile Evil Eye Ring,BAS-EE-R05-10KW-US15,Karat: 10K,Metal Color: White Gold,Ring Size: US 15,670.00
R05,Hexagon Tile Evil Eye Ring,BAS-EE-R05-10KW-US15_5,Karat: 10K,Metal Color: White Gold,Ring Size: US 15.5,680.00
R05,Hexagon Tile Evil Eye Ring,BAS-EE-R05-10KW-US16,Karat: 10K,Metal Color: White Gold,Ring Size: US 16,690.00
R05,Hexagon Tile Evil Eye Ring,BAS-EE-R05-10KR-US3,Karat: 10K,Metal Color: Rose Gold,Ring Size: US 3,420.00
R05,Hexagon Tile Evil Eye Ring,BAS-EE-R05-10KR-US3_5,Karat: 10K,Metal Color: Rose Gold,Ring Size: US 3.5,430.00
R05,Hexagon Tile Evil Eye Ring,BAS-EE-R05-10KR-US4,Karat: 10K,Metal Color: Rose Gold,Ring Size: US 4,440.00
R05,Hexagon Tile Evil Eye Ring,BAS-EE-R05-10KR-US4_5,Karat: 10K,Metal Color: Rose Gold,Ring Size: US 4.5,450.00
R05,Hexagon Tile Evil Eye Ring,BAS-EE-R05-10KR-US5,Karat: 10K,Metal Color: Rose Gold,Ring Size: US 5,460.00
R05,Hexagon Tile Evil Eye Ring,BAS-EE-R05-10KR-US5_5,Karat: 10K,Metal Color: Rose Gold,Ring Size: US 5.5,470.00
R05,Hexagon Tile Evil Eye Ring,BAS-EE-R05-10KR-US6,Karat: 10K,Metal Color: Rose Gold,Ring Size: US 6,480.00
R05,Hexagon Tile Evil Eye Ring,BAS-EE-R05-10KR-US6_5,Karat: 10K,Metal Color: Rose Gold,Ring Size: US 6.5,490.00
R05,Hexagon Tile Evil Eye Ring,BAS-EE-R05-10KR-US7,Karat: 10K,Metal Color: Rose Gold,Ring Size: US 7,500.00
R05,Hexagon Tile Evil Eye Ring,BAS-EE-R05-10KR-US7_5,Karat: 10K,Metal Color: Rose Gold,Ring Size: US 7.5,510.00
R05,Hexagon Tile Evil Eye Ring,BAS-EE-R05-10KR-US8,Karat: 10K,Metal Color: Rose Gold,Ring Size: US 8,520.00
R05,Hexagon Tile Evil Eye Ring,BAS-EE-R05-10KR-US8_5,Karat: 10K,Metal Color: Rose Gold,Ring Size: US 8.5,530.00
R05,Hexagon Tile Evil Eye Ring,BAS-EE-R05-10KR-US9,Karat: 10K,Metal Color: Rose Gold,Ring Size: US 9,540.00
R05,Hexagon Tile Evil Eye Ring,BAS-EE-R05-10KR-US9_5,Karat: 10K,Metal Color: Rose Gold,Ring Size: US 9.5,550.00
R05,Hexagon Tile Evil Eye Ring,BAS-EE-R05-10KR-US10,Karat: 10K,Metal Color: Rose Gold,Ring Size: US 10,560.00
R05,Hexagon Tile Evil Eye Ring,BAS-EE-R05-10KR-US10_5,Karat: 10K,Metal Color: Rose Gold,Ring Size: US 10.5,580.00
R05,Hexagon Tile Evil Eye Ring,BAS-EE-R05-10KR-US11,Karat: 10K,Metal Color: Rose Gold,Ring Size: US 11,590.00
R05,Hexagon Tile Evil Eye Ring,BAS-EE-R05-10KR-US11_5,Karat: 10K,Metal Color: Rose Gold,Ring Size: US 11.5,600.00
R05,Hexagon Tile Evil Eye Ring,BAS-EE-R05-10KR-US12,Karat: 10K,Metal Color: Rose Gold,Ring Size: US 12,610.00
R05,Hexagon Tile Evil Eye Ring,BAS-EE-R05-10KR-US12_5,Karat: 10K,Metal Color: Rose Gold,Ring Size: US 12.5,620.00
R05,Hexagon Tile Evil Eye Ring,BAS-EE-R05-10KR-US13,Karat: 10K,Metal Color: Rose Gold,Ring Size: US 13,630.00
R05,Hexagon Tile Evil Eye Ring,BAS-EE-R05-10KR-US13_5,Karat: 10K,Metal Color: Rose Gold,Ring Size: US 13.5,640.00
R05,Hexagon Tile Evil Eye Ring,BAS-EE-R05-10KR-US14,Karat: 10K,Metal Color: Rose Gold,Ring Size: US 14,650.00
R05,Hexagon Tile Evil Eye Ring,BAS-EE-R05-10KR-US14_5,Karat: 10K,Metal Color: Rose Gold,Ring Size: US 14.5,660.00
R05,Hexagon Tile Evil Eye Ring,BAS-EE-R05-10KR-US15,Karat: 10K,Metal Color: Rose Gold,Ring Size: US 15,670.00
R05,Hexagon Tile Evil Eye Ring,BAS-EE-R05-10KR-US15_5,Karat: 10K,Metal Color: Rose Gold,Ring Size: US 15.5,680.00
R05,Hexagon Tile Evil Eye Ring,BAS-EE-R05-10KR-US16,Karat: 10K,Metal Color: Rose Gold,Ring Size: US 16,690.00
R05,Hexagon Tile Evil Eye Ring,BAS-EE-R05-14KY-US3,Karat: 14K,Metal Color: Yellow Gold,Ring Size: US 3,600.00
R05,Hexagon Tile Evil Eye Ring,BAS-EE-R05-14KY-US3_5,Karat: 14K,Metal Color: Yellow Gold,Ring Size: US 3.5,610.00
R05,Hexagon Tile Evil Eye Ring,BAS-EE-R05-14KY-US4,Karat: 14K,Metal Color: Yellow Gold,Ring Size: US 4,630.00
R05,Hexagon Tile Evil Eye Ring,BAS-EE-R05-14KY-US4_5,Karat: 14K,Metal Color: Yellow Gold,Ring Size: US 4.5,650.00
R05,Hexagon Tile Evil Eye Ring,BAS-EE-R05-14KY-US5,Karat: 14K,Metal Color: Yellow Gold,Ring Size: US 5,660.00
R05,Hexagon Tile Evil Eye Ring,BAS-EE-R05-14KY-US5_5,Karat: 14K,Metal Color: Yellow Gold,Ring Size: US 5.5,680.00
R05,Hexagon Tile Evil Eye Ring,BAS-EE-R05-14KY-US6,Karat: 14K,Metal Color: Yellow Gold,Ring Size: US 6,690.00
R05,Hexagon Tile Evil Eye Ring,BAS-EE-R05-14KY-US6_5,Karat: 14K,Metal Color: Yellow Gold,Ring Size: US 6.5,710.00
R05,Hexagon Tile Evil Eye Ring,BAS-EE-R05-14KY-US7,Karat: 14K,Metal Color: Yellow Gold,Ring Size: US 7,720.00
R05,Hexagon Tile Evil Eye Ring,BAS-EE-R05-14KY-US7_5,Karat: 14K,Metal Color: Yellow Gold,Ring Size: US 7.5,740.00
R05,Hexagon Tile Evil Eye Ring,BAS-EE-R05-14KY-US8,Karat: 14K,Metal Color: Yellow Gold,Ring Size: US 8,750.00
R05,Hexagon Tile Evil Eye Ring,BAS-EE-R05-14KY-US8_5,Karat: 14K,Metal Color: Yellow Gold,Ring Size: US 8.5,770.00
R05,Hexagon Tile Evil Eye Ring,BAS-EE-R05-14KY-US9,Karat: 14K,Metal Color: Yellow Gold,Ring Size: US 9,780.00
R05,Hexagon Tile Evil Eye Ring,BAS-EE-R05-14KY-US9_5,Karat: 14K,Metal Color: Yellow Gold,Ring Size: US 9.5,800.00
R05,Hexagon Tile Evil Eye Ring,BAS-EE-R05-14KY-US10,Karat: 14K,Metal Color: Yellow Gold,Ring Size: US 10,820.00
R05,Hexagon Tile Evil Eye Ring,BAS-EE-R05-14KY-US10_5,Karat: 14K,Metal Color: Yellow Gold,Ring Size: US 10.5,830.00
R05,Hexagon Tile Evil Eye Ring,BAS-EE-R05-14KY-US11,Karat: 14K,Metal Color: Yellow Gold,Ring Size: US 11,850.00
R05,Hexagon Tile Evil Eye Ring,BAS-EE-R05-14KY-US11_5,Karat: 14K,Metal Color: Yellow Gold,Ring Size: US 11.5,860.00
R05,Hexagon Tile Evil Eye Ring,BAS-EE-R05-14KY-US12,Karat: 14K,Metal Color: Yellow Gold,Ring Size: US 12,880.00
R05,Hexagon Tile Evil Eye Ring,BAS-EE-R05-14KY-US12_5,Karat: 14K,Metal Color: Yellow Gold,Ring Size: US 12.5,890.00
R05,Hexagon Tile Evil Eye Ring,BAS-EE-R05-14KY-US13,Karat: 14K,Metal Color: Yellow Gold,Ring Size: US 13,910.00
R05,Hexagon Tile Evil Eye Ring,BAS-EE-R05-14KY-US13_5,Karat: 14K,Metal Color: Yellow Gold,Ring Size: US 13.5,920.00
R05,Hexagon Tile Evil Eye Ring,BAS-EE-R05-14KY-US14,Karat: 14K,Metal Color: Yellow Gold,Ring Size: US 14,940.00
R05,Hexagon Tile Evil Eye Ring,BAS-EE-R05-14KY-US14_5,Karat: 14K,Metal Color: Yellow Gold,Ring Size: US 14.5,950.00
R05,Hexagon Tile Evil Eye Ring,BAS-EE-R05-14KY-US15,Karat: 14K,Metal Color: Yellow Gold,Ring Size: US 15,970.00
R05,Hexagon Tile Evil Eye Ring,BAS-EE-R05-14KY-US15_5,Karat: 14K,Metal Color: Yellow Gold,Ring Size: US 15.5,990.00
R05,Hexagon Tile Evil Eye Ring,BAS-EE-R05-14KY-US16,Karat: 14K,Metal Color: Yellow Gold,Ring Size: US 16,1000.00
R05,Hexagon Tile Evil Eye Ring,BAS-EE-R05-14KW-US3,Karat: 14K,Metal Color: White Gold,Ring Size: US 3,600.00
R05,Hexagon Tile Evil Eye Ring,BAS-EE-R05-14KW-US3_5,Karat: 14K,Metal Color: White Gold,Ring Size: US 3.5,610.00
R05,Hexagon Tile Evil Eye Ring,BAS-EE-R05-14KW-US4,Karat: 14K,Metal Color: White Gold,Ring Size: US 4,630.00
R05,Hexagon Tile Evil Eye Ring,BAS-EE-R05-14KW-US4_5,Karat: 14K,Metal Color: White Gold,Ring Size: US 4.5,650.00
R05,Hexagon Tile Evil Eye Ring,BAS-EE-R05-14KW-US5,Karat: 14K,Metal Color: White Gold,Ring Size: US 5,660.00
R05,Hexagon Tile Evil Eye Ring,BAS-EE-R05-14KW-US5_5,Karat: 14K,Metal Color: White Gold,Ring Size: US 5.5,680.00
R05,Hexagon Tile Evil Eye Ring,BAS-EE-R05-14KW-US6,Karat: 14K,Metal Color: White Gold,Ring Size: US 6,690.00
R05,Hexagon Tile Evil Eye Ring,BAS-EE-R05-14KW-US6_5,Karat: 14K,Metal Color: White Gold,Ring Size: US 6.5,710.00
R05,Hexagon Tile Evil Eye Ring,BAS-EE-R05-14KW-US7,Karat: 14K,Metal Color: White Gold,Ring Size: US 7,720.00
R05,Hexagon Tile Evil Eye Ring,BAS-EE-R05-14KW-US7_5,Karat: 14K,Metal Color: White Gold,Ring Size: US 7.5,740.00
R05,Hexagon Tile Evil Eye Ring,BAS-EE-R05-14KW-US8,Karat: 14K,Metal Color: White Gold,Ring Size: US 8,750.00
R05,Hexagon Tile Evil Eye Ring,BAS-EE-R05-14KW-US8_5,Karat: 14K,Metal Color: White Gold,Ring Size: US 8.5,770.00
R05,Hexagon Tile Evil Eye Ring,BAS-EE-R05-14KW-US9,Karat: 14K,Metal Color: White Gold,Ring Size: US 9,780.00
R05,Hexagon Tile Evil Eye Ring,BAS-EE-R05-14KW-US9_5,Karat: 14K,Metal Color: White Gold,Ring Size: US 9.5,800.00
R05,Hexagon Tile Evil Eye Ring,BAS-EE-R05-14KW-US10,Karat: 14K,Metal Color: White Gold,Ring Size: US 10,820.00
R05,Hexagon Tile Evil Eye Ring,BAS-EE-R05-14KW-US10_5,Karat: 14K,Metal Color: White Gold,Ring Size: US 10.5,830.00
R05,Hexagon Tile Evil Eye Ring,BAS-EE-R05-14KW-US11,Karat: 14K,Metal Color: White Gold,Ring Size: US 11,850.00
R05,Hexagon Tile Evil Eye Ring,BAS-EE-R05-14KW-US11_5,Karat: 14K,Metal Color: White Gold,Ring Size: US 11.5,860.00
R05,Hexagon Tile Evil Eye Ring,BAS-EE-R05-14KW-US12,Karat: 14K,Metal Color: White Gold,Ring Size: US 12,880.00
R05,Hexagon Tile Evil Eye Ring,BAS-EE-R05-14KW-US12_5,Karat: 14K,Metal Color: White Gold,Ring Size: US 12.5,890.00
R05,Hexagon Tile Evil Eye Ring,BAS-EE-R05-14KW-US13,Karat: 14K,Metal Color: White Gold,Ring Size: US 13,910.00
R05,Hexagon Tile Evil Eye Ring,BAS-EE-R05-14KW-US13_5,Karat: 14K,Metal Color: White Gold,Ring Size: US 13.5,920.00
R05,Hexagon Tile Evil Eye Ring,BAS-EE-R05-14KW-US14,Karat: 14K,Metal Color: White Gold,Ring Size: US 14,940.00
R05,Hexagon Tile Evil Eye Ring,BAS-EE-R05-14KW-US14_5,Karat: 14K,Metal Color: White Gold,Ring Size: US 14.5,950.00
R05,Hexagon Tile Evil Eye Ring,BAS-EE-R05-14KW-US15,Karat: 14K,Metal Color: White Gold,Ring Size: US 15,970.00
R05,Hexagon Tile Evil Eye Ring,BAS-EE-R05-14KW-US15_5,Karat: 14K,Metal Color: White Gold,Ring Size: US 15.5,990.00
R05,Hexagon Tile Evil Eye Ring,BAS-EE-R05-14KW-US16,Karat: 14K,Metal Color: White Gold,Ring Size: US 16,1000.00
R05,Hexagon Tile Evil Eye Ring,BAS-EE-R05-14KR-US3,Karat: 14K,Metal Color: Rose Gold,Ring Size: US 3,600.00
R05,Hexagon Tile Evil Eye Ring,BAS-EE-R05-14KR-US3_5,Karat: 14K,Metal Color: Rose Gold,Ring Size: US 3.5,610.00
R05,Hexagon Tile Evil Eye Ring,BAS-EE-R05-14KR-US4,Karat: 14K,Metal Color: Rose Gold,Ring Size: US 4,630.00
R05,Hexagon Tile Evil Eye Ring,BAS-EE-R05-14KR-US4_5,Karat: 14K,Metal Color: Rose Gold,Ring Size: US 4.5,650.00
R05,Hexagon Tile Evil Eye Ring,BAS-EE-R05-14KR-US5,Karat: 14K,Metal Color: Rose Gold,Ring Size: US 5,660.00
R05,Hexagon Tile Evil Eye Ring,BAS-EE-R05-14KR-US5_5,Karat: 14K,Metal Color: Rose Gold,Ring Size: US 5.5,680.00
R05,Hexagon Tile Evil Eye Ring,BAS-EE-R05-14KR-US6,Karat: 14K,Metal Color: Rose Gold,Ring Size: US 6,690.00
R05,Hexagon Tile Evil Eye Ring,BAS-EE-R05-14KR-US6_5,Karat: 14K,Metal Color: Rose Gold,Ring Size: US 6.5,710.00
R05,Hexagon Tile Evil Eye Ring,BAS-EE-R05-14KR-US7,Karat: 14K,Metal Color: Rose Gold,Ring Size: US 7,720.00
R05,Hexagon Tile Evil Eye Ring,BAS-EE-R05-14KR-US7_5,Karat: 14K,Metal Color: Rose Gold,Ring Size: US 7.5,740.00
R05,Hexagon Tile Evil Eye Ring,BAS-EE-R05-14KR-US8,Karat: 14K,Metal Color: Rose Gold,Ring Size: US 8,750.00
R05,Hexagon Tile Evil Eye Ring,BAS-EE-R05-14KR-US8_5,Karat: 14K,Metal Color: Rose Gold,Ring Size: US 8.5,770.00
R05,Hexagon Tile Evil Eye Ring,BAS-EE-R05-14KR-US9,Karat: 14K,Metal Color: Rose Gold,Ring Size: US 9,780.00
R05,Hexagon Tile Evil Eye Ring,BAS-EE-R05-14KR-US9_5,Karat: 14K,Metal Color: Rose Gold,Ring Size: US 9.5,800.00
R05,Hexagon Tile Evil Eye Ring,BAS-EE-R05-14KR-US10,Karat: 14K,Metal Color: Rose Gold,Ring Size: US 10,820.00
R05,Hexagon Tile Evil Eye Ring,BAS-EE-R05-14KR-US10_5,Karat: 14K,Metal Color: Rose Gold,Ring Size: US 10.5,830.00
R05,Hexagon Tile Evil Eye Ring,BAS-EE-R05-14KR-US11,Karat: 14K,Metal Color: Rose Gold,Ring Size: US 11,850.00
R05,Hexagon Tile Evil Eye Ring,BAS-EE-R05-14KR-US11_5,Karat: 14K,Metal Color: Rose Gold,Ring Size: US 11.5,860.00
R05,Hexagon Tile Evil Eye Ring,BAS-EE-R05-14KR-US12,Karat: 14K,Metal Color: Rose Gold,Ring Size: US 12,880.00
R05,Hexagon Tile Evil Eye Ring,BAS-EE-R05-14KR-US12_5,Karat: 14K,Metal Color: Rose Gold,Ring Size: US 12.5,890.00
R05,Hexagon Tile Evil Eye Ring,BAS-EE-R05-14KR-US13,Karat: 14K,Metal Color: Rose Gold,Ring Size: US 13,910.00
R05,Hexagon Tile Evil Eye Ring,BAS-EE-R05-14KR-US13_5,Karat: 14K,Metal Color: Rose Gold,Ring Size: US 13.5,920.00
R05,Hexagon Tile Evil Eye Ring,BAS-EE-R05-14KR-US14,Karat: 14K,Metal Color: Rose Gold,Ring Size: US 14,940.00
R05,Hexagon Tile Evil Eye Ring,BAS-EE-R05-14KR-US14_5,Karat: 14K,Metal Color: Rose Gold,Ring Size: US 14.5,950.00
R05,Hexagon Tile Evil Eye Ring,BAS-EE-R05-14KR-US15,Karat: 14K,Metal Color: Rose Gold,Ring Size: US 15,970.00
R05,Hexagon Tile Evil Eye Ring,BAS-EE-R05-14KR-US15_5,Karat: 14K,Metal Color: Rose Gold,Ring Size: US 15.5,990.00
R05,Hexagon Tile Evil Eye Ring,BAS-EE-R05-14KR-US16,Karat: 14K,Metal Color: Rose Gold,Ring Size: US 16,1000.00
R05,Hexagon Tile Evil Eye Ring,BAS-EE-R05-18KY-US3,Karat: 18K,Metal Color: Yellow Gold,Ring Size: US 3,830.00
R05,Hexagon Tile Evil Eye Ring,BAS-EE-R05-18KY-US3_5,Karat: 18K,Metal Color: Yellow Gold,Ring Size: US 3.5,850.00
R05,Hexagon Tile Evil Eye Ring,BAS-EE-R05-18KY-US4,Karat: 18K,Metal Color: Yellow Gold,Ring Size: US 4,870.00
R05,Hexagon Tile Evil Eye Ring,BAS-EE-R05-18KY-US4_5,Karat: 18K,Metal Color: Yellow Gold,Ring Size: US 4.5,890.00
R05,Hexagon Tile Evil Eye Ring,BAS-EE-R05-18KY-US5,Karat: 18K,Metal Color: Yellow Gold,Ring Size: US 5,920.00
R05,Hexagon Tile Evil Eye Ring,BAS-EE-R05-18KY-US5_5,Karat: 18K,Metal Color: Yellow Gold,Ring Size: US 5.5,940.00
R05,Hexagon Tile Evil Eye Ring,BAS-EE-R05-18KY-US6,Karat: 18K,Metal Color: Yellow Gold,Ring Size: US 6,960.00
R05,Hexagon Tile Evil Eye Ring,BAS-EE-R05-18KY-US6_5,Karat: 18K,Metal Color: Yellow Gold,Ring Size: US 6.5,980.00
R05,Hexagon Tile Evil Eye Ring,BAS-EE-R05-18KY-US7,Karat: 18K,Metal Color: Yellow Gold,Ring Size: US 7,1000.00
R05,Hexagon Tile Evil Eye Ring,BAS-EE-R05-18KY-US7_5,Karat: 18K,Metal Color: Yellow Gold,Ring Size: US 7.5,1020.00
R05,Hexagon Tile Evil Eye Ring,BAS-EE-R05-18KY-US8,Karat: 18K,Metal Color: Yellow Gold,Ring Size: US 8,1050.00
R05,Hexagon Tile Evil Eye Ring,BAS-EE-R05-18KY-US8_5,Karat: 18K,Metal Color: Yellow Gold,Ring Size: US 8.5,1070.00
R05,Hexagon Tile Evil Eye Ring,BAS-EE-R05-18KY-US9,Karat: 18K,Metal Color: Yellow Gold,Ring Size: US 9,1090.00
R05,Hexagon Tile Evil Eye Ring,BAS-EE-R05-18KY-US9_5,Karat: 18K,Metal Color: Yellow Gold,Ring Size: US 9.5,1110.00
R05,Hexagon Tile Evil Eye Ring,BAS-EE-R05-18KY-US10,Karat: 18K,Metal Color: Yellow Gold,Ring Size: US 10,1130.00
R05,Hexagon Tile Evil Eye Ring,BAS-EE-R05-18KY-US10_5,Karat: 18K,Metal Color: Yellow Gold,Ring Size: US 10.5,1150.00
R05,Hexagon Tile Evil Eye Ring,BAS-EE-R05-18KY-US11,Karat: 18K,Metal Color: Yellow Gold,Ring Size: US 11,1170.00
R05,Hexagon Tile Evil Eye Ring,BAS-EE-R05-18KY-US11_5,Karat: 18K,Metal Color: Yellow Gold,Ring Size: US 11.5,1200.00
R05,Hexagon Tile Evil Eye Ring,BAS-EE-R05-18KY-US12,Karat: 18K,Metal Color: Yellow Gold,Ring Size: US 12,1220.00
R05,Hexagon Tile Evil Eye Ring,BAS-EE-R05-18KY-US12_5,Karat: 18K,Metal Color: Yellow Gold,Ring Size: US 12.5,1240.00
R05,Hexagon Tile Evil Eye Ring,BAS-EE-R05-18KY-US13,Karat: 18K,Metal Color: Yellow Gold,Ring Size: US 13,1260.00
R05,Hexagon Tile Evil Eye Ring,BAS-EE-R05-18KY-US13_5,Karat: 18K,Metal Color: Yellow Gold,Ring Size: US 13.5,1280.00
R05,Hexagon Tile Evil Eye Ring,BAS-EE-R05-18KY-US14,Karat: 18K,Metal Color: Yellow Gold,Ring Size: US 14,1300.00
R05,Hexagon Tile Evil Eye Ring,BAS-EE-R05-18KY-US14_5,Karat: 18K,Metal Color: Yellow Gold,Ring Size: US 14.5,1320.00
R05,Hexagon Tile Evil Eye Ring,BAS-EE-R05-18KY-US15,Karat: 18K,Metal Color: Yellow Gold,Ring Size: US 15,1350.00
R05,Hexagon Tile Evil Eye Ring,BAS-EE-R05-18KY-US15_5,Karat: 18K,Metal Color: Yellow Gold,Ring Size: US 15.5,1370.00
R05,Hexagon Tile Evil Eye Ring,BAS-EE-R05-18KY-US16,Karat: 18K,Metal Color: Yellow Gold,Ring Size: US 16,1390.00
R05,Hexagon Tile Evil Eye Ring,BAS-EE-R05-18KW-US3,Karat: 18K,Metal Color: White Gold,Ring Size: US 3,830.00
R05,Hexagon Tile Evil Eye Ring,BAS-EE-R05-18KW-US3_5,Karat: 18K,Metal Color: White Gold,Ring Size: US 3.5,850.00
R05,Hexagon Tile Evil Eye Ring,BAS-EE-R05-18KW-US4,Karat: 18K,Metal Color: White Gold,Ring Size: US 4,870.00
R05,Hexagon Tile Evil Eye Ring,BAS-EE-R05-18KW-US4_5,Karat: 18K,Metal Color: White Gold,Ring Size: US 4.5,890.00
R05,Hexagon Tile Evil Eye Ring,BAS-EE-R05-18KW-US5,Karat: 18K,Metal Color: White Gold,Ring Size: US 5,920.00
R05,Hexagon Tile Evil Eye Ring,BAS-EE-R05-18KW-US5_5,Karat: 18K,Metal Color: White Gold,Ring Size: US 5.5,940.00
R05,Hexagon Tile Evil Eye Ring,BAS-EE-R05-18KW-US6,Karat: 18K,Metal Color: White Gold,Ring Size: US 6,960.00
R05,Hexagon Tile Evil Eye Ring,BAS-EE-R05-18KW-US6_5,Karat: 18K,Metal Color: White Gold,Ring Size: US 6.5,980.00
R05,Hexagon Tile Evil Eye Ring,BAS-EE-R05-18KW-US7,Karat: 18K,Metal Color: White Gold,Ring Size: US 7,1000.00
R05,Hexagon Tile Evil Eye Ring,BAS-EE-R05-18KW-US7_5,Karat: 18K,Metal Color: White Gold,Ring Size: US 7.5,1020.00
R05,Hexagon Tile Evil Eye Ring,BAS-EE-R05-18KW-US8,Karat: 18K,Metal Color: White Gold,Ring Size: US 8,1050.00
R05,Hexagon Tile Evil Eye Ring,BAS-EE-R05-18KW-US8_5,Karat: 18K,Metal Color: White Gold,Ring Size: US 8.5,1070.00
R05,Hexagon Tile Evil Eye Ring,BAS-EE-R05-18KW-US9,Karat: 18K,Metal Color: White Gold,Ring Size: US 9,1090.00
R05,Hexagon Tile Evil Eye Ring,BAS-EE-R05-18KW-US9_5,Karat: 18K,Metal Color: White Gold,Ring Size: US 9.5,1110.00
R05,Hexagon Tile Evil Eye Ring,BAS-EE-R05-18KW-US10,Karat: 18K,Metal Color: White Gold,Ring Size: US 10,1130.00
R05,Hexagon Tile Evil Eye Ring,BAS-EE-R05-18KW-US10_5,Karat: 18K,Metal Color: White Gold,Ring Size: US 10.5,1150.00
R05,Hexagon Tile Evil Eye Ring,BAS-EE-R05-18KW-US11,Karat: 18K,Metal Color: White Gold,Ring Size: US 11,1170.00
R05,Hexagon Tile Evil Eye Ring,BAS-EE-R05-18KW-US11_5,Karat: 18K,Metal Color: White Gold,Ring Size: US 11.5,1200.00
R05,Hexagon Tile Evil Eye Ring,BAS-EE-R05-18KW-US12,Karat: 18K,Metal Color: White Gold,Ring Size: US 12,1220.00
R05,Hexagon Tile Evil Eye Ring,BAS-EE-R05-18KW-US12_5,Karat: 18K,Metal Color: White Gold,Ring Size: US 12.5,1240.00
R05,Hexagon Tile Evil Eye Ring,BAS-EE-R05-18KW-US13,Karat: 18K,Metal Color: White Gold,Ring Size: US 13,1260.00
R05,Hexagon Tile Evil Eye Ring,BAS-EE-R05-18KW-US13_5,Karat: 18K,Metal Color: White Gold,Ring Size: US 13.5,1280.00
R05,Hexagon Tile Evil Eye Ring,BAS-EE-R05-18KW-US14,Karat: 18K,Metal Color: White Gold,Ring Size: US 14,1300.00
R05,Hexagon Tile Evil Eye Ring,BAS-EE-R05-18KW-US14_5,Karat: 18K,Metal Color: White Gold,Ring Size: US 14.5,1320.00
R05,Hexagon Tile Evil Eye Ring,BAS-EE-R05-18KW-US15,Karat: 18K,Metal Color: White Gold,Ring Size: US 15,1350.00
R05,Hexagon Tile Evil Eye Ring,BAS-EE-R05-18KW-US15_5,Karat: 18K,Metal Color: White Gold,Ring Size: US 15.5,1370.00
R05,Hexagon Tile Evil Eye Ring,BAS-EE-R05-18KW-US16,Karat: 18K,Metal Color: White Gold,Ring Size: US 16,1390.00
R05,Hexagon Tile Evil Eye Ring,BAS-EE-R05-18KR-US3,Karat: 18K,Metal Color: Rose Gold,Ring Size: US 3,830.00
R05,Hexagon Tile Evil Eye Ring,BAS-EE-R05-18KR-US3_5,Karat: 18K,Metal Color: Rose Gold,Ring Size: US 3.5,850.00
R05,Hexagon Tile Evil Eye Ring,BAS-EE-R05-18KR-US4,Karat: 18K,Metal Color: Rose Gold,Ring Size: US 4,870.00
R05,Hexagon Tile Evil Eye Ring,BAS-EE-R05-18KR-US4_5,Karat: 18K,Metal Color: Rose Gold,Ring Size: US 4.5,890.00
R05,Hexagon Tile Evil Eye Ring,BAS-EE-R05-18KR-US5,Karat: 18K,Metal Color: Rose Gold,Ring Size: US 5,920.00
R05,Hexagon Tile Evil Eye Ring,BAS-EE-R05-18KR-US5_5,Karat: 18K,Metal Color: Rose Gold,Ring Size: US 5.5,940.00
R05,Hexagon Tile Evil Eye Ring,BAS-EE-R05-18KR-US6,Karat: 18K,Metal Color: Rose Gold,Ring Size: US 6,960.00
R05,Hexagon Tile Evil Eye Ring,BAS-EE-R05-18KR-US6_5,Karat: 18K,Metal Color: Rose Gold,Ring Size: US 6.5,980.00
R05,Hexagon Tile Evil Eye Ring,BAS-EE-R05-18KR-US7,Karat: 18K,Metal Color: Rose Gold,Ring Size: US 7,1000.00
R05,Hexagon Tile Evil Eye Ring,BAS-EE-R05-18KR-US7_5,Karat: 18K,Metal Color: Rose Gold,Ring Size: US 7.5,1020.00
R05,Hexagon Tile Evil Eye Ring,BAS-EE-R05-18KR-US8,Karat: 18K,Metal Color: Rose Gold,Ring Size: US 8,1050.00
R05,Hexagon Tile Evil Eye Ring,BAS-EE-R05-18KR-US8_5,Karat: 18K,Metal Color: Rose Gold,Ring Size: US 8.5,1070.00
R05,Hexagon Tile Evil Eye Ring,BAS-EE-R05-18KR-US9,Karat: 18K,Metal Color: Rose Gold,Ring Size: US 9,1090.00
R05,Hexagon Tile Evil Eye Ring,BAS-EE-R05-18KR-US9_5,Karat: 18K,Metal Color: Rose Gold,Ring Size: US 9.5,1110.00
R05,Hexagon Tile Evil Eye Ring,BAS-EE-R05-18KR-US10,Karat: 18K,Metal Color: Rose Gold,Ring Size: US 10,1130.00
R05,Hexagon Tile Evil Eye Ring,BAS-EE-R05-18KR-US10_5,Karat: 18K,Metal Color: Rose Gold,Ring Size: US 10.5,1150.00
R05,Hexagon Tile Evil Eye Ring,BAS-EE-R05-18KR-US11,Karat: 18K,Metal Color: Rose Gold,Ring Size: US 11,1170.00
R05,Hexagon Tile Evil Eye Ring,BAS-EE-R05-18KR-US11_5,Karat: 18K,Metal Color: Rose Gold,Ring Size: US 11.5,1200.00
R05,Hexagon Tile Evil Eye Ring,BAS-EE-R05-18KR-US12,Karat: 18K,Metal Color: Rose Gold,Ring Size: US 12,1220.00
R05,Hexagon Tile Evil Eye Ring,BAS-EE-R05-18KR-US12_5,Karat: 18K,Metal Color: Rose Gold,Ring Size: US 12.5,1240.00
R05,Hexagon Tile Evil Eye Ring,BAS-EE-R05-18KR-US13,Karat: 18K,Metal Color: Rose Gold,Ring Size: US 13,1260.00
R05,Hexagon Tile Evil Eye Ring,BAS-EE-R05-18KR-US13_5,Karat: 18K,Metal Color: Rose Gold,Ring Size: US 13.5,1280.00
R05,Hexagon Tile Evil Eye Ring,BAS-EE-R05-18KR-US14,Karat: 18K,Metal Color: Rose Gold,Ring Size: US 14,1300.00
R05,Hexagon Tile Evil Eye Ring,BAS-EE-R05-18KR-US14_5,Karat: 18K,Metal Color: Rose Gold,Ring Size: US 14.5,1320.00
R05,Hexagon Tile Evil Eye Ring,BAS-EE-R05-18KR-US15,Karat: 18K,Metal Color: Rose Gold,Ring Size: US 15,1350.00
R05,Hexagon Tile Evil Eye Ring,BAS-EE-R05-18KR-US15_5,Karat: 18K,Metal Color: Rose Gold,Ring Size: US 15.5,1370.00
R05,Hexagon Tile Evil Eye Ring,BAS-EE-R05-18KR-US16,Karat: 18K,Metal Color: Rose Gold,Ring Size: US 16,1390.00
N05,Hexagon Tile Evil Eye Necklace,BAS-EE-N05-10KY-16IN,Karat: 10K,Metal Color: Yellow Gold,Chain Length: 16 inches,420.00
N05,Hexagon Tile Evil Eye Necklace,BAS-EE-N05-10KY-18IN,Karat: 10K,Metal Color: Yellow Gold,Chain Length: 18 inches,440.00
N05,Hexagon Tile Evil Eye Necklace,BAS-EE-N05-10KY-20IN,Karat: 10K,Metal Color: Yellow Gold,Chain Length: 20 inches,460.00
N05,Hexagon Tile Evil Eye Necklace,BAS-EE-N05-10KW-16IN,Karat: 10K,Metal Color: White Gold,Chain Length: 16 inches,420.00
N05,Hexagon Tile Evil Eye Necklace,BAS-EE-N05-10KW-18IN,Karat: 10K,Metal Color: White Gold,Chain Length: 18 inches,440.00
N05,Hexagon Tile Evil Eye Necklace,BAS-EE-N05-10KW-20IN,Karat: 10K,Metal Color: White Gold,Chain Length: 20 inches,460.00
N05,Hexagon Tile Evil Eye Necklace,BAS-EE-N05-10KR-16IN,Karat: 10K,Metal Color: Rose Gold,Chain Length: 16 inches,420.00
N05,Hexagon Tile Evil Eye Necklace,BAS-EE-N05-10KR-18IN,Karat: 10K,Metal Color: Rose Gold,Chain Length: 18 inches,440.00
N05,Hexagon Tile Evil Eye Necklace,BAS-EE-N05-10KR-20IN,Karat: 10K,Metal Color: Rose Gold,Chain Length: 20 inches,460.00
N05,Hexagon Tile Evil Eye Necklace,BAS-EE-N05-14KY-16IN,Karat: 14K,Metal Color: Yellow Gold,Chain Length: 16 inches,560.00
N05,Hexagon Tile Evil Eye Necklace,BAS-EE-N05-14KY-18IN,Karat: 14K,Metal Color: Yellow Gold,Chain Length: 18 inches,580.00
N05,Hexagon Tile Evil Eye Necklace,BAS-EE-N05-14KY-20IN,Karat: 14K,Metal Color: Yellow Gold,Chain Length: 20 inches,610.00
N05,Hexagon Tile Evil Eye Necklace,BAS-EE-N05-14KW-16IN,Karat: 14K,Metal Color: White Gold,Chain Length: 16 inches,560.00
N05,Hexagon Tile Evil Eye Necklace,BAS-EE-N05-14KW-18IN,Karat: 14K,Metal Color: White Gold,Chain Length: 18 inches,580.00
N05,Hexagon Tile Evil Eye Necklace,BAS-EE-N05-14KW-20IN,Karat: 14K,Metal Color: White Gold,Chain Length: 20 inches,610.00
N05,Hexagon Tile Evil Eye Necklace,BAS-EE-N05-14KR-16IN,Karat: 14K,Metal Color: Rose Gold,Chain Length: 16 inches,560.00
N05,Hexagon Tile Evil Eye Necklace,BAS-EE-N05-14KR-18IN,Karat: 14K,Metal Color: Rose Gold,Chain Length: 18 inches,580.00
N05,Hexagon Tile Evil Eye Necklace,BAS-EE-N05-14KR-20IN,Karat: 14K,Metal Color: Rose Gold,Chain Length: 20 inches,610.00
N05,Hexagon Tile Evil Eye Necklace,BAS-EE-N05-18KY-16IN,Karat: 18K,Metal Color: Yellow Gold,Chain Length: 16 inches,730.00
N05,Hexagon Tile Evil Eye Necklace,BAS-EE-N05-18KY-18IN,Karat: 18K,Metal Color: Yellow Gold,Chain Length: 18 inches,770.00
N05,Hexagon Tile Evil Eye Necklace,BAS-EE-N05-18KY-20IN,Karat: 18K,Metal Color: Yellow Gold,Chain Length: 20 inches,810.00
N05,Hexagon Tile Evil Eye Necklace,BAS-EE-N05-18KW-16IN,Karat: 18K,Metal Color: White Gold,Chain Length: 16 inches,730.00
N05,Hexagon Tile Evil Eye Necklace,BAS-EE-N05-18KW-18IN,Karat: 18K,Metal Color: White Gold,Chain Length: 18 inches,770.00
N05,Hexagon Tile Evil Eye Necklace,BAS-EE-N05-18KW-20IN,Karat: 18K,Metal Color: White Gold,Chain Length: 20 inches,810.00
N05,Hexagon Tile Evil Eye Necklace,BAS-EE-N05-18KR-16IN,Karat: 18K,Metal Color: Rose Gold,Chain Length: 16 inches,730.00
N05,Hexagon Tile Evil Eye Necklace,BAS-EE-N05-18KR-18IN,Karat: 18K,Metal Color: Rose Gold,Chain Length: 18 inches,770.00
N05,Hexagon Tile Evil Eye Necklace,BAS-EE-N05-18KR-20IN,Karat: 18K,Metal Color: Rose Gold,Chain Length: 20 inches,810.00
B05,Hexagon Tile Evil Eye Bracelet,BAS-EE-B05-10KY-6_5IN,Karat: 10K,Metal Color: Yellow Gold,Bracelet Length: 6.5 inches,750.00
B05,Hexagon Tile Evil Eye Bracelet,BAS-EE-B05-10KY-7IN,Karat: 10K,Metal Color: Yellow Gold,Bracelet Length: 7 inches,760.00
B05,Hexagon Tile Evil Eye Bracelet,BAS-EE-B05-10KY-7_5IN,Karat: 10K,Metal Color: Yellow Gold,Bracelet Length: 7.5 inches,770.00
B05,Hexagon Tile Evil Eye Bracelet,BAS-EE-B05-10KW-6_5IN,Karat: 10K,Metal Color: White Gold,Bracelet Length: 6.5 inches,750.00
B05,Hexagon Tile Evil Eye Bracelet,BAS-EE-B05-10KW-7IN,Karat: 10K,Metal Color: White Gold,Bracelet Length: 7 inches,760.00
B05,Hexagon Tile Evil Eye Bracelet,BAS-EE-B05-10KW-7_5IN,Karat: 10K,Metal Color: White Gold,Bracelet Length: 7.5 inches,770.00
B05,Hexagon Tile Evil Eye Bracelet,BAS-EE-B05-10KR-6_5IN,Karat: 10K,Metal Color: Rose Gold,Bracelet Length: 6.5 inches,750.00
B05,Hexagon Tile Evil Eye Bracelet,BAS-EE-B05-10KR-7IN,Karat: 10K,Metal Color: Rose Gold,Bracelet Length: 7 inches,760.00
B05,Hexagon Tile Evil Eye Bracelet,BAS-EE-B05-10KR-7_5IN,Karat: 10K,Metal Color: Rose Gold,Bracelet Length: 7.5 inches,770.00
B05,Hexagon Tile Evil Eye Bracelet,BAS-EE-B05-14KY-6_5IN,Karat: 14K,Metal Color: Yellow Gold,Bracelet Length: 6.5 inches,990.00
B05,Hexagon Tile Evil Eye Bracelet,BAS-EE-B05-14KY-7IN,Karat: 14K,Metal Color: Yellow Gold,Bracelet Length: 7 inches,1000.00
B05,Hexagon Tile Evil Eye Bracelet,BAS-EE-B05-14KY-7_5IN,Karat: 14K,Metal Color: Yellow Gold,Bracelet Length: 7.5 inches,1020.00
B05,Hexagon Tile Evil Eye Bracelet,BAS-EE-B05-14KW-6_5IN,Karat: 14K,Metal Color: White Gold,Bracelet Length: 6.5 inches,990.00
B05,Hexagon Tile Evil Eye Bracelet,BAS-EE-B05-14KW-7IN,Karat: 14K,Metal Color: White Gold,Bracelet Length: 7 inches,1000.00
B05,Hexagon Tile Evil Eye Bracelet,BAS-EE-B05-14KW-7_5IN,Karat: 14K,Metal Color: White Gold,Bracelet Length: 7.5 inches,1020.00
B05,Hexagon Tile Evil Eye Bracelet,BAS-EE-B05-14KR-6_5IN,Karat: 14K,Metal Color: Rose Gold,Bracelet Length: 6.5 inches,990.00
B05,Hexagon Tile Evil Eye Bracelet,BAS-EE-B05-14KR-7IN,Karat: 14K,Metal Color: Rose Gold,Bracelet Length: 7 inches,1000.00
B05,Hexagon Tile Evil Eye Bracelet,BAS-EE-B05-14KR-7_5IN,Karat: 14K,Metal Color: Rose Gold,Bracelet Length: 7.5 inches,1020.00
B05,Hexagon Tile Evil Eye Bracelet,BAS-EE-B05-18KY-6_5IN,Karat: 18K,Metal Color: Yellow Gold,Bracelet Length: 6.5 inches,1300.00
B05,Hexagon Tile Evil Eye Bracelet,BAS-EE-B05-18KY-7IN,Karat: 18K,Metal Color: Yellow Gold,Bracelet Length: 7 inches,1320.00
B05,Hexagon Tile Evil Eye Bracelet,BAS-EE-B05-18KY-7_5IN,Karat: 18K,Metal Color: Yellow Gold,Bracelet Length: 7.5 inches,1340.00
B05,Hexagon Tile Evil Eye Bracelet,BAS-EE-B05-18KW-6_5IN,Karat: 18K,Metal Color: White Gold,Bracelet Length: 6.5 inches,1300.00
B05,Hexagon Tile Evil Eye Bracelet,BAS-EE-B05-18KW-7IN,Karat: 18K,Metal Color: White Gold,Bracelet Length: 7 inches,1320.00
B05,Hexagon Tile Evil Eye Bracelet,BAS-EE-B05-18KW-7_5IN,Karat: 18K,Metal Color: White Gold,Bracelet Length: 7.5 inches,1340.00
B05,Hexagon Tile Evil Eye Bracelet,BAS-EE-B05-18KR-6_5IN,Karat: 18K,Metal Color: Rose Gold,Bracelet Length: 6.5 inches,1300.00
B05,Hexagon Tile Evil Eye Bracelet,BAS-EE-B05-18KR-7IN,Karat: 18K,Metal Color: Rose Gold,Bracelet Length: 7 inches,1320.00
B05,Hexagon Tile Evil Eye Bracelet,BAS-EE-B05-18KR-7_5IN,Karat: 18K,Metal Color: Rose Gold,Bracelet Length: 7.5 inches,1340.00
R06,"Mother and Child Evil Eye Ring, Two Tone",BAS-EE-R06-10KYW-US3,Karat: 10K,Metal Color: Yellow/White Gold,Ring Size: US 3,520.00
R06,"Mother and Child Evil Eye Ring, Two Tone",BAS-EE-R06-10KYW-US3_5,Karat: 10K,Metal Color: Yellow/White Gold,Ring Size: US 3.5,530.00
R06,"Mother and Child Evil Eye Ring, Two Tone",BAS-EE-R06-10KYW-US4,Karat: 10K,Metal Color: Yellow/White Gold,Ring Size: US 4,540.00
R06,"Mother and Child Evil Eye Ring, Two Tone",BAS-EE-R06-10KYW-US4_5,Karat: 10K,Metal Color: Yellow/White Gold,Ring Size: US 4.5,550.00
R06,"Mother and Child Evil Eye Ring, Two Tone",BAS-EE-R06-10KYW-US5,Karat: 10K,Metal Color: Yellow/White Gold,Ring Size: US 5,560.00
R06,"Mother and Child Evil Eye Ring, Two Tone",BAS-EE-R06-10KYW-US5_5,Karat: 10K,Metal Color: Yellow/White Gold,Ring Size: US 5.5,570.00
R06,"Mother and Child Evil Eye Ring, Two Tone",BAS-EE-R06-10KYW-US6,Karat: 10K,Metal Color: Yellow/White Gold,Ring Size: US 6,580.00
R06,"Mother and Child Evil Eye Ring, Two Tone",BAS-EE-R06-10KYW-US6_5,Karat: 10K,Metal Color: Yellow/White Gold,Ring Size: US 6.5,590.00
R06,"Mother and Child Evil Eye Ring, Two Tone",BAS-EE-R06-10KYW-US7,Karat: 10K,Metal Color: Yellow/White Gold,Ring Size: US 7,600.00
R06,"Mother and Child Evil Eye Ring, Two Tone",BAS-EE-R06-10KYW-US7_5,Karat: 10K,Metal Color: Yellow/White Gold,Ring Size: US 7.5,610.00
R06,"Mother and Child Evil Eye Ring, Two Tone",BAS-EE-R06-10KYW-US8,Karat: 10K,Metal Color: Yellow/White Gold,Ring Size: US 8,620.00
R06,"Mother and Child Evil Eye Ring, Two Tone",BAS-EE-R06-10KYW-US8_5,Karat: 10K,Metal Color: Yellow/White Gold,Ring Size: US 8.5,630.00
R06,"Mother and Child Evil Eye Ring, Two Tone",BAS-EE-R06-10KYW-US9,Karat: 10K,Metal Color: Yellow/White Gold,Ring Size: US 9,640.00
R06,"Mother and Child Evil Eye Ring, Two Tone",BAS-EE-R06-10KYW-US9_5,Karat: 10K,Metal Color: Yellow/White Gold,Ring Size: US 9.5,650.00
R06,"Mother and Child Evil Eye Ring, Two Tone",BAS-EE-R06-10KYW-US10,Karat: 10K,Metal Color: Yellow/White Gold,Ring Size: US 10,660.00
R06,"Mother and Child Evil Eye Ring, Two Tone",BAS-EE-R06-10KYW-US10_5,Karat: 10K,Metal Color: Yellow/White Gold,Ring Size: US 10.5,680.00
R06,"Mother and Child Evil Eye Ring, Two Tone",BAS-EE-R06-10KYW-US11,Karat: 10K,Metal Color: Yellow/White Gold,Ring Size: US 11,690.00
R06,"Mother and Child Evil Eye Ring, Two Tone",BAS-EE-R06-10KYW-US11_5,Karat: 10K,Metal Color: Yellow/White Gold,Ring Size: US 11.5,700.00
R06,"Mother and Child Evil Eye Ring, Two Tone",BAS-EE-R06-10KYW-US12,Karat: 10K,Metal Color: Yellow/White Gold,Ring Size: US 12,710.00
R06,"Mother and Child Evil Eye Ring, Two Tone",BAS-EE-R06-10KYW-US12_5,Karat: 10K,Metal Color: Yellow/White Gold,Ring Size: US 12.5,720.00
R06,"Mother and Child Evil Eye Ring, Two Tone",BAS-EE-R06-10KYW-US13,Karat: 10K,Metal Color: Yellow/White Gold,Ring Size: US 13,730.00
R06,"Mother and Child Evil Eye Ring, Two Tone",BAS-EE-R06-10KYW-US13_5,Karat: 10K,Metal Color: Yellow/White Gold,Ring Size: US 13.5,740.00
R06,"Mother and Child Evil Eye Ring, Two Tone",BAS-EE-R06-10KYW-US14,Karat: 10K,Metal Color: Yellow/White Gold,Ring Size: US 14,750.00
R06,"Mother and Child Evil Eye Ring, Two Tone",BAS-EE-R06-10KYW-US14_5,Karat: 10K,Metal Color: Yellow/White Gold,Ring Size: US 14.5,760.00
R06,"Mother and Child Evil Eye Ring, Two Tone",BAS-EE-R06-10KYW-US15,Karat: 10K,Metal Color: Yellow/White Gold,Ring Size: US 15,770.00
R06,"Mother and Child Evil Eye Ring, Two Tone",BAS-EE-R06-10KYW-US15_5,Karat: 10K,Metal Color: Yellow/White Gold,Ring Size: US 15.5,780.00
R06,"Mother and Child Evil Eye Ring, Two Tone",BAS-EE-R06-10KYW-US16,Karat: 10K,Metal Color: Yellow/White Gold,Ring Size: US 16,790.00
R06,"Mother and Child Evil Eye Ring, Two Tone",BAS-EE-R06-10KWY-US3,Karat: 10K,Metal Color: White/Yellow Gold,Ring Size: US 3,520.00
R06,"Mother and Child Evil Eye Ring, Two Tone",BAS-EE-R06-10KWY-US3_5,Karat: 10K,Metal Color: White/Yellow Gold,Ring Size: US 3.5,530.00
R06,"Mother and Child Evil Eye Ring, Two Tone",BAS-EE-R06-10KWY-US4,Karat: 10K,Metal Color: White/Yellow Gold,Ring Size: US 4,540.00
R06,"Mother and Child Evil Eye Ring, Two Tone",BAS-EE-R06-10KWY-US4_5,Karat: 10K,Metal Color: White/Yellow Gold,Ring Size: US 4.5,550.00
R06,"Mother and Child Evil Eye Ring, Two Tone",BAS-EE-R06-10KWY-US5,Karat: 10K,Metal Color: White/Yellow Gold,Ring Size: US 5,560.00
R06,"Mother and Child Evil Eye Ring, Two Tone",BAS-EE-R06-10KWY-US5_5,Karat: 10K,Metal Color: White/Yellow Gold,Ring Size: US 5.5,570.00
R06,"Mother and Child Evil Eye Ring, Two Tone",BAS-EE-R06-10KWY-US6,Karat: 10K,Metal Color: White/Yellow Gold,Ring Size: US 6,580.00
R06,"Mother and Child Evil Eye Ring, Two Tone",BAS-EE-R06-10KWY-US6_5,Karat: 10K,Metal Color: White/Yellow Gold,Ring Size: US 6.5,590.00
R06,"Mother and Child Evil Eye Ring, Two Tone",BAS-EE-R06-10KWY-US7,Karat: 10K,Metal Color: White/Yellow Gold,Ring Size: US 7,600.00
R06,"Mother and Child Evil Eye Ring, Two Tone",BAS-EE-R06-10KWY-US7_5,Karat: 10K,Metal Color: White/Yellow Gold,Ring Size: US 7.5,610.00
R06,"Mother and Child Evil Eye Ring, Two Tone",BAS-EE-R06-10KWY-US8,Karat: 10K,Metal Color: White/Yellow Gold,Ring Size: US 8,620.00
R06,"Mother and Child Evil Eye Ring, Two Tone",BAS-EE-R06-10KWY-US8_5,Karat: 10K,Metal Color: White/Yellow Gold,Ring Size: US 8.5,630.00
R06,"Mother and Child Evil Eye Ring, Two Tone",BAS-EE-R06-10KWY-US9,Karat: 10K,Metal Color: White/Yellow Gold,Ring Size: US 9,640.00
R06,"Mother and Child Evil Eye Ring, Two Tone",BAS-EE-R06-10KWY-US9_5,Karat: 10K,Metal Color: White/Yellow Gold,Ring Size: US 9.5,650.00
R06,"Mother and Child Evil Eye Ring, Two Tone",BAS-EE-R06-10KWY-US10,Karat: 10K,Metal Color: White/Yellow Gold,Ring Size: US 10,660.00
R06,"Mother and Child Evil Eye Ring, Two Tone",BAS-EE-R06-10KWY-US10_5,Karat: 10K,Metal Color: White/Yellow Gold,Ring Size: US 10.5,680.00
R06,"Mother and Child Evil Eye Ring, Two Tone",BAS-EE-R06-10KWY-US11,Karat: 10K,Metal Color: White/Yellow Gold,Ring Size: US 11,690.00
R06,"Mother and Child Evil Eye Ring, Two Tone",BAS-EE-R06-10KWY-US11_5,Karat: 10K,Metal Color: White/Yellow Gold,Ring Size: US 11.5,700.00
R06,"Mother and Child Evil Eye Ring, Two Tone",BAS-EE-R06-10KWY-US12,Karat: 10K,Metal Color: White/Yellow Gold,Ring Size: US 12,710.00
R06,"Mother and Child Evil Eye Ring, Two Tone",BAS-EE-R06-10KWY-US12_5,Karat: 10K,Metal Color: White/Yellow Gold,Ring Size: US 12.5,720.00
R06,"Mother and Child Evil Eye Ring, Two Tone",BAS-EE-R06-10KWY-US13,Karat: 10K,Metal Color: White/Yellow Gold,Ring Size: US 13,730.00
R06,"Mother and Child Evil Eye Ring, Two Tone",BAS-EE-R06-10KWY-US13_5,Karat: 10K,Metal Color: White/Yellow Gold,Ring Size: US 13.5,740.00
R06,"Mother and Child Evil Eye Ring, Two Tone",BAS-EE-R06-10KWY-US14,Karat: 10K,Metal Color: White/Yellow Gold,Ring Size: US 14,750.00
R06,"Mother and Child Evil Eye Ring, Two Tone",BAS-EE-R06-10KWY-US14_5,Karat: 10K,Metal Color: White/Yellow Gold,Ring Size: US 14.5,760.00
R06,"Mother and Child Evil Eye Ring, Two Tone",BAS-EE-R06-10KWY-US15,Karat: 10K,Metal Color: White/Yellow Gold,Ring Size: US 15,770.00
R06,"Mother and Child Evil Eye Ring, Two Tone",BAS-EE-R06-10KWY-US15_5,Karat: 10K,Metal Color: White/Yellow Gold,Ring Size: US 15.5,780.00
R06,"Mother and Child Evil Eye Ring, Two Tone",BAS-EE-R06-10KWY-US16,Karat: 10K,Metal Color: White/Yellow Gold,Ring Size: US 16,790.00
R06,"Mother and Child Evil Eye Ring, Two Tone",BAS-EE-R06-10KRW-US3,Karat: 10K,Metal Color: Rose/White Gold,Ring Size: US 3,520.00
R06,"Mother and Child Evil Eye Ring, Two Tone",BAS-EE-R06-10KRW-US3_5,Karat: 10K,Metal Color: Rose/White Gold,Ring Size: US 3.5,530.00
R06,"Mother and Child Evil Eye Ring, Two Tone",BAS-EE-R06-10KRW-US4,Karat: 10K,Metal Color: Rose/White Gold,Ring Size: US 4,540.00
R06,"Mother and Child Evil Eye Ring, Two Tone",BAS-EE-R06-10KRW-US4_5,Karat: 10K,Metal Color: Rose/White Gold,Ring Size: US 4.5,550.00
R06,"Mother and Child Evil Eye Ring, Two Tone",BAS-EE-R06-10KRW-US5,Karat: 10K,Metal Color: Rose/White Gold,Ring Size: US 5,560.00
R06,"Mother and Child Evil Eye Ring, Two Tone",BAS-EE-R06-10KRW-US5_5,Karat: 10K,Metal Color: Rose/White Gold,Ring Size: US 5.5,570.00
R06,"Mother and Child Evil Eye Ring, Two Tone",BAS-EE-R06-10KRW-US6,Karat: 10K,Metal Color: Rose/White Gold,Ring Size: US 6,580.00
R06,"Mother and Child Evil Eye Ring, Two Tone",BAS-EE-R06-10KRW-US6_5,Karat: 10K,Metal Color: Rose/White Gold,Ring Size: US 6.5,590.00
R06,"Mother and Child Evil Eye Ring, Two Tone",BAS-EE-R06-10KRW-US7,Karat: 10K,Metal Color: Rose/White Gold,Ring Size: US 7,600.00
R06,"Mother and Child Evil Eye Ring, Two Tone",BAS-EE-R06-10KRW-US7_5,Karat: 10K,Metal Color: Rose/White Gold,Ring Size: US 7.5,610.00
R06,"Mother and Child Evil Eye Ring, Two Tone",BAS-EE-R06-10KRW-US8,Karat: 10K,Metal Color: Rose/White Gold,Ring Size: US 8,620.00
R06,"Mother and Child Evil Eye Ring, Two Tone",BAS-EE-R06-10KRW-US8_5,Karat: 10K,Metal Color: Rose/White Gold,Ring Size: US 8.5,630.00
R06,"Mother and Child Evil Eye Ring, Two Tone",BAS-EE-R06-10KRW-US9,Karat: 10K,Metal Color: Rose/White Gold,Ring Size: US 9,640.00
R06,"Mother and Child Evil Eye Ring, Two Tone",BAS-EE-R06-10KRW-US9_5,Karat: 10K,Metal Color: Rose/White Gold,Ring Size: US 9.5,650.00
R06,"Mother and Child Evil Eye Ring, Two Tone",BAS-EE-R06-10KRW-US10,Karat: 10K,Metal Color: Rose/White Gold,Ring Size: US 10,660.00
R06,"Mother and Child Evil Eye Ring, Two Tone",BAS-EE-R06-10KRW-US10_5,Karat: 10K,Metal Color: Rose/White Gold,Ring Size: US 10.5,680.00
R06,"Mother and Child Evil Eye Ring, Two Tone",BAS-EE-R06-10KRW-US11,Karat: 10K,Metal Color: Rose/White Gold,Ring Size: US 11,690.00
R06,"Mother and Child Evil Eye Ring, Two Tone",BAS-EE-R06-10KRW-US11_5,Karat: 10K,Metal Color: Rose/White Gold,Ring Size: US 11.5,700.00
R06,"Mother and Child Evil Eye Ring, Two Tone",BAS-EE-R06-10KRW-US12,Karat: 10K,Metal Color: Rose/White Gold,Ring Size: US 12,710.00
R06,"Mother and Child Evil Eye Ring, Two Tone",BAS-EE-R06-10KRW-US12_5,Karat: 10K,Metal Color: Rose/White Gold,Ring Size: US 12.5,720.00
R06,"Mother and Child Evil Eye Ring, Two Tone",BAS-EE-R06-10KRW-US13,Karat: 10K,Metal Color: Rose/White Gold,Ring Size: US 13,730.00
R06,"Mother and Child Evil Eye Ring, Two Tone",BAS-EE-R06-10KRW-US13_5,Karat: 10K,Metal Color: Rose/White Gold,Ring Size: US 13.5,740.00
R06,"Mother and Child Evil Eye Ring, Two Tone",BAS-EE-R06-10KRW-US14,Karat: 10K,Metal Color: Rose/White Gold,Ring Size: US 14,750.00
R06,"Mother and Child Evil Eye Ring, Two Tone",BAS-EE-R06-10KRW-US14_5,Karat: 10K,Metal Color: Rose/White Gold,Ring Size: US 14.5,760.00
R06,"Mother and Child Evil Eye Ring, Two Tone",BAS-EE-R06-10KRW-US15,Karat: 10K,Metal Color: Rose/White Gold,Ring Size: US 15,770.00
R06,"Mother and Child Evil Eye Ring, Two Tone",BAS-EE-R06-10KRW-US15_5,Karat: 10K,Metal Color: Rose/White Gold,Ring Size: US 15.5,780.00
R06,"Mother and Child Evil Eye Ring, Two Tone",BAS-EE-R06-10KRW-US16,Karat: 10K,Metal Color: Rose/White Gold,Ring Size: US 16,790.00
R06,"Mother and Child Evil Eye Ring, Two Tone",BAS-EE-R06-14KYW-US3,Karat: 14K,Metal Color: Yellow/White Gold,Ring Size: US 3,700.00
R06,"Mother and Child Evil Eye Ring, Two Tone",BAS-EE-R06-14KYW-US3_5,Karat: 14K,Metal Color: Yellow/White Gold,Ring Size: US 3.5,710.00
R06,"Mother and Child Evil Eye Ring, Two Tone",BAS-EE-R06-14KYW-US4,Karat: 14K,Metal Color: Yellow/White Gold,Ring Size: US 4,730.00
R06,"Mother and Child Evil Eye Ring, Two Tone",BAS-EE-R06-14KYW-US4_5,Karat: 14K,Metal Color: Yellow/White Gold,Ring Size: US 4.5,750.00
R06,"Mother and Child Evil Eye Ring, Two Tone",BAS-EE-R06-14KYW-US5,Karat: 14K,Metal Color: Yellow/White Gold,Ring Size: US 5,760.00
R06,"Mother and Child Evil Eye Ring, Two Tone",BAS-EE-R06-14KYW-US5_5,Karat: 14K,Metal Color: Yellow/White Gold,Ring Size: US 5.5,780.00
R06,"Mother and Child Evil Eye Ring, Two Tone",BAS-EE-R06-14KYW-US6,Karat: 14K,Metal Color: Yellow/White Gold,Ring Size: US 6,790.00
R06,"Mother and Child Evil Eye Ring, Two Tone",BAS-EE-R06-14KYW-US6_5,Karat: 14K,Metal Color: Yellow/White Gold,Ring Size: US 6.5,810.00
R06,"Mother and Child Evil Eye Ring, Two Tone",BAS-EE-R06-14KYW-US7,Karat: 14K,Metal Color: Yellow/White Gold,Ring Size: US 7,820.00
R06,"Mother and Child Evil Eye Ring, Two Tone",BAS-EE-R06-14KYW-US7_5,Karat: 14K,Metal Color: Yellow/White Gold,Ring Size: US 7.5,840.00
R06,"Mother and Child Evil Eye Ring, Two Tone",BAS-EE-R06-14KYW-US8,Karat: 14K,Metal Color: Yellow/White Gold,Ring Size: US 8,850.00
R06,"Mother and Child Evil Eye Ring, Two Tone",BAS-EE-R06-14KYW-US8_5,Karat: 14K,Metal Color: Yellow/White Gold,Ring Size: US 8.5,870.00
R06,"Mother and Child Evil Eye Ring, Two Tone",BAS-EE-R06-14KYW-US9,Karat: 14K,Metal Color: Yellow/White Gold,Ring Size: US 9,880.00
R06,"Mother and Child Evil Eye Ring, Two Tone",BAS-EE-R06-14KYW-US9_5,Karat: 14K,Metal Color: Yellow/White Gold,Ring Size: US 9.5,900.00
R06,"Mother and Child Evil Eye Ring, Two Tone",BAS-EE-R06-14KYW-US10,Karat: 14K,Metal Color: Yellow/White Gold,Ring Size: US 10,920.00
R06,"Mother and Child Evil Eye Ring, Two Tone",BAS-EE-R06-14KYW-US10_5,Karat: 14K,Metal Color: Yellow/White Gold,Ring Size: US 10.5,930.00
R06,"Mother and Child Evil Eye Ring, Two Tone",BAS-EE-R06-14KYW-US11,Karat: 14K,Metal Color: Yellow/White Gold,Ring Size: US 11,950.00
R06,"Mother and Child Evil Eye Ring, Two Tone",BAS-EE-R06-14KYW-US11_5,Karat: 14K,Metal Color: Yellow/White Gold,Ring Size: US 11.5,960.00
R06,"Mother and Child Evil Eye Ring, Two Tone",BAS-EE-R06-14KYW-US12,Karat: 14K,Metal Color: Yellow/White Gold,Ring Size: US 12,980.00
R06,"Mother and Child Evil Eye Ring, Two Tone",BAS-EE-R06-14KYW-US12_5,Karat: 14K,Metal Color: Yellow/White Gold,Ring Size: US 12.5,990.00
R06,"Mother and Child Evil Eye Ring, Two Tone",BAS-EE-R06-14KYW-US13,Karat: 14K,Metal Color: Yellow/White Gold,Ring Size: US 13,1010.00
R06,"Mother and Child Evil Eye Ring, Two Tone",BAS-EE-R06-14KYW-US13_5,Karat: 14K,Metal Color: Yellow/White Gold,Ring Size: US 13.5,1020.00
R06,"Mother and Child Evil Eye Ring, Two Tone",BAS-EE-R06-14KYW-US14,Karat: 14K,Metal Color: Yellow/White Gold,Ring Size: US 14,1040.00
R06,"Mother and Child Evil Eye Ring, Two Tone",BAS-EE-R06-14KYW-US14_5,Karat: 14K,Metal Color: Yellow/White Gold,Ring Size: US 14.5,1050.00
R06,"Mother and Child Evil Eye Ring, Two Tone",BAS-EE-R06-14KYW-US15,Karat: 14K,Metal Color: Yellow/White Gold,Ring Size: US 15,1070.00
R06,"Mother and Child Evil Eye Ring, Two Tone",BAS-EE-R06-14KYW-US15_5,Karat: 14K,Metal Color: Yellow/White Gold,Ring Size: US 15.5,1090.00
R06,"Mother and Child Evil Eye Ring, Two Tone",BAS-EE-R06-14KYW-US16,Karat: 14K,Metal Color: Yellow/White Gold,Ring Size: US 16,1100.00
R06,"Mother and Child Evil Eye Ring, Two Tone",BAS-EE-R06-14KWY-US3,Karat: 14K,Metal Color: White/Yellow Gold,Ring Size: US 3,700.00
R06,"Mother and Child Evil Eye Ring, Two Tone",BAS-EE-R06-14KWY-US3_5,Karat: 14K,Metal Color: White/Yellow Gold,Ring Size: US 3.5,710.00
R06,"Mother and Child Evil Eye Ring, Two Tone",BAS-EE-R06-14KWY-US4,Karat: 14K,Metal Color: White/Yellow Gold,Ring Size: US 4,730.00
R06,"Mother and Child Evil Eye Ring, Two Tone",BAS-EE-R06-14KWY-US4_5,Karat: 14K,Metal Color: White/Yellow Gold,Ring Size: US 4.5,750.00
R06,"Mother and Child Evil Eye Ring, Two Tone",BAS-EE-R06-14KWY-US5,Karat: 14K,Metal Color: White/Yellow Gold,Ring Size: US 5,760.00
R06,"Mother and Child Evil Eye Ring, Two Tone",BAS-EE-R06-14KWY-US5_5,Karat: 14K,Metal Color: White/Yellow Gold,Ring Size: US 5.5,780.00
R06,"Mother and Child Evil Eye Ring, Two Tone",BAS-EE-R06-14KWY-US6,Karat: 14K,Metal Color: White/Yellow Gold,Ring Size: US 6,790.00
R06,"Mother and Child Evil Eye Ring, Two Tone",BAS-EE-R06-14KWY-US6_5,Karat: 14K,Metal Color: White/Yellow Gold,Ring Size: US 6.5,810.00
R06,"Mother and Child Evil Eye Ring, Two Tone",BAS-EE-R06-14KWY-US7,Karat: 14K,Metal Color: White/Yellow Gold,Ring Size: US 7,820.00
R06,"Mother and Child Evil Eye Ring, Two Tone",BAS-EE-R06-14KWY-US7_5,Karat: 14K,Metal Color: White/Yellow Gold,Ring Size: US 7.5,840.00
R06,"Mother and Child Evil Eye Ring, Two Tone",BAS-EE-R06-14KWY-US8,Karat: 14K,Metal Color: White/Yellow Gold,Ring Size: US 8,850.00
R06,"Mother and Child Evil Eye Ring, Two Tone",BAS-EE-R06-14KWY-US8_5,Karat: 14K,Metal Color: White/Yellow Gold,Ring Size: US 8.5,870.00
R06,"Mother and Child Evil Eye Ring, Two Tone",BAS-EE-R06-14KWY-US9,Karat: 14K,Metal Color: White/Yellow Gold,Ring Size: US 9,880.00
R06,"Mother and Child Evil Eye Ring, Two Tone",BAS-EE-R06-14KWY-US9_5,Karat: 14K,Metal Color: White/Yellow Gold,Ring Size: US 9.5,900.00
R06,"Mother and Child Evil Eye Ring, Two Tone",BAS-EE-R06-14KWY-US10,Karat: 14K,Metal Color: White/Yellow Gold,Ring Size: US 10,920.00
R06,"Mother and Child Evil Eye Ring, Two Tone",BAS-EE-R06-14KWY-US10_5,Karat: 14K,Metal Color: White/Yellow Gold,Ring Size: US 10.5,930.00
R06,"Mother and Child Evil Eye Ring, Two Tone",BAS-EE-R06-14KWY-US11,Karat: 14K,Metal Color: White/Yellow Gold,Ring Size: US 11,950.00
R06,"Mother and Child Evil Eye Ring, Two Tone",BAS-EE-R06-14KWY-US11_5,Karat: 14K,Metal Color: White/Yellow Gold,Ring Size: US 11.5,960.00
R06,"Mother and Child Evil Eye Ring, Two Tone",BAS-EE-R06-14KWY-US12,Karat: 14K,Metal Color: White/Yellow Gold,Ring Size: US 12,980.00
R06,"Mother and Child Evil Eye Ring, Two Tone",BAS-EE-R06-14KWY-US12_5,Karat: 14K,Metal Color: White/Yellow Gold,Ring Size: US 12.5,990.00
R06,"Mother and Child Evil Eye Ring, Two Tone",BAS-EE-R06-14KWY-US13,Karat: 14K,Metal Color: White/Yellow Gold,Ring Size: US 13,1010.00
R06,"Mother and Child Evil Eye Ring, Two Tone",BAS-EE-R06-14KWY-US13_5,Karat: 14K,Metal Color: White/Yellow Gold,Ring Size: US 13.5,1020.00
R06,"Mother and Child Evil Eye Ring, Two Tone",BAS-EE-R06-14KWY-US14,Karat: 14K,Metal Color: White/Yellow Gold,Ring Size: US 14,1040.00
R06,"Mother and Child Evil Eye Ring, Two Tone",BAS-EE-R06-14KWY-US14_5,Karat: 14K,Metal Color: White/Yellow Gold,Ring Size: US 14.5,1050.00
R06,"Mother and Child Evil Eye Ring, Two Tone",BAS-EE-R06-14KWY-US15,Karat: 14K,Metal Color: White/Yellow Gold,Ring Size: US 15,1070.00
R06,"Mother and Child Evil Eye Ring, Two Tone",BAS-EE-R06-14KWY-US15_5,Karat: 14K,Metal Color: White/Yellow Gold,Ring Size: US 15.5,1090.00
R06,"Mother and Child Evil Eye Ring, Two Tone",BAS-EE-R06-14KWY-US16,Karat: 14K,Metal Color: White/Yellow Gold,Ring Size: US 16,1100.00
R06,"Mother and Child Evil Eye Ring, Two Tone",BAS-EE-R06-14KRW-US3,Karat: 14K,Metal Color: Rose/White Gold,Ring Size: US 3,700.00
R06,"Mother and Child Evil Eye Ring, Two Tone",BAS-EE-R06-14KRW-US3_5,Karat: 14K,Metal Color: Rose/White Gold,Ring Size: US 3.5,710.00
R06,"Mother and Child Evil Eye Ring, Two Tone",BAS-EE-R06-14KRW-US4,Karat: 14K,Metal Color: Rose/White Gold,Ring Size: US 4,730.00
R06,"Mother and Child Evil Eye Ring, Two Tone",BAS-EE-R06-14KRW-US4_5,Karat: 14K,Metal Color: Rose/White Gold,Ring Size: US 4.5,750.00
R06,"Mother and Child Evil Eye Ring, Two Tone",BAS-EE-R06-14KRW-US5,Karat: 14K,Metal Color: Rose/White Gold,Ring Size: US 5,760.00
R06,"Mother and Child Evil Eye Ring, Two Tone",BAS-EE-R06-14KRW-US5_5,Karat: 14K,Metal Color: Rose/White Gold,Ring Size: US 5.5,780.00
R06,"Mother and Child Evil Eye Ring, Two Tone",BAS-EE-R06-14KRW-US6,Karat: 14K,Metal Color: Rose/White Gold,Ring Size: US 6,790.00
R06,"Mother and Child Evil Eye Ring, Two Tone",BAS-EE-R06-14KRW-US6_5,Karat: 14K,Metal Color: Rose/White Gold,Ring Size: US 6.5,810.00
R06,"Mother and Child Evil Eye Ring, Two Tone",BAS-EE-R06-14KRW-US7,Karat: 14K,Metal Color: Rose/White Gold,Ring Size: US 7,820.00
R06,"Mother and Child Evil Eye Ring, Two Tone",BAS-EE-R06-14KRW-US7_5,Karat: 14K,Metal Color: Rose/White Gold,Ring Size: US 7.5,840.00
R06,"Mother and Child Evil Eye Ring, Two Tone",BAS-EE-R06-14KRW-US8,Karat: 14K,Metal Color: Rose/White Gold,Ring Size: US 8,850.00
R06,"Mother and Child Evil Eye Ring, Two Tone",BAS-EE-R06-14KRW-US8_5,Karat: 14K,Metal Color: Rose/White Gold,Ring Size: US 8.5,870.00
R06,"Mother and Child Evil Eye Ring, Two Tone",BAS-EE-R06-14KRW-US9,Karat: 14K,Metal Color: Rose/White Gold,Ring Size: US 9,880.00
R06,"Mother and Child Evil Eye Ring, Two Tone",BAS-EE-R06-14KRW-US9_5,Karat: 14K,Metal Color: Rose/White Gold,Ring Size: US 9.5,900.00
R06,"Mother and Child Evil Eye Ring, Two Tone",BAS-EE-R06-14KRW-US10,Karat: 14K,Metal Color: Rose/White Gold,Ring Size: US 10,920.00
R06,"Mother and Child Evil Eye Ring, Two Tone",BAS-EE-R06-14KRW-US10_5,Karat: 14K,Metal Color: Rose/White Gold,Ring Size: US 10.5,930.00
R06,"Mother and Child Evil Eye Ring, Two Tone",BAS-EE-R06-14KRW-US11,Karat: 14K,Metal Color: Rose/White Gold,Ring Size: US 11,950.00
R06,"Mother and Child Evil Eye Ring, Two Tone",BAS-EE-R06-14KRW-US11_5,Karat: 14K,Metal Color: Rose/White Gold,Ring Size: US 11.5,960.00
R06,"Mother and Child Evil Eye Ring, Two Tone",BAS-EE-R06-14KRW-US12,Karat: 14K,Metal Color: Rose/White Gold,Ring Size: US 12,980.00
R06,"Mother and Child Evil Eye Ring, Two Tone",BAS-EE-R06-14KRW-US12_5,Karat: 14K,Metal Color: Rose/White Gold,Ring Size: US 12.5,990.00
R06,"Mother and Child Evil Eye Ring, Two Tone",BAS-EE-R06-14KRW-US13,Karat: 14K,Metal Color: Rose/White Gold,Ring Size: US 13,1010.00
R06,"Mother and Child Evil Eye Ring, Two Tone",BAS-EE-R06-14KRW-US13_5,Karat: 14K,Metal Color: Rose/White Gold,Ring Size: US 13.5,1020.00
R06,"Mother and Child Evil Eye Ring, Two Tone",BAS-EE-R06-14KRW-US14,Karat: 14K,Metal Color: Rose/White Gold,Ring Size: US 14,1040.00
R06,"Mother and Child Evil Eye Ring, Two Tone",BAS-EE-R06-14KRW-US14_5,Karat: 14K,Metal Color: Rose/White Gold,Ring Size: US 14.5,1050.00
R06,"Mother and Child Evil Eye Ring, Two Tone",BAS-EE-R06-14KRW-US15,Karat: 14K,Metal Color: Rose/White Gold,Ring Size: US 15,1070.00
R06,"Mother and Child Evil Eye Ring, Two Tone",BAS-EE-R06-14KRW-US15_5,Karat: 14K,Metal Color: Rose/White Gold,Ring Size: US 15.5,1090.00
R06,"Mother and Child Evil Eye Ring, Two Tone",BAS-EE-R06-14KRW-US16,Karat: 14K,Metal Color: Rose/White Gold,Ring Size: US 16,1100.00
R06,"Mother and Child Evil Eye Ring, Two Tone",BAS-EE-R06-18KYW-US3,Karat: 18K,Metal Color: Yellow/White Gold,Ring Size: US 3,930.00
R06,"Mother and Child Evil Eye Ring, Two Tone",BAS-EE-R06-18KYW-US3_5,Karat: 18K,Metal Color: Yellow/White Gold,Ring Size: US 3.5,950.00
R06,"Mother and Child Evil Eye Ring, Two Tone",BAS-EE-R06-18KYW-US4,Karat: 18K,Metal Color: Yellow/White Gold,Ring Size: US 4,970.00
R06,"Mother and Child Evil Eye Ring, Two Tone",BAS-EE-R06-18KYW-US4_5,Karat: 18K,Metal Color: Yellow/White Gold,Ring Size: US 4.5,990.00
R06,"Mother and Child Evil Eye Ring, Two Tone",BAS-EE-R06-18KYW-US5,Karat: 18K,Metal Color: Yellow/White Gold,Ring Size: US 5,1020.00
R06,"Mother and Child Evil Eye Ring, Two Tone",BAS-EE-R06-18KYW-US5_5,Karat: 18K,Metal Color: Yellow/White Gold,Ring Size: US 5.5,1040.00
R06,"Mother and Child Evil Eye Ring, Two Tone",BAS-EE-R06-18KYW-US6,Karat: 18K,Metal Color: Yellow/White Gold,Ring Size: US 6,1060.00
R06,"Mother and Child Evil Eye Ring, Two Tone",BAS-EE-R06-18KYW-US6_5,Karat: 18K,Metal Color: Yellow/White Gold,Ring Size: US 6.5,1080.00
R06,"Mother and Child Evil Eye Ring, Two Tone",BAS-EE-R06-18KYW-US7,Karat: 18K,Metal Color: Yellow/White Gold,Ring Size: US 7,1100.00
R06,"Mother and Child Evil Eye Ring, Two Tone",BAS-EE-R06-18KYW-US7_5,Karat: 18K,Metal Color: Yellow/White Gold,Ring Size: US 7.5,1120.00
R06,"Mother and Child Evil Eye Ring, Two Tone",BAS-EE-R06-18KYW-US8,Karat: 18K,Metal Color: Yellow/White Gold,Ring Size: US 8,1150.00
R06,"Mother and Child Evil Eye Ring, Two Tone",BAS-EE-R06-18KYW-US8_5,Karat: 18K,Metal Color: Yellow/White Gold,Ring Size: US 8.5,1170.00
R06,"Mother and Child Evil Eye Ring, Two Tone",BAS-EE-R06-18KYW-US9,Karat: 18K,Metal Color: Yellow/White Gold,Ring Size: US 9,1190.00
R06,"Mother and Child Evil Eye Ring, Two Tone",BAS-EE-R06-18KYW-US9_5,Karat: 18K,Metal Color: Yellow/White Gold,Ring Size: US 9.5,1210.00
R06,"Mother and Child Evil Eye Ring, Two Tone",BAS-EE-R06-18KYW-US10,Karat: 18K,Metal Color: Yellow/White Gold,Ring Size: US 10,1230.00
R06,"Mother and Child Evil Eye Ring, Two Tone",BAS-EE-R06-18KYW-US10_5,Karat: 18K,Metal Color: Yellow/White Gold,Ring Size: US 10.5,1250.00
R06,"Mother and Child Evil Eye Ring, Two Tone",BAS-EE-R06-18KYW-US11,Karat: 18K,Metal Color: Yellow/White Gold,Ring Size: US 11,1270.00
R06,"Mother and Child Evil Eye Ring, Two Tone",BAS-EE-R06-18KYW-US11_5,Karat: 18K,Metal Color: Yellow/White Gold,Ring Size: US 11.5,1300.00
R06,"Mother and Child Evil Eye Ring, Two Tone",BAS-EE-R06-18KYW-US12,Karat: 18K,Metal Color: Yellow/White Gold,Ring Size: US 12,1320.00
R06,"Mother and Child Evil Eye Ring, Two Tone",BAS-EE-R06-18KYW-US12_5,Karat: 18K,Metal Color: Yellow/White Gold,Ring Size: US 12.5,1340.00
R06,"Mother and Child Evil Eye Ring, Two Tone",BAS-EE-R06-18KYW-US13,Karat: 18K,Metal Color: Yellow/White Gold,Ring Size: US 13,1360.00
R06,"Mother and Child Evil Eye Ring, Two Tone",BAS-EE-R06-18KYW-US13_5,Karat: 18K,Metal Color: Yellow/White Gold,Ring Size: US 13.5,1380.00
R06,"Mother and Child Evil Eye Ring, Two Tone",BAS-EE-R06-18KYW-US14,Karat: 18K,Metal Color: Yellow/White Gold,Ring Size: US 14,1400.00
R06,"Mother and Child Evil Eye Ring, Two Tone",BAS-EE-R06-18KYW-US14_5,Karat: 18K,Metal Color: Yellow/White Gold,Ring Size: US 14.5,1420.00
R06,"Mother and Child Evil Eye Ring, Two Tone",BAS-EE-R06-18KYW-US15,Karat: 18K,Metal Color: Yellow/White Gold,Ring Size: US 15,1450.00
R06,"Mother and Child Evil Eye Ring, Two Tone",BAS-EE-R06-18KYW-US15_5,Karat: 18K,Metal Color: Yellow/White Gold,Ring Size: US 15.5,1470.00
R06,"Mother and Child Evil Eye Ring, Two Tone",BAS-EE-R06-18KYW-US16,Karat: 18K,Metal Color: Yellow/White Gold,Ring Size: US 16,1490.00
R06,"Mother and Child Evil Eye Ring, Two Tone",BAS-EE-R06-18KWY-US3,Karat: 18K,Metal Color: White/Yellow Gold,Ring Size: US 3,930.00
R06,"Mother and Child Evil Eye Ring, Two Tone",BAS-EE-R06-18KWY-US3_5,Karat: 18K,Metal Color: White/Yellow Gold,Ring Size: US 3.5,950.00
R06,"Mother and Child Evil Eye Ring, Two Tone",BAS-EE-R06-18KWY-US4,Karat: 18K,Metal Color: White/Yellow Gold,Ring Size: US 4,970.00
R06,"Mother and Child Evil Eye Ring, Two Tone",BAS-EE-R06-18KWY-US4_5,Karat: 18K,Metal Color: White/Yellow Gold,Ring Size: US 4.5,990.00
R06,"Mother and Child Evil Eye Ring, Two Tone",BAS-EE-R06-18KWY-US5,Karat: 18K,Metal Color: White/Yellow Gold,Ring Size: US 5,1020.00
R06,"Mother and Child Evil Eye Ring, Two Tone",BAS-EE-R06-18KWY-US5_5,Karat: 18K,Metal Color: White/Yellow Gold,Ring Size: US 5.5,1040.00
R06,"Mother and Child Evil Eye Ring, Two Tone",BAS-EE-R06-18KWY-US6,Karat: 18K,Metal Color: White/Yellow Gold,Ring Size: US 6,1060.00
R06,"Mother and Child Evil Eye Ring, Two Tone",BAS-EE-R06-18KWY-US6_5,Karat: 18K,Metal Color: White/Yellow Gold,Ring Size: US 6.5,1080.00
R06,"Mother and Child Evil Eye Ring, Two Tone",BAS-EE-R06-18KWY-US7,Karat: 18K,Metal Color: White/Yellow Gold,Ring Size: US 7,1100.00
R06,"Mother and Child Evil Eye Ring, Two Tone",BAS-EE-R06-18KWY-US7_5,Karat: 18K,Metal Color: White/Yellow Gold,Ring Size: US 7.5,1120.00
R06,"Mother and Child Evil Eye Ring, Two Tone",BAS-EE-R06-18KWY-US8,Karat: 18K,Metal Color: White/Yellow Gold,Ring Size: US 8,1150.00
R06,"Mother and Child Evil Eye Ring, Two Tone",BAS-EE-R06-18KWY-US8_5,Karat: 18K,Metal Color: White/Yellow Gold,Ring Size: US 8.5,1170.00
R06,"Mother and Child Evil Eye Ring, Two Tone",BAS-EE-R06-18KWY-US9,Karat: 18K,Metal Color: White/Yellow Gold,Ring Size: US 9,1190.00
R06,"Mother and Child Evil Eye Ring, Two Tone",BAS-EE-R06-18KWY-US9_5,Karat: 18K,Metal Color: White/Yellow Gold,Ring Size: US 9.5,1210.00
R06,"Mother and Child Evil Eye Ring, Two Tone",BAS-EE-R06-18KWY-US10,Karat: 18K,Metal Color: White/Yellow Gold,Ring Size: US 10,1230.00
R06,"Mother and Child Evil Eye Ring, Two Tone",BAS-EE-R06-18KWY-US10_5,Karat: 18K,Metal Color: White/Yellow Gold,Ring Size: US 10.5,1250.00
R06,"Mother and Child Evil Eye Ring, Two Tone",BAS-EE-R06-18KWY-US11,Karat: 18K,Metal Color: White/Yellow Gold,Ring Size: US 11,1270.00
R06,"Mother and Child Evil Eye Ring, Two Tone",BAS-EE-R06-18KWY-US11_5,Karat: 18K,Metal Color: White/Yellow Gold,Ring Size: US 11.5,1300.00
R06,"Mother and Child Evil Eye Ring, Two Tone",BAS-EE-R06-18KWY-US12,Karat: 18K,Metal Color: White/Yellow Gold,Ring Size: US 12,1320.00
R06,"Mother and Child Evil Eye Ring, Two Tone",BAS-EE-R06-18KWY-US12_5,Karat: 18K,Metal Color: White/Yellow Gold,Ring Size: US 12.5,1340.00
R06,"Mother and Child Evil Eye Ring, Two Tone",BAS-EE-R06-18KWY-US13,Karat: 18K,Metal Color: White/Yellow Gold,Ring Size: US 13,1360.00
R06,"Mother and Child Evil Eye Ring, Two Tone",BAS-EE-R06-18KWY-US13_5,Karat: 18K,Metal Color: White/Yellow Gold,Ring Size: US 13.5,1380.00
R06,"Mother and Child Evil Eye Ring, Two Tone",BAS-EE-R06-18KWY-US14,Karat: 18K,Metal Color: White/Yellow Gold,Ring Size: US 14,1400.00
R06,"Mother and Child Evil Eye Ring, Two Tone",BAS-EE-R06-18KWY-US14_5,Karat: 18K,Metal Color: White/Yellow Gold,Ring Size: US 14.5,1420.00
R06,"Mother and Child Evil Eye Ring, Two Tone",BAS-EE-R06-18KWY-US15,Karat: 18K,Metal Color: White/Yellow Gold,Ring Size: US 15,1450.00
R06,"Mother and Child Evil Eye Ring, Two Tone",BAS-EE-R06-18KWY-US15_5,Karat: 18K,Metal Color: White/Yellow Gold,Ring Size: US 15.5,1470.00
R06,"Mother and Child Evil Eye Ring, Two Tone",BAS-EE-R06-18KWY-US16,Karat: 18K,Metal Color: White/Yellow Gold,Ring Size: US 16,1490.00
R06,"Mother and Child Evil Eye Ring, Two Tone",BAS-EE-R06-18KRW-US3,Karat: 18K,Metal Color: Rose/White Gold,Ring Size: US 3,930.00
R06,"Mother and Child Evil Eye Ring, Two Tone",BAS-EE-R06-18KRW-US3_5,Karat: 18K,Metal Color: Rose/White Gold,Ring Size: US 3.5,950.00
R06,"Mother and Child Evil Eye Ring, Two Tone",BAS-EE-R06-18KRW-US4,Karat: 18K,Metal Color: Rose/White Gold,Ring Size: US 4,970.00
R06,"Mother and Child Evil Eye Ring, Two Tone",BAS-EE-R06-18KRW-US4_5,Karat: 18K,Metal Color: Rose/White Gold,Ring Size: US 4.5,990.00
R06,"Mother and Child Evil Eye Ring, Two Tone",BAS-EE-R06-18KRW-US5,Karat: 18K,Metal Color: Rose/White Gold,Ring Size: US 5,1020.00
R06,"Mother and Child Evil Eye Ring, Two Tone",BAS-EE-R06-18KRW-US5_5,Karat: 18K,Metal Color: Rose/White Gold,Ring Size: US 5.5,1040.00
R06,"Mother and Child Evil Eye Ring, Two Tone",BAS-EE-R06-18KRW-US6,Karat: 18K,Metal Color: Rose/White Gold,Ring Size: US 6,1060.00
R06,"Mother and Child Evil Eye Ring, Two Tone",BAS-EE-R06-18KRW-US6_5,Karat: 18K,Metal Color: Rose/White Gold,Ring Size: US 6.5,1080.00
R06,"Mother and Child Evil Eye Ring, Two Tone",BAS-EE-R06-18KRW-US7,Karat: 18K,Metal Color: Rose/White Gold,Ring Size: US 7,1100.00
R06,"Mother and Child Evil Eye Ring, Two Tone",BAS-EE-R06-18KRW-US7_5,Karat: 18K,Metal Color: Rose/White Gold,Ring Size: US 7.5,1120.00
R06,"Mother and Child Evil Eye Ring, Two Tone",BAS-EE-R06-18KRW-US8,Karat: 18K,Metal Color: Rose/White Gold,Ring Size: US 8,1150.00
R06,"Mother and Child Evil Eye Ring, Two Tone",BAS-EE-R06-18KRW-US8_5,Karat: 18K,Metal Color: Rose/White Gold,Ring Size: US 8.5,1170.00
R06,"Mother and Child Evil Eye Ring, Two Tone",BAS-EE-R06-18KRW-US9,Karat: 18K,Metal Color: Rose/White Gold,Ring Size: US 9,1190.00
R06,"Mother and Child Evil Eye Ring, Two Tone",BAS-EE-R06-18KRW-US9_5,Karat: 18K,Metal Color: Rose/White Gold,Ring Size: US 9.5,1210.00
R06,"Mother and Child Evil Eye Ring, Two Tone",BAS-EE-R06-18KRW-US10,Karat: 18K,Metal Color: Rose/White Gold,Ring Size: US 10,1230.00
R06,"Mother and Child Evil Eye Ring, Two Tone",BAS-EE-R06-18KRW-US10_5,Karat: 18K,Metal Color: Rose/White Gold,Ring Size: US 10.5,1250.00
R06,"Mother and Child Evil Eye Ring, Two Tone",BAS-EE-R06-18KRW-US11,Karat: 18K,Metal Color: Rose/White Gold,Ring Size: US 11,1270.00
R06,"Mother and Child Evil Eye Ring, Two Tone",BAS-EE-R06-18KRW-US11_5,Karat: 18K,Metal Color: Rose/White Gold,Ring Size: US 11.5,1300.00
R06,"Mother and Child Evil Eye Ring, Two Tone",BAS-EE-R06-18KRW-US12,Karat: 18K,Metal Color: Rose/White Gold,Ring Size: US 12,1320.00
R06,"Mother and Child Evil Eye Ring, Two Tone",BAS-EE-R06-18KRW-US12_5,Karat: 18K,Metal Color: Rose/White Gold,Ring Size: US 12.5,1340.00
R06,"Mother and Child Evil Eye Ring, Two Tone",BAS-EE-R06-18KRW-US13,Karat: 18K,Metal Color: Rose/White Gold,Ring Size: US 13,1360.00
R06,"Mother and Child Evil Eye Ring, Two Tone",BAS-EE-R06-18KRW-US13_5,Karat: 18K,Metal Color: Rose/White Gold,Ring Size: US 13.5,1380.00
R06,"Mother and Child Evil Eye Ring, Two Tone",BAS-EE-R06-18KRW-US14,Karat: 18K,Metal Color: Rose/White Gold,Ring Size: US 14,1400.00
R06,"Mother and Child Evil Eye Ring, Two Tone",BAS-EE-R06-18KRW-US14_5,Karat: 18K,Metal Color: Rose/White Gold,Ring Size: US 14.5,1420.00
R06,"Mother and Child Evil Eye Ring, Two Tone",BAS-EE-R06-18KRW-US15,Karat: 18K,Metal Color: Rose/White Gold,Ring Size: US 15,1450.00
R06,"Mother and Child Evil Eye Ring, Two Tone",BAS-EE-R06-18KRW-US15_5,Karat: 18K,Metal Color: Rose/White Gold,Ring Size: US 15.5,1470.00
R06,"Mother and Child Evil Eye Ring, Two Tone",BAS-EE-R06-18KRW-US16,Karat: 18K,Metal Color: Rose/White Gold,Ring Size: US 16,1490.00
N06,"Mother and Child Evil Eye Necklace, Two Tone",BAS-EE-N06-10KYW-16IN,Karat: 10K,Metal Color: Yellow/White Gold,Chain Length: 16 inches,570.00
N06,"Mother and Child Evil Eye Necklace, Two Tone",BAS-EE-N06-10KYW-18IN,Karat: 10K,Metal Color: Yellow/White Gold,Chain Length: 18 inches,590.00
N06,"Mother and Child Evil Eye Necklace, Two Tone",BAS-EE-N06-10KYW-20IN,Karat: 10K,Metal Color: Yellow/White Gold,Chain Length: 20 inches,610.00
N06,"Mother and Child Evil Eye Necklace, Two Tone",BAS-EE-N06-10KWY-16IN,Karat: 10K,Metal Color: White/Yellow Gold,Chain Length: 16 inches,570.00
N06,"Mother and Child Evil Eye Necklace, Two Tone",BAS-EE-N06-10KWY-18IN,Karat: 10K,Metal Color: White/Yellow Gold,Chain Length: 18 inches,590.00
N06,"Mother and Child Evil Eye Necklace, Two Tone",BAS-EE-N06-10KWY-20IN,Karat: 10K,Metal Color: White/Yellow Gold,Chain Length: 20 inches,610.00
N06,"Mother and Child Evil Eye Necklace, Two Tone",BAS-EE-N06-10KRW-16IN,Karat: 10K,Metal Color: Rose/White Gold,Chain Length: 16 inches,570.00
N06,"Mother and Child Evil Eye Necklace, Two Tone",BAS-EE-N06-10KRW-18IN,Karat: 10K,Metal Color: Rose/White Gold,Chain Length: 18 inches,590.00
N06,"Mother and Child Evil Eye Necklace, Two Tone",BAS-EE-N06-10KRW-20IN,Karat: 10K,Metal Color: Rose/White Gold,Chain Length: 20 inches,610.00
N06,"Mother and Child Evil Eye Necklace, Two Tone",BAS-EE-N06-14KYW-16IN,Karat: 14K,Metal Color: Yellow/White Gold,Chain Length: 16 inches,740.00
N06,"Mother and Child Evil Eye Necklace, Two Tone",BAS-EE-N06-14KYW-18IN,Karat: 14K,Metal Color: Yellow/White Gold,Chain Length: 18 inches,760.00
N06,"Mother and Child Evil Eye Necklace, Two Tone",BAS-EE-N06-14KYW-20IN,Karat: 14K,Metal Color: Yellow/White Gold,Chain Length: 20 inches,790.00
N06,"Mother and Child Evil Eye Necklace, Two Tone",BAS-EE-N06-14KWY-16IN,Karat: 14K,Metal Color: White/Yellow Gold,Chain Length: 16 inches,740.00
N06,"Mother and Child Evil Eye Necklace, Two Tone",BAS-EE-N06-14KWY-18IN,Karat: 14K,Metal Color: White/Yellow Gold,Chain Length: 18 inches,760.00
N06,"Mother and Child Evil Eye Necklace, Two Tone",BAS-EE-N06-14KWY-20IN,Karat: 14K,Metal Color: White/Yellow Gold,Chain Length: 20 inches,790.00
N06,"Mother and Child Evil Eye Necklace, Two Tone",BAS-EE-N06-14KRW-16IN,Karat: 14K,Metal Color: Rose/White Gold,Chain Length: 16 inches,740.00
N06,"Mother and Child Evil Eye Necklace, Two Tone",BAS-EE-N06-14KRW-18IN,Karat: 14K,Metal Color: Rose/White Gold,Chain Length: 18 inches,760.00
N06,"Mother and Child Evil Eye Necklace, Two Tone",BAS-EE-N06-14KRW-20IN,Karat: 14K,Metal Color: Rose/White Gold,Chain Length: 20 inches,790.00
N06,"Mother and Child Evil Eye Necklace, Two Tone",BAS-EE-N06-18KYW-16IN,Karat: 18K,Metal Color: Yellow/White Gold,Chain Length: 16 inches,940.00
N06,"Mother and Child Evil Eye Necklace, Two Tone",BAS-EE-N06-18KYW-18IN,Karat: 18K,Metal Color: Yellow/White Gold,Chain Length: 18 inches,980.00
N06,"Mother and Child Evil Eye Necklace, Two Tone",BAS-EE-N06-18KYW-20IN,Karat: 18K,Metal Color: Yellow/White Gold,Chain Length: 20 inches,1020.00
N06,"Mother and Child Evil Eye Necklace, Two Tone",BAS-EE-N06-18KWY-16IN,Karat: 18K,Metal Color: White/Yellow Gold,Chain Length: 16 inches,940.00
N06,"Mother and Child Evil Eye Necklace, Two Tone",BAS-EE-N06-18KWY-18IN,Karat: 18K,Metal Color: White/Yellow Gold,Chain Length: 18 inches,980.00
N06,"Mother and Child Evil Eye Necklace, Two Tone",BAS-EE-N06-18KWY-20IN,Karat: 18K,Metal Color: White/Yellow Gold,Chain Length: 20 inches,1020.00
N06,"Mother and Child Evil Eye Necklace, Two Tone",BAS-EE-N06-18KRW-16IN,Karat: 18K,Metal Color: Rose/White Gold,Chain Length: 16 inches,940.00
N06,"Mother and Child Evil Eye Necklace, Two Tone",BAS-EE-N06-18KRW-18IN,Karat: 18K,Metal Color: Rose/White Gold,Chain Length: 18 inches,980.00
N06,"Mother and Child Evil Eye Necklace, Two Tone",BAS-EE-N06-18KRW-20IN,Karat: 18K,Metal Color: Rose/White Gold,Chain Length: 20 inches,1020.00
B06,"Mother and Child Evil Eye Bracelet, Two Tone",BAS-EE-B06-10KYW-6_5IN,Karat: 10K,Metal Color: Yellow/White Gold,Bracelet Length: 6.5 inches,710.00
B06,"Mother and Child Evil Eye Bracelet, Two Tone",BAS-EE-B06-10KYW-7IN,Karat: 10K,Metal Color: Yellow/White Gold,Bracelet Length: 7 inches,720.00
B06,"Mother and Child Evil Eye Bracelet, Two Tone",BAS-EE-B06-10KYW-7_5IN,Karat: 10K,Metal Color: Yellow/White Gold,Bracelet Length: 7.5 inches,730.00
B06,"Mother and Child Evil Eye Bracelet, Two Tone",BAS-EE-B06-10KWY-6_5IN,Karat: 10K,Metal Color: White/Yellow Gold,Bracelet Length: 6.5 inches,710.00
B06,"Mother and Child Evil Eye Bracelet, Two Tone",BAS-EE-B06-10KWY-7IN,Karat: 10K,Metal Color: White/Yellow Gold,Bracelet Length: 7 inches,720.00
B06,"Mother and Child Evil Eye Bracelet, Two Tone",BAS-EE-B06-10KWY-7_5IN,Karat: 10K,Metal Color: White/Yellow Gold,Bracelet Length: 7.5 inches,730.00
B06,"Mother and Child Evil Eye Bracelet, Two Tone",BAS-EE-B06-10KRW-6_5IN,Karat: 10K,Metal Color: Rose/White Gold,Bracelet Length: 6.5 inches,710.00
B06,"Mother and Child Evil Eye Bracelet, Two Tone",BAS-EE-B06-10KRW-7IN,Karat: 10K,Metal Color: Rose/White Gold,Bracelet Length: 7 inches,720.00
B06,"Mother and Child Evil Eye Bracelet, Two Tone",BAS-EE-B06-10KRW-7_5IN,Karat: 10K,Metal Color: Rose/White Gold,Bracelet Length: 7.5 inches,730.00
B06,"Mother and Child Evil Eye Bracelet, Two Tone",BAS-EE-B06-14KYW-6_5IN,Karat: 14K,Metal Color: Yellow/White Gold,Bracelet Length: 6.5 inches,890.00
B06,"Mother and Child Evil Eye Bracelet, Two Tone",BAS-EE-B06-14KYW-7IN,Karat: 14K,Metal Color: Yellow/White Gold,Bracelet Length: 7 inches,900.00
B06,"Mother and Child Evil Eye Bracelet, Two Tone",BAS-EE-B06-14KYW-7_5IN,Karat: 14K,Metal Color: Yellow/White Gold,Bracelet Length: 7.5 inches,920.00
B06,"Mother and Child Evil Eye Bracelet, Two Tone",BAS-EE-B06-14KWY-6_5IN,Karat: 14K,Metal Color: White/Yellow Gold,Bracelet Length: 6.5 inches,890.00
B06,"Mother and Child Evil Eye Bracelet, Two Tone",BAS-EE-B06-14KWY-7IN,Karat: 14K,Metal Color: White/Yellow Gold,Bracelet Length: 7 inches,900.00
B06,"Mother and Child Evil Eye Bracelet, Two Tone",BAS-EE-B06-14KWY-7_5IN,Karat: 14K,Metal Color: White/Yellow Gold,Bracelet Length: 7.5 inches,920.00
B06,"Mother and Child Evil Eye Bracelet, Two Tone",BAS-EE-B06-14KRW-6_5IN,Karat: 14K,Metal Color: Rose/White Gold,Bracelet Length: 6.5 inches,890.00
B06,"Mother and Child Evil Eye Bracelet, Two Tone",BAS-EE-B06-14KRW-7IN,Karat: 14K,Metal Color: Rose/White Gold,Bracelet Length: 7 inches,900.00
B06,"Mother and Child Evil Eye Bracelet, Two Tone",BAS-EE-B06-14KRW-7_5IN,Karat: 14K,Metal Color: Rose/White Gold,Bracelet Length: 7.5 inches,920.00
B06,"Mother and Child Evil Eye Bracelet, Two Tone",BAS-EE-B06-18KYW-6_5IN,Karat: 18K,Metal Color: Yellow/White Gold,Bracelet Length: 6.5 inches,1120.00
B06,"Mother and Child Evil Eye Bracelet, Two Tone",BAS-EE-B06-18KYW-7IN,Karat: 18K,Metal Color: Yellow/White Gold,Bracelet Length: 7 inches,1140.00
B06,"Mother and Child Evil Eye Bracelet, Two Tone",BAS-EE-B06-18KYW-7_5IN,Karat: 18K,Metal Color: Yellow/White Gold,Bracelet Length: 7.5 inches,1160.00
B06,"Mother and Child Evil Eye Bracelet, Two Tone",BAS-EE-B06-18KWY-6_5IN,Karat: 18K,Metal Color: White/Yellow Gold,Bracelet Length: 6.5 inches,1120.00
B06,"Mother and Child Evil Eye Bracelet, Two Tone",BAS-EE-B06-18KWY-7IN,Karat: 18K,Metal Color: White/Yellow Gold,Bracelet Length: 7 inches,1140.00
B06,"Mother and Child Evil Eye Bracelet, Two Tone",BAS-EE-B06-18KWY-7_5IN,Karat: 18K,Metal Color: White/Yellow Gold,Bracelet Length: 7.5 inches,1160.00
B06,"Mother and Child Evil Eye Bracelet, Two Tone",BAS-EE-B06-18KRW-6_5IN,Karat: 18K,Metal Color: Rose/White Gold,Bracelet Length: 6.5 inches,1120.00
B06,"Mother and Child Evil Eye Bracelet, Two Tone",BAS-EE-B06-18KRW-7IN,Karat: 18K,Metal Color: Rose/White Gold,Bracelet Length: 7 inches,1140.00
B06,"Mother and Child Evil Eye Bracelet, Two Tone",BAS-EE-B06-18KRW-7_5IN,Karat: 18K,Metal Color: Rose/White Gold,Bracelet Length: 7.5 inches,1160.00
R07,Two Tone Evil Eye Coin Ring,BAS-EE-R07-10KYW-US3,Karat: 10K,Metal Color: Yellow/White Gold,Ring Size: US 3,520.00
R07,Two Tone Evil Eye Coin Ring,BAS-EE-R07-10KYW-US3_5,Karat: 10K,Metal Color: Yellow/White Gold,Ring Size: US 3.5,530.00
R07,Two Tone Evil Eye Coin Ring,BAS-EE-R07-10KYW-US4,Karat: 10K,Metal Color: Yellow/White Gold,Ring Size: US 4,540.00
R07,Two Tone Evil Eye Coin Ring,BAS-EE-R07-10KYW-US4_5,Karat: 10K,Metal Color: Yellow/White Gold,Ring Size: US 4.5,550.00
R07,Two Tone Evil Eye Coin Ring,BAS-EE-R07-10KYW-US5,Karat: 10K,Metal Color: Yellow/White Gold,Ring Size: US 5,560.00
R07,Two Tone Evil Eye Coin Ring,BAS-EE-R07-10KYW-US5_5,Karat: 10K,Metal Color: Yellow/White Gold,Ring Size: US 5.5,570.00
R07,Two Tone Evil Eye Coin Ring,BAS-EE-R07-10KYW-US6,Karat: 10K,Metal Color: Yellow/White Gold,Ring Size: US 6,580.00
R07,Two Tone Evil Eye Coin Ring,BAS-EE-R07-10KYW-US6_5,Karat: 10K,Metal Color: Yellow/White Gold,Ring Size: US 6.5,590.00
R07,Two Tone Evil Eye Coin Ring,BAS-EE-R07-10KYW-US7,Karat: 10K,Metal Color: Yellow/White Gold,Ring Size: US 7,600.00
R07,Two Tone Evil Eye Coin Ring,BAS-EE-R07-10KYW-US7_5,Karat: 10K,Metal Color: Yellow/White Gold,Ring Size: US 7.5,610.00
R07,Two Tone Evil Eye Coin Ring,BAS-EE-R07-10KYW-US8,Karat: 10K,Metal Color: Yellow/White Gold,Ring Size: US 8,620.00
R07,Two Tone Evil Eye Coin Ring,BAS-EE-R07-10KYW-US8_5,Karat: 10K,Metal Color: Yellow/White Gold,Ring Size: US 8.5,630.00
R07,Two Tone Evil Eye Coin Ring,BAS-EE-R07-10KYW-US9,Karat: 10K,Metal Color: Yellow/White Gold,Ring Size: US 9,640.00
R07,Two Tone Evil Eye Coin Ring,BAS-EE-R07-10KYW-US9_5,Karat: 10K,Metal Color: Yellow/White Gold,Ring Size: US 9.5,650.00
R07,Two Tone Evil Eye Coin Ring,BAS-EE-R07-10KYW-US10,Karat: 10K,Metal Color: Yellow/White Gold,Ring Size: US 10,660.00
R07,Two Tone Evil Eye Coin Ring,BAS-EE-R07-10KYW-US10_5,Karat: 10K,Metal Color: Yellow/White Gold,Ring Size: US 10.5,680.00
R07,Two Tone Evil Eye Coin Ring,BAS-EE-R07-10KYW-US11,Karat: 10K,Metal Color: Yellow/White Gold,Ring Size: US 11,690.00
R07,Two Tone Evil Eye Coin Ring,BAS-EE-R07-10KYW-US11_5,Karat: 10K,Metal Color: Yellow/White Gold,Ring Size: US 11.5,700.00
R07,Two Tone Evil Eye Coin Ring,BAS-EE-R07-10KYW-US12,Karat: 10K,Metal Color: Yellow/White Gold,Ring Size: US 12,710.00
R07,Two Tone Evil Eye Coin Ring,BAS-EE-R07-10KYW-US12_5,Karat: 10K,Metal Color: Yellow/White Gold,Ring Size: US 12.5,720.00
R07,Two Tone Evil Eye Coin Ring,BAS-EE-R07-10KYW-US13,Karat: 10K,Metal Color: Yellow/White Gold,Ring Size: US 13,730.00
R07,Two Tone Evil Eye Coin Ring,BAS-EE-R07-10KYW-US13_5,Karat: 10K,Metal Color: Yellow/White Gold,Ring Size: US 13.5,740.00
R07,Two Tone Evil Eye Coin Ring,BAS-EE-R07-10KYW-US14,Karat: 10K,Metal Color: Yellow/White Gold,Ring Size: US 14,750.00
R07,Two Tone Evil Eye Coin Ring,BAS-EE-R07-10KYW-US14_5,Karat: 10K,Metal Color: Yellow/White Gold,Ring Size: US 14.5,760.00
R07,Two Tone Evil Eye Coin Ring,BAS-EE-R07-10KYW-US15,Karat: 10K,Metal Color: Yellow/White Gold,Ring Size: US 15,770.00
R07,Two Tone Evil Eye Coin Ring,BAS-EE-R07-10KYW-US15_5,Karat: 10K,Metal Color: Yellow/White Gold,Ring Size: US 15.5,780.00
R07,Two Tone Evil Eye Coin Ring,BAS-EE-R07-10KYW-US16,Karat: 10K,Metal Color: Yellow/White Gold,Ring Size: US 16,790.00
R07,Two Tone Evil Eye Coin Ring,BAS-EE-R07-10KWY-US3,Karat: 10K,Metal Color: White/Yellow Gold,Ring Size: US 3,520.00
R07,Two Tone Evil Eye Coin Ring,BAS-EE-R07-10KWY-US3_5,Karat: 10K,Metal Color: White/Yellow Gold,Ring Size: US 3.5,530.00
R07,Two Tone Evil Eye Coin Ring,BAS-EE-R07-10KWY-US4,Karat: 10K,Metal Color: White/Yellow Gold,Ring Size: US 4,540.00
R07,Two Tone Evil Eye Coin Ring,BAS-EE-R07-10KWY-US4_5,Karat: 10K,Metal Color: White/Yellow Gold,Ring Size: US 4.5,550.00
R07,Two Tone Evil Eye Coin Ring,BAS-EE-R07-10KWY-US5,Karat: 10K,Metal Color: White/Yellow Gold,Ring Size: US 5,560.00
R07,Two Tone Evil Eye Coin Ring,BAS-EE-R07-10KWY-US5_5,Karat: 10K,Metal Color: White/Yellow Gold,Ring Size: US 5.5,570.00
R07,Two Tone Evil Eye Coin Ring,BAS-EE-R07-10KWY-US6,Karat: 10K,Metal Color: White/Yellow Gold,Ring Size: US 6,580.00
R07,Two Tone Evil Eye Coin Ring,BAS-EE-R07-10KWY-US6_5,Karat: 10K,Metal Color: White/Yellow Gold,Ring Size: US 6.5,590.00
R07,Two Tone Evil Eye Coin Ring,BAS-EE-R07-10KWY-US7,Karat: 10K,Metal Color: White/Yellow Gold,Ring Size: US 7,600.00
R07,Two Tone Evil Eye Coin Ring,BAS-EE-R07-10KWY-US7_5,Karat: 10K,Metal Color: White/Yellow Gold,Ring Size: US 7.5,610.00
R07,Two Tone Evil Eye Coin Ring,BAS-EE-R07-10KWY-US8,Karat: 10K,Metal Color: White/Yellow Gold,Ring Size: US 8,620.00
R07,Two Tone Evil Eye Coin Ring,BAS-EE-R07-10KWY-US8_5,Karat: 10K,Metal Color: White/Yellow Gold,Ring Size: US 8.5,630.00
R07,Two Tone Evil Eye Coin Ring,BAS-EE-R07-10KWY-US9,Karat: 10K,Metal Color: White/Yellow Gold,Ring Size: US 9,640.00
R07,Two Tone Evil Eye Coin Ring,BAS-EE-R07-10KWY-US9_5,Karat: 10K,Metal Color: White/Yellow Gold,Ring Size: US 9.5,650.00
R07,Two Tone Evil Eye Coin Ring,BAS-EE-R07-10KWY-US10,Karat: 10K,Metal Color: White/Yellow Gold,Ring Size: US 10,660.00
R07,Two Tone Evil Eye Coin Ring,BAS-EE-R07-10KWY-US10_5,Karat: 10K,Metal Color: White/Yellow Gold,Ring Size: US 10.5,680.00
R07,Two Tone Evil Eye Coin Ring,BAS-EE-R07-10KWY-US11,Karat: 10K,Metal Color: White/Yellow Gold,Ring Size: US 11,690.00
R07,Two Tone Evil Eye Coin Ring,BAS-EE-R07-10KWY-US11_5,Karat: 10K,Metal Color: White/Yellow Gold,Ring Size: US 11.5,700.00
R07,Two Tone Evil Eye Coin Ring,BAS-EE-R07-10KWY-US12,Karat: 10K,Metal Color: White/Yellow Gold,Ring Size: US 12,710.00
R07,Two Tone Evil Eye Coin Ring,BAS-EE-R07-10KWY-US12_5,Karat: 10K,Metal Color: White/Yellow Gold,Ring Size: US 12.5,720.00
R07,Two Tone Evil Eye Coin Ring,BAS-EE-R07-10KWY-US13,Karat: 10K,Metal Color: White/Yellow Gold,Ring Size: US 13,730.00
R07,Two Tone Evil Eye Coin Ring,BAS-EE-R07-10KWY-US13_5,Karat: 10K,Metal Color: White/Yellow Gold,Ring Size: US 13.5,740.00
R07,Two Tone Evil Eye Coin Ring,BAS-EE-R07-10KWY-US14,Karat: 10K,Metal Color: White/Yellow Gold,Ring Size: US 14,750.00
R07,Two Tone Evil Eye Coin Ring,BAS-EE-R07-10KWY-US14_5,Karat: 10K,Metal Color: White/Yellow Gold,Ring Size: US 14.5,760.00
R07,Two Tone Evil Eye Coin Ring,BAS-EE-R07-10KWY-US15,Karat: 10K,Metal Color: White/Yellow Gold,Ring Size: US 15,770.00
R07,Two Tone Evil Eye Coin Ring,BAS-EE-R07-10KWY-US15_5,Karat: 10K,Metal Color: White/Yellow Gold,Ring Size: US 15.5,780.00
R07,Two Tone Evil Eye Coin Ring,BAS-EE-R07-10KWY-US16,Karat: 10K,Metal Color: White/Yellow Gold,Ring Size: US 16,790.00
R07,Two Tone Evil Eye Coin Ring,BAS-EE-R07-10KRW-US3,Karat: 10K,Metal Color: Rose/White Gold,Ring Size: US 3,520.00
R07,Two Tone Evil Eye Coin Ring,BAS-EE-R07-10KRW-US3_5,Karat: 10K,Metal Color: Rose/White Gold,Ring Size: US 3.5,530.00
R07,Two Tone Evil Eye Coin Ring,BAS-EE-R07-10KRW-US4,Karat: 10K,Metal Color: Rose/White Gold,Ring Size: US 4,540.00
R07,Two Tone Evil Eye Coin Ring,BAS-EE-R07-10KRW-US4_5,Karat: 10K,Metal Color: Rose/White Gold,Ring Size: US 4.5,550.00
R07,Two Tone Evil Eye Coin Ring,BAS-EE-R07-10KRW-US5,Karat: 10K,Metal Color: Rose/White Gold,Ring Size: US 5,560.00
R07,Two Tone Evil Eye Coin Ring,BAS-EE-R07-10KRW-US5_5,Karat: 10K,Metal Color: Rose/White Gold,Ring Size: US 5.5,570.00
R07,Two Tone Evil Eye Coin Ring,BAS-EE-R07-10KRW-US6,Karat: 10K,Metal Color: Rose/White Gold,Ring Size: US 6,580.00
R07,Two Tone Evil Eye Coin Ring,BAS-EE-R07-10KRW-US6_5,Karat: 10K,Metal Color: Rose/White Gold,Ring Size: US 6.5,590.00
R07,Two Tone Evil Eye Coin Ring,BAS-EE-R07-10KRW-US7,Karat: 10K,Metal Color: Rose/White Gold,Ring Size: US 7,600.00
R07,Two Tone Evil Eye Coin Ring,BAS-EE-R07-10KRW-US7_5,Karat: 10K,Metal Color: Rose/White Gold,Ring Size: US 7.5,610.00
R07,Two Tone Evil Eye Coin Ring,BAS-EE-R07-10KRW-US8,Karat: 10K,Metal Color: Rose/White Gold,Ring Size: US 8,620.00
R07,Two Tone Evil Eye Coin Ring,BAS-EE-R07-10KRW-US8_5,Karat: 10K,Metal Color: Rose/White Gold,Ring Size: US 8.5,630.00
R07,Two Tone Evil Eye Coin Ring,BAS-EE-R07-10KRW-US9,Karat: 10K,Metal Color: Rose/White Gold,Ring Size: US 9,640.00
R07,Two Tone Evil Eye Coin Ring,BAS-EE-R07-10KRW-US9_5,Karat: 10K,Metal Color: Rose/White Gold,Ring Size: US 9.5,650.00
R07,Two Tone Evil Eye Coin Ring,BAS-EE-R07-10KRW-US10,Karat: 10K,Metal Color: Rose/White Gold,Ring Size: US 10,660.00
R07,Two Tone Evil Eye Coin Ring,BAS-EE-R07-10KRW-US10_5,Karat: 10K,Metal Color: Rose/White Gold,Ring Size: US 10.5,680.00
R07,Two Tone Evil Eye Coin Ring,BAS-EE-R07-10KRW-US11,Karat: 10K,Metal Color: Rose/White Gold,Ring Size: US 11,690.00
R07,Two Tone Evil Eye Coin Ring,BAS-EE-R07-10KRW-US11_5,Karat: 10K,Metal Color: Rose/White Gold,Ring Size: US 11.5,700.00
R07,Two Tone Evil Eye Coin Ring,BAS-EE-R07-10KRW-US12,Karat: 10K,Metal Color: Rose/White Gold,Ring Size: US 12,710.00
R07,Two Tone Evil Eye Coin Ring,BAS-EE-R07-10KRW-US12_5,Karat: 10K,Metal Color: Rose/White Gold,Ring Size: US 12.5,720.00
R07,Two Tone Evil Eye Coin Ring,BAS-EE-R07-10KRW-US13,Karat: 10K,Metal Color: Rose/White Gold,Ring Size: US 13,730.00
R07,Two Tone Evil Eye Coin Ring,BAS-EE-R07-10KRW-US13_5,Karat: 10K,Metal Color: Rose/White Gold,Ring Size: US 13.5,740.00
R07,Two Tone Evil Eye Coin Ring,BAS-EE-R07-10KRW-US14,Karat: 10K,Metal Color: Rose/White Gold,Ring Size: US 14,750.00
R07,Two Tone Evil Eye Coin Ring,BAS-EE-R07-10KRW-US14_5,Karat: 10K,Metal Color: Rose/White Gold,Ring Size: US 14.5,760.00
R07,Two Tone Evil Eye Coin Ring,BAS-EE-R07-10KRW-US15,Karat: 10K,Metal Color: Rose/White Gold,Ring Size: US 15,770.00
R07,Two Tone Evil Eye Coin Ring,BAS-EE-R07-10KRW-US15_5,Karat: 10K,Metal Color: Rose/White Gold,Ring Size: US 15.5,780.00
R07,Two Tone Evil Eye Coin Ring,BAS-EE-R07-10KRW-US16,Karat: 10K,Metal Color: Rose/White Gold,Ring Size: US 16,790.00
R07,Two Tone Evil Eye Coin Ring,BAS-EE-R07-14KYW-US3,Karat: 14K,Metal Color: Yellow/White Gold,Ring Size: US 3,700.00
R07,Two Tone Evil Eye Coin Ring,BAS-EE-R07-14KYW-US3_5,Karat: 14K,Metal Color: Yellow/White Gold,Ring Size: US 3.5,710.00
R07,Two Tone Evil Eye Coin Ring,BAS-EE-R07-14KYW-US4,Karat: 14K,Metal Color: Yellow/White Gold,Ring Size: US 4,730.00
R07,Two Tone Evil Eye Coin Ring,BAS-EE-R07-14KYW-US4_5,Karat: 14K,Metal Color: Yellow/White Gold,Ring Size: US 4.5,750.00
R07,Two Tone Evil Eye Coin Ring,BAS-EE-R07-14KYW-US5,Karat: 14K,Metal Color: Yellow/White Gold,Ring Size: US 5,760.00
R07,Two Tone Evil Eye Coin Ring,BAS-EE-R07-14KYW-US5_5,Karat: 14K,Metal Color: Yellow/White Gold,Ring Size: US 5.5,780.00
R07,Two Tone Evil Eye Coin Ring,BAS-EE-R07-14KYW-US6,Karat: 14K,Metal Color: Yellow/White Gold,Ring Size: US 6,790.00
R07,Two Tone Evil Eye Coin Ring,BAS-EE-R07-14KYW-US6_5,Karat: 14K,Metal Color: Yellow/White Gold,Ring Size: US 6.5,810.00
R07,Two Tone Evil Eye Coin Ring,BAS-EE-R07-14KYW-US7,Karat: 14K,Metal Color: Yellow/White Gold,Ring Size: US 7,820.00
R07,Two Tone Evil Eye Coin Ring,BAS-EE-R07-14KYW-US7_5,Karat: 14K,Metal Color: Yellow/White Gold,Ring Size: US 7.5,840.00
R07,Two Tone Evil Eye Coin Ring,BAS-EE-R07-14KYW-US8,Karat: 14K,Metal Color: Yellow/White Gold,Ring Size: US 8,850.00
R07,Two Tone Evil Eye Coin Ring,BAS-EE-R07-14KYW-US8_5,Karat: 14K,Metal Color: Yellow/White Gold,Ring Size: US 8.5,870.00
R07,Two Tone Evil Eye Coin Ring,BAS-EE-R07-14KYW-US9,Karat: 14K,Metal Color: Yellow/White Gold,Ring Size: US 9,880.00
R07,Two Tone Evil Eye Coin Ring,BAS-EE-R07-14KYW-US9_5,Karat: 14K,Metal Color: Yellow/White Gold,Ring Size: US 9.5,900.00
R07,Two Tone Evil Eye Coin Ring,BAS-EE-R07-14KYW-US10,Karat: 14K,Metal Color: Yellow/White Gold,Ring Size: US 10,920.00
R07,Two Tone Evil Eye Coin Ring,BAS-EE-R07-14KYW-US10_5,Karat: 14K,Metal Color: Yellow/White Gold,Ring Size: US 10.5,930.00
R07,Two Tone Evil Eye Coin Ring,BAS-EE-R07-14KYW-US11,Karat: 14K,Metal Color: Yellow/White Gold,Ring Size: US 11,950.00
R07,Two Tone Evil Eye Coin Ring,BAS-EE-R07-14KYW-US11_5,Karat: 14K,Metal Color: Yellow/White Gold,Ring Size: US 11.5,960.00
R07,Two Tone Evil Eye Coin Ring,BAS-EE-R07-14KYW-US12,Karat: 14K,Metal Color: Yellow/White Gold,Ring Size: US 12,980.00
R07,Two Tone Evil Eye Coin Ring,BAS-EE-R07-14KYW-US12_5,Karat: 14K,Metal Color: Yellow/White Gold,Ring Size: US 12.5,990.00
R07,Two Tone Evil Eye Coin Ring,BAS-EE-R07-14KYW-US13,Karat: 14K,Metal Color: Yellow/White Gold,Ring Size: US 13,1010.00
R07,Two Tone Evil Eye Coin Ring,BAS-EE-R07-14KYW-US13_5,Karat: 14K,Metal Color: Yellow/White Gold,Ring Size: US 13.5,1020.00
R07,Two Tone Evil Eye Coin Ring,BAS-EE-R07-14KYW-US14,Karat: 14K,Metal Color: Yellow/White Gold,Ring Size: US 14,1040.00
R07,Two Tone Evil Eye Coin Ring,BAS-EE-R07-14KYW-US14_5,Karat: 14K,Metal Color: Yellow/White Gold,Ring Size: US 14.5,1050.00
R07,Two Tone Evil Eye Coin Ring,BAS-EE-R07-14KYW-US15,Karat: 14K,Metal Color: Yellow/White Gold,Ring Size: US 15,1070.00
R07,Two Tone Evil Eye Coin Ring,BAS-EE-R07-14KYW-US15_5,Karat: 14K,Metal Color: Yellow/White Gold,Ring Size: US 15.5,1090.00
R07,Two Tone Evil Eye Coin Ring,BAS-EE-R07-14KYW-US16,Karat: 14K,Metal Color: Yellow/White Gold,Ring Size: US 16,1100.00
R07,Two Tone Evil Eye Coin Ring,BAS-EE-R07-14KWY-US3,Karat: 14K,Metal Color: White/Yellow Gold,Ring Size: US 3,700.00
R07,Two Tone Evil Eye Coin Ring,BAS-EE-R07-14KWY-US3_5,Karat: 14K,Metal Color: White/Yellow Gold,Ring Size: US 3.5,710.00
R07,Two Tone Evil Eye Coin Ring,BAS-EE-R07-14KWY-US4,Karat: 14K,Metal Color: White/Yellow Gold,Ring Size: US 4,730.00
R07,Two Tone Evil Eye Coin Ring,BAS-EE-R07-14KWY-US4_5,Karat: 14K,Metal Color: White/Yellow Gold,Ring Size: US 4.5,750.00
R07,Two Tone Evil Eye Coin Ring,BAS-EE-R07-14KWY-US5,Karat: 14K,Metal Color: White/Yellow Gold,Ring Size: US 5,760.00
R07,Two Tone Evil Eye Coin Ring,BAS-EE-R07-14KWY-US5_5,Karat: 14K,Metal Color: White/Yellow Gold,Ring Size: US 5.5,780.00
R07,Two Tone Evil Eye Coin Ring,BAS-EE-R07-14KWY-US6,Karat: 14K,Metal Color: White/Yellow Gold,Ring Size: US 6,790.00
R07,Two Tone Evil Eye Coin Ring,BAS-EE-R07-14KWY-US6_5,Karat: 14K,Metal Color: White/Yellow Gold,Ring Size: US 6.5,810.00
R07,Two Tone Evil Eye Coin Ring,BAS-EE-R07-14KWY-US7,Karat: 14K,Metal Color: White/Yellow Gold,Ring Size: US 7,820.00
R07,Two Tone Evil Eye Coin Ring,BAS-EE-R07-14KWY-US7_5,Karat: 14K,Metal Color: White/Yellow Gold,Ring Size: US 7.5,840.00
R07,Two Tone Evil Eye Coin Ring,BAS-EE-R07-14KWY-US8,Karat: 14K,Metal Color: White/Yellow Gold,Ring Size: US 8,850.00
R07,Two Tone Evil Eye Coin Ring,BAS-EE-R07-14KWY-US8_5,Karat: 14K,Metal Color: White/Yellow Gold,Ring Size: US 8.5,870.00
R07,Two Tone Evil Eye Coin Ring,BAS-EE-R07-14KWY-US9,Karat: 14K,Metal Color: White/Yellow Gold,Ring Size: US 9,880.00
R07,Two Tone Evil Eye Coin Ring,BAS-EE-R07-14KWY-US9_5,Karat: 14K,Metal Color: White/Yellow Gold,Ring Size: US 9.5,900.00
R07,Two Tone Evil Eye Coin Ring,BAS-EE-R07-14KWY-US10,Karat: 14K,Metal Color: White/Yellow Gold,Ring Size: US 10,920.00
R07,Two Tone Evil Eye Coin Ring,BAS-EE-R07-14KWY-US10_5,Karat: 14K,Metal Color: White/Yellow Gold,Ring Size: US 10.5,930.00
R07,Two Tone Evil Eye Coin Ring,BAS-EE-R07-14KWY-US11,Karat: 14K,Metal Color: White/Yellow Gold,Ring Size: US 11,950.00
R07,Two Tone Evil Eye Coin Ring,BAS-EE-R07-14KWY-US11_5,Karat: 14K,Metal Color: White/Yellow Gold,Ring Size: US 11.5,960.00
R07,Two Tone Evil Eye Coin Ring,BAS-EE-R07-14KWY-US12,Karat: 14K,Metal Color: White/Yellow Gold,Ring Size: US 12,980.00
R07,Two Tone Evil Eye Coin Ring,BAS-EE-R07-14KWY-US12_5,Karat: 14K,Metal Color: White/Yellow Gold,Ring Size: US 12.5,990.00
R07,Two Tone Evil Eye Coin Ring,BAS-EE-R07-14KWY-US13,Karat: 14K,Metal Color: White/Yellow Gold,Ring Size: US 13,1010.00
R07,Two Tone Evil Eye Coin Ring,BAS-EE-R07-14KWY-US13_5,Karat: 14K,Metal Color: White/Yellow Gold,Ring Size: US 13.5,1020.00
R07,Two Tone Evil Eye Coin Ring,BAS-EE-R07-14KWY-US14,Karat: 14K,Metal Color: White/Yellow Gold,Ring Size: US 14,1040.00
R07,Two Tone Evil Eye Coin Ring,BAS-EE-R07-14KWY-US14_5,Karat: 14K,Metal Color: White/Yellow Gold,Ring Size: US 14.5,1050.00
R07,Two Tone Evil Eye Coin Ring,BAS-EE-R07-14KWY-US15,Karat: 14K,Metal Color: White/Yellow Gold,Ring Size: US 15,1070.00
R07,Two Tone Evil Eye Coin Ring,BAS-EE-R07-14KWY-US15_5,Karat: 14K,Metal Color: White/Yellow Gold,Ring Size: US 15.5,1090.00
R07,Two Tone Evil Eye Coin Ring,BAS-EE-R07-14KWY-US16,Karat: 14K,Metal Color: White/Yellow Gold,Ring Size: US 16,1100.00
R07,Two Tone Evil Eye Coin Ring,BAS-EE-R07-14KRW-US3,Karat: 14K,Metal Color: Rose/White Gold,Ring Size: US 3,700.00
R07,Two Tone Evil Eye Coin Ring,BAS-EE-R07-14KRW-US3_5,Karat: 14K,Metal Color: Rose/White Gold,Ring Size: US 3.5,710.00
R07,Two Tone Evil Eye Coin Ring,BAS-EE-R07-14KRW-US4,Karat: 14K,Metal Color: Rose/White Gold,Ring Size: US 4,730.00
R07,Two Tone Evil Eye Coin Ring,BAS-EE-R07-14KRW-US4_5,Karat: 14K,Metal Color: Rose/White Gold,Ring Size: US 4.5,750.00
R07,Two Tone Evil Eye Coin Ring,BAS-EE-R07-14KRW-US5,Karat: 14K,Metal Color: Rose/White Gold,Ring Size: US 5,760.00
R07,Two Tone Evil Eye Coin Ring,BAS-EE-R07-14KRW-US5_5,Karat: 14K,Metal Color: Rose/White Gold,Ring Size: US 5.5,780.00
R07,Two Tone Evil Eye Coin Ring,BAS-EE-R07-14KRW-US6,Karat: 14K,Metal Color: Rose/White Gold,Ring Size: US 6,790.00
R07,Two Tone Evil Eye Coin Ring,BAS-EE-R07-14KRW-US6_5,Karat: 14K,Metal Color: Rose/White Gold,Ring Size: US 6.5,810.00
R07,Two Tone Evil Eye Coin Ring,BAS-EE-R07-14KRW-US7,Karat: 14K,Metal Color: Rose/White Gold,Ring Size: US 7,820.00
R07,Two Tone Evil Eye Coin Ring,BAS-EE-R07-14KRW-US7_5,Karat: 14K,Metal Color: Rose/White Gold,Ring Size: US 7.5,840.00
R07,Two Tone Evil Eye Coin Ring,BAS-EE-R07-14KRW-US8,Karat: 14K,Metal Color: Rose/White Gold,Ring Size: US 8,850.00
R07,Two Tone Evil Eye Coin Ring,BAS-EE-R07-14KRW-US8_5,Karat: 14K,Metal Color: Rose/White Gold,Ring Size: US 8.5,870.00
R07,Two Tone Evil Eye Coin Ring,BAS-EE-R07-14KRW-US9,Karat: 14K,Metal Color: Rose/White Gold,Ring Size: US 9,880.00
R07,Two Tone Evil Eye Coin Ring,BAS-EE-R07-14KRW-US9_5,Karat: 14K,Metal Color: Rose/White Gold,Ring Size: US 9.5,900.00
R07,Two Tone Evil Eye Coin Ring,BAS-EE-R07-14KRW-US10,Karat: 14K,Metal Color: Rose/White Gold,Ring Size: US 10,920.00
R07,Two Tone Evil Eye Coin Ring,BAS-EE-R07-14KRW-US10_5,Karat: 14K,Metal Color: Rose/White Gold,Ring Size: US 10.5,930.00
R07,Two Tone Evil Eye Coin Ring,BAS-EE-R07-14KRW-US11,Karat: 14K,Metal Color: Rose/White Gold,Ring Size: US 11,950.00
R07,Two Tone Evil Eye Coin Ring,BAS-EE-R07-14KRW-US11_5,Karat: 14K,Metal Color: Rose/White Gold,Ring Size: US 11.5,960.00
R07,Two Tone Evil Eye Coin Ring,BAS-EE-R07-14KRW-US12,Karat: 14K,Metal Color: Rose/White Gold,Ring Size: US 12,980.00
R07,Two Tone Evil Eye Coin Ring,BAS-EE-R07-14KRW-US12_5,Karat: 14K,Metal Color: Rose/White Gold,Ring Size: US 12.5,990.00
R07,Two Tone Evil Eye Coin Ring,BAS-EE-R07-14KRW-US13,Karat: 14K,Metal Color: Rose/White Gold,Ring Size: US 13,1010.00
R07,Two Tone Evil Eye Coin Ring,BAS-EE-R07-14KRW-US13_5,Karat: 14K,Metal Color: Rose/White Gold,Ring Size: US 13.5,1020.00
R07,Two Tone Evil Eye Coin Ring,BAS-EE-R07-14KRW-US14,Karat: 14K,Metal Color: Rose/White Gold,Ring Size: US 14,1040.00
R07,Two Tone Evil Eye Coin Ring,BAS-EE-R07-14KRW-US14_5,Karat: 14K,Metal Color: Rose/White Gold,Ring Size: US 14.5,1050.00
R07,Two Tone Evil Eye Coin Ring,BAS-EE-R07-14KRW-US15,Karat: 14K,Metal Color: Rose/White Gold,Ring Size: US 15,1070.00
R07,Two Tone Evil Eye Coin Ring,BAS-EE-R07-14KRW-US15_5,Karat: 14K,Metal Color: Rose/White Gold,Ring Size: US 15.5,1090.00
R07,Two Tone Evil Eye Coin Ring,BAS-EE-R07-14KRW-US16,Karat: 14K,Metal Color: Rose/White Gold,Ring Size: US 16,1100.00
R07,Two Tone Evil Eye Coin Ring,BAS-EE-R07-18KYW-US3,Karat: 18K,Metal Color: Yellow/White Gold,Ring Size: US 3,930.00
R07,Two Tone Evil Eye Coin Ring,BAS-EE-R07-18KYW-US3_5,Karat: 18K,Metal Color: Yellow/White Gold,Ring Size: US 3.5,950.00
R07,Two Tone Evil Eye Coin Ring,BAS-EE-R07-18KYW-US4,Karat: 18K,Metal Color: Yellow/White Gold,Ring Size: US 4,970.00
R07,Two Tone Evil Eye Coin Ring,BAS-EE-R07-18KYW-US4_5,Karat: 18K,Metal Color: Yellow/White Gold,Ring Size: US 4.5,990.00
R07,Two Tone Evil Eye Coin Ring,BAS-EE-R07-18KYW-US5,Karat: 18K,Metal Color: Yellow/White Gold,Ring Size: US 5,1020.00
R07,Two Tone Evil Eye Coin Ring,BAS-EE-R07-18KYW-US5_5,Karat: 18K,Metal Color: Yellow/White Gold,Ring Size: US 5.5,1040.00
R07,Two Tone Evil Eye Coin Ring,BAS-EE-R07-18KYW-US6,Karat: 18K,Metal Color: Yellow/White Gold,Ring Size: US 6,1060.00
R07,Two Tone Evil Eye Coin Ring,BAS-EE-R07-18KYW-US6_5,Karat: 18K,Metal Color: Yellow/White Gold,Ring Size: US 6.5,1080.00
R07,Two Tone Evil Eye Coin Ring,BAS-EE-R07-18KYW-US7,Karat: 18K,Metal Color: Yellow/White Gold,Ring Size: US 7,1100.00
R07,Two Tone Evil Eye Coin Ring,BAS-EE-R07-18KYW-US7_5,Karat: 18K,Metal Color: Yellow/White Gold,Ring Size: US 7.5,1120.00
R07,Two Tone Evil Eye Coin Ring,BAS-EE-R07-18KYW-US8,Karat: 18K,Metal Color: Yellow/White Gold,Ring Size: US 8,1150.00
R07,Two Tone Evil Eye Coin Ring,BAS-EE-R07-18KYW-US8_5,Karat: 18K,Metal Color: Yellow/White Gold,Ring Size: US 8.5,1170.00
R07,Two Tone Evil Eye Coin Ring,BAS-EE-R07-18KYW-US9,Karat: 18K,Metal Color: Yellow/White Gold,Ring Size: US 9,1190.00
R07,Two Tone Evil Eye Coin Ring,BAS-EE-R07-18KYW-US9_5,Karat: 18K,Metal Color: Yellow/White Gold,Ring Size: US 9.5,1210.00
R07,Two Tone Evil Eye Coin Ring,BAS-EE-R07-18KYW-US10,Karat: 18K,Metal Color: Yellow/White Gold,Ring Size: US 10,1230.00
R07,Two Tone Evil Eye Coin Ring,BAS-EE-R07-18KYW-US10_5,Karat: 18K,Metal Color: Yellow/White Gold,Ring Size: US 10.5,1250.00
R07,Two Tone Evil Eye Coin Ring,BAS-EE-R07-18KYW-US11,Karat: 18K,Metal Color: Yellow/White Gold,Ring Size: US 11,1270.00
R07,Two Tone Evil Eye Coin Ring,BAS-EE-R07-18KYW-US11_5,Karat: 18K,Metal Color: Yellow/White Gold,Ring Size: US 11.5,1300.00
R07,Two Tone Evil Eye Coin Ring,BAS-EE-R07-18KYW-US12,Karat: 18K,Metal Color: Yellow/White Gold,Ring Size: US 12,1320.00
R07,Two Tone Evil Eye Coin Ring,BAS-EE-R07-18KYW-US12_5,Karat: 18K,Metal Color: Yellow/White Gold,Ring Size: US 12.5,1340.00
R07,Two Tone Evil Eye Coin Ring,BAS-EE-R07-18KYW-US13,Karat: 18K,Metal Color: Yellow/White Gold,Ring Size: US 13,1360.00
R07,Two Tone Evil Eye Coin Ring,BAS-EE-R07-18KYW-US13_5,Karat: 18K,Metal Color: Yellow/White Gold,Ring Size: US 13.5,1380.00
R07,Two Tone Evil Eye Coin Ring,BAS-EE-R07-18KYW-US14,Karat: 18K,Metal Color: Yellow/White Gold,Ring Size: US 14,1400.00
R07,Two Tone Evil Eye Coin Ring,BAS-EE-R07-18KYW-US14_5,Karat: 18K,Metal Color: Yellow/White Gold,Ring Size: US 14.5,1420.00
R07,Two Tone Evil Eye Coin Ring,BAS-EE-R07-18KYW-US15,Karat: 18K,Metal Color: Yellow/White Gold,Ring Size: US 15,1450.00
R07,Two Tone Evil Eye Coin Ring,BAS-EE-R07-18KYW-US15_5,Karat: 18K,Metal Color: Yellow/White Gold,Ring Size: US 15.5,1470.00
R07,Two Tone Evil Eye Coin Ring,BAS-EE-R07-18KYW-US16,Karat: 18K,Metal Color: Yellow/White Gold,Ring Size: US 16,1490.00
R07,Two Tone Evil Eye Coin Ring,BAS-EE-R07-18KWY-US3,Karat: 18K,Metal Color: White/Yellow Gold,Ring Size: US 3,930.00
R07,Two Tone Evil Eye Coin Ring,BAS-EE-R07-18KWY-US3_5,Karat: 18K,Metal Color: White/Yellow Gold,Ring Size: US 3.5,950.00
R07,Two Tone Evil Eye Coin Ring,BAS-EE-R07-18KWY-US4,Karat: 18K,Metal Color: White/Yellow Gold,Ring Size: US 4,970.00
R07,Two Tone Evil Eye Coin Ring,BAS-EE-R07-18KWY-US4_5,Karat: 18K,Metal Color: White/Yellow Gold,Ring Size: US 4.5,990.00
R07,Two Tone Evil Eye Coin Ring,BAS-EE-R07-18KWY-US5,Karat: 18K,Metal Color: White/Yellow Gold,Ring Size: US 5,1020.00
R07,Two Tone Evil Eye Coin Ring,BAS-EE-R07-18KWY-US5_5,Karat: 18K,Metal Color: White/Yellow Gold,Ring Size: US 5.5,1040.00
R07,Two Tone Evil Eye Coin Ring,BAS-EE-R07-18KWY-US6,Karat: 18K,Metal Color: White/Yellow Gold,Ring Size: US 6,1060.00
R07,Two Tone Evil Eye Coin Ring,BAS-EE-R07-18KWY-US6_5,Karat: 18K,Metal Color: White/Yellow Gold,Ring Size: US 6.5,1080.00
R07,Two Tone Evil Eye Coin Ring,BAS-EE-R07-18KWY-US7,Karat: 18K,Metal Color: White/Yellow Gold,Ring Size: US 7,1100.00
R07,Two Tone Evil Eye Coin Ring,BAS-EE-R07-18KWY-US7_5,Karat: 18K,Metal Color: White/Yellow Gold,Ring Size: US 7.5,1120.00
R07,Two Tone Evil Eye Coin Ring,BAS-EE-R07-18KWY-US8,Karat: 18K,Metal Color: White/Yellow Gold,Ring Size: US 8,1150.00
R07,Two Tone Evil Eye Coin Ring,BAS-EE-R07-18KWY-US8_5,Karat: 18K,Metal Color: White/Yellow Gold,Ring Size: US 8.5,1170.00
R07,Two Tone Evil Eye Coin Ring,BAS-EE-R07-18KWY-US9,Karat: 18K,Metal Color: White/Yellow Gold,Ring Size: US 9,1190.00
R07,Two Tone Evil Eye Coin Ring,BAS-EE-R07-18KWY-US9_5,Karat: 18K,Metal Color: White/Yellow Gold,Ring Size: US 9.5,1210.00
R07,Two Tone Evil Eye Coin Ring,BAS-EE-R07-18KWY-US10,Karat: 18K,Metal Color: White/Yellow Gold,Ring Size: US 10,1230.00
R07,Two Tone Evil Eye Coin Ring,BAS-EE-R07-18KWY-US10_5,Karat: 18K,Metal Color: White/Yellow Gold,Ring Size: US 10.5,1250.00
R07,Two Tone Evil Eye Coin Ring,BAS-EE-R07-18KWY-US11,Karat: 18K,Metal Color: White/Yellow Gold,Ring Size: US 11,1270.00
R07,Two Tone Evil Eye Coin Ring,BAS-EE-R07-18KWY-US11_5,Karat: 18K,Metal Color: White/Yellow Gold,Ring Size: US 11.5,1300.00
R07,Two Tone Evil Eye Coin Ring,BAS-EE-R07-18KWY-US12,Karat: 18K,Metal Color: White/Yellow Gold,Ring Size: US 12,1320.00
R07,Two Tone Evil Eye Coin Ring,BAS-EE-R07-18KWY-US12_5,Karat: 18K,Metal Color: White/Yellow Gold,Ring Size: US 12.5,1340.00
R07,Two Tone Evil Eye Coin Ring,BAS-EE-R07-18KWY-US13,Karat: 18K,Metal Color: White/Yellow Gold,Ring Size: US 13,1360.00
R07,Two Tone Evil Eye Coin Ring,BAS-EE-R07-18KWY-US13_5,Karat: 18K,Metal Color: White/Yellow Gold,Ring Size: US 13.5,1380.00
R07,Two Tone Evil Eye Coin Ring,BAS-EE-R07-18KWY-US14,Karat: 18K,Metal Color: White/Yellow Gold,Ring Size: US 14,1400.00
R07,Two Tone Evil Eye Coin Ring,BAS-EE-R07-18KWY-US14_5,Karat: 18K,Metal Color: White/Yellow Gold,Ring Size: US 14.5,1420.00
R07,Two Tone Evil Eye Coin Ring,BAS-EE-R07-18KWY-US15,Karat: 18K,Metal Color: White/Yellow Gold,Ring Size: US 15,1450.00
R07,Two Tone Evil Eye Coin Ring,BAS-EE-R07-18KWY-US15_5,Karat: 18K,Metal Color: White/Yellow Gold,Ring Size: US 15.5,1470.00
R07,Two Tone Evil Eye Coin Ring,BAS-EE-R07-18KWY-US16,Karat: 18K,Metal Color: White/Yellow Gold,Ring Size: US 16,1490.00
R07,Two Tone Evil Eye Coin Ring,BAS-EE-R07-18KRW-US3,Karat: 18K,Metal Color: Rose/White Gold,Ring Size: US 3,930.00
R07,Two Tone Evil Eye Coin Ring,BAS-EE-R07-18KRW-US3_5,Karat: 18K,Metal Color: Rose/White Gold,Ring Size: US 3.5,950.00
R07,Two Tone Evil Eye Coin Ring,BAS-EE-R07-18KRW-US4,Karat: 18K,Metal Color: Rose/White Gold,Ring Size: US 4,970.00
R07,Two Tone Evil Eye Coin Ring,BAS-EE-R07-18KRW-US4_5,Karat: 18K,Metal Color: Rose/White Gold,Ring Size: US 4.5,990.00
R07,Two Tone Evil Eye Coin Ring,BAS-EE-R07-18KRW-US5,Karat: 18K,Metal Color: Rose/White Gold,Ring Size: US 5,1020.00
R07,Two Tone Evil Eye Coin Ring,BAS-EE-R07-18KRW-US5_5,Karat: 18K,Metal Color: Rose/White Gold,Ring Size: US 5.5,1040.00
R07,Two Tone Evil Eye Coin Ring,BAS-EE-R07-18KRW-US6,Karat: 18K,Metal Color: Rose/White Gold,Ring Size: US 6,1060.00
R07,Two Tone Evil Eye Coin Ring,BAS-EE-R07-18KRW-US6_5,Karat: 18K,Metal Color: Rose/White Gold,Ring Size: US 6.5,1080.00
R07,Two Tone Evil Eye Coin Ring,BAS-EE-R07-18KRW-US7,Karat: 18K,Metal Color: Rose/White Gold,Ring Size: US 7,1100.00
R07,Two Tone Evil Eye Coin Ring,BAS-EE-R07-18KRW-US7_5,Karat: 18K,Metal Color: Rose/White Gold,Ring Size: US 7.5,1120.00
R07,Two Tone Evil Eye Coin Ring,BAS-EE-R07-18KRW-US8,Karat: 18K,Metal Color: Rose/White Gold,Ring Size: US 8,1150.00
R07,Two Tone Evil Eye Coin Ring,BAS-EE-R07-18KRW-US8_5,Karat: 18K,Metal Color: Rose/White Gold,Ring Size: US 8.5,1170.00
R07,Two Tone Evil Eye Coin Ring,BAS-EE-R07-18KRW-US9,Karat: 18K,Metal Color: Rose/White Gold,Ring Size: US 9,1190.00
R07,Two Tone Evil Eye Coin Ring,BAS-EE-R07-18KRW-US9_5,Karat: 18K,Metal Color: Rose/White Gold,Ring Size: US 9.5,1210.00
R07,Two Tone Evil Eye Coin Ring,BAS-EE-R07-18KRW-US10,Karat: 18K,Metal Color: Rose/White Gold,Ring Size: US 10,1230.00
R07,Two Tone Evil Eye Coin Ring,BAS-EE-R07-18KRW-US10_5,Karat: 18K,Metal Color: Rose/White Gold,Ring Size: US 10.5,1250.00
R07,Two Tone Evil Eye Coin Ring,BAS-EE-R07-18KRW-US11,Karat: 18K,Metal Color: Rose/White Gold,Ring Size: US 11,1270.00
R07,Two Tone Evil Eye Coin Ring,BAS-EE-R07-18KRW-US11_5,Karat: 18K,Metal Color: Rose/White Gold,Ring Size: US 11.5,1300.00
R07,Two Tone Evil Eye Coin Ring,BAS-EE-R07-18KRW-US12,Karat: 18K,Metal Color: Rose/White Gold,Ring Size: US 12,1320.00
R07,Two Tone Evil Eye Coin Ring,BAS-EE-R07-18KRW-US12_5,Karat: 18K,Metal Color: Rose/White Gold,Ring Size: US 12.5,1340.00
R07,Two Tone Evil Eye Coin Ring,BAS-EE-R07-18KRW-US13,Karat: 18K,Metal Color: Rose/White Gold,Ring Size: US 13,1360.00
R07,Two Tone Evil Eye Coin Ring,BAS-EE-R07-18KRW-US13_5,Karat: 18K,Metal Color: Rose/White Gold,Ring Size: US 13.5,1380.00
R07,Two Tone Evil Eye Coin Ring,BAS-EE-R07-18KRW-US14,Karat: 18K,Metal Color: Rose/White Gold,Ring Size: US 14,1400.00
R07,Two Tone Evil Eye Coin Ring,BAS-EE-R07-18KRW-US14_5,Karat: 18K,Metal Color: Rose/White Gold,Ring Size: US 14.5,1420.00
R07,Two Tone Evil Eye Coin Ring,BAS-EE-R07-18KRW-US15,Karat: 18K,Metal Color: Rose/White Gold,Ring Size: US 15,1450.00
R07,Two Tone Evil Eye Coin Ring,BAS-EE-R07-18KRW-US15_5,Karat: 18K,Metal Color: Rose/White Gold,Ring Size: US 15.5,1470.00
R07,Two Tone Evil Eye Coin Ring,BAS-EE-R07-18KRW-US16,Karat: 18K,Metal Color: Rose/White Gold,Ring Size: US 16,1490.00
N07,Two Tone Evil Eye Coin Necklace,BAS-EE-N07-10KYW-16IN,Karat: 10K,Metal Color: Yellow/White Gold,Chain Length: 16 inches,590.00
N07,Two Tone Evil Eye Coin Necklace,BAS-EE-N07-10KYW-18IN,Karat: 10K,Metal Color: Yellow/White Gold,Chain Length: 18 inches,610.00
N07,Two Tone Evil Eye Coin Necklace,BAS-EE-N07-10KYW-20IN,Karat: 10K,Metal Color: Yellow/White Gold,Chain Length: 20 inches,630.00
N07,Two Tone Evil Eye Coin Necklace,BAS-EE-N07-10KWY-16IN,Karat: 10K,Metal Color: White/Yellow Gold,Chain Length: 16 inches,590.00
N07,Two Tone Evil Eye Coin Necklace,BAS-EE-N07-10KWY-18IN,Karat: 10K,Metal Color: White/Yellow Gold,Chain Length: 18 inches,610.00
N07,Two Tone Evil Eye Coin Necklace,BAS-EE-N07-10KWY-20IN,Karat: 10K,Metal Color: White/Yellow Gold,Chain Length: 20 inches,630.00
N07,Two Tone Evil Eye Coin Necklace,BAS-EE-N07-10KRW-16IN,Karat: 10K,Metal Color: Rose/White Gold,Chain Length: 16 inches,590.00
N07,Two Tone Evil Eye Coin Necklace,BAS-EE-N07-10KRW-18IN,Karat: 10K,Metal Color: Rose/White Gold,Chain Length: 18 inches,610.00
N07,Two Tone Evil Eye Coin Necklace,BAS-EE-N07-10KRW-20IN,Karat: 10K,Metal Color: Rose/White Gold,Chain Length: 20 inches,630.00
N07,Two Tone Evil Eye Coin Necklace,BAS-EE-N07-14KYW-16IN,Karat: 14K,Metal Color: Yellow/White Gold,Chain Length: 16 inches,760.00
N07,Two Tone Evil Eye Coin Necklace,BAS-EE-N07-14KYW-18IN,Karat: 14K,Metal Color: Yellow/White Gold,Chain Length: 18 inches,780.00
N07,Two Tone Evil Eye Coin Necklace,BAS-EE-N07-14KYW-20IN,Karat: 14K,Metal Color: Yellow/White Gold,Chain Length: 20 inches,810.00
N07,Two Tone Evil Eye Coin Necklace,BAS-EE-N07-14KWY-16IN,Karat: 14K,Metal Color: White/Yellow Gold,Chain Length: 16 inches,760.00
N07,Two Tone Evil Eye Coin Necklace,BAS-EE-N07-14KWY-18IN,Karat: 14K,Metal Color: White/Yellow Gold,Chain Length: 18 inches,780.00
N07,Two Tone Evil Eye Coin Necklace,BAS-EE-N07-14KWY-20IN,Karat: 14K,Metal Color: White/Yellow Gold,Chain Length: 20 inches,810.00
N07,Two Tone Evil Eye Coin Necklace,BAS-EE-N07-14KRW-16IN,Karat: 14K,Metal Color: Rose/White Gold,Chain Length: 16 inches,760.00
N07,Two Tone Evil Eye Coin Necklace,BAS-EE-N07-14KRW-18IN,Karat: 14K,Metal Color: Rose/White Gold,Chain Length: 18 inches,780.00
N07,Two Tone Evil Eye Coin Necklace,BAS-EE-N07-14KRW-20IN,Karat: 14K,Metal Color: Rose/White Gold,Chain Length: 20 inches,810.00
N07,Two Tone Evil Eye Coin Necklace,BAS-EE-N07-18KYW-16IN,Karat: 18K,Metal Color: Yellow/White Gold,Chain Length: 16 inches,970.00
N07,Two Tone Evil Eye Coin Necklace,BAS-EE-N07-18KYW-18IN,Karat: 18K,Metal Color: Yellow/White Gold,Chain Length: 18 inches,1010.00
N07,Two Tone Evil Eye Coin Necklace,BAS-EE-N07-18KYW-20IN,Karat: 18K,Metal Color: Yellow/White Gold,Chain Length: 20 inches,1050.00
N07,Two Tone Evil Eye Coin Necklace,BAS-EE-N07-18KWY-16IN,Karat: 18K,Metal Color: White/Yellow Gold,Chain Length: 16 inches,970.00
N07,Two Tone Evil Eye Coin Necklace,BAS-EE-N07-18KWY-18IN,Karat: 18K,Metal Color: White/Yellow Gold,Chain Length: 18 inches,1010.00
N07,Two Tone Evil Eye Coin Necklace,BAS-EE-N07-18KWY-20IN,Karat: 18K,Metal Color: White/Yellow Gold,Chain Length: 20 inches,1050.00
N07,Two Tone Evil Eye Coin Necklace,BAS-EE-N07-18KRW-16IN,Karat: 18K,Metal Color: Rose/White Gold,Chain Length: 16 inches,970.00
N07,Two Tone Evil Eye Coin Necklace,BAS-EE-N07-18KRW-18IN,Karat: 18K,Metal Color: Rose/White Gold,Chain Length: 18 inches,1010.00
N07,Two Tone Evil Eye Coin Necklace,BAS-EE-N07-18KRW-20IN,Karat: 18K,Metal Color: Rose/White Gold,Chain Length: 20 inches,1050.00
B07,Two Tone Evil Eye Coin Bracelet,BAS-EE-B07-10KYW-6_5IN,Karat: 10K,Metal Color: Yellow/White Gold,Bracelet Length: 6.5 inches,570.00
B07,Two Tone Evil Eye Coin Bracelet,BAS-EE-B07-10KYW-7IN,Karat: 10K,Metal Color: Yellow/White Gold,Bracelet Length: 7 inches,580.00
B07,Two Tone Evil Eye Coin Bracelet,BAS-EE-B07-10KYW-7_5IN,Karat: 10K,Metal Color: Yellow/White Gold,Bracelet Length: 7.5 inches,590.00
B07,Two Tone Evil Eye Coin Bracelet,BAS-EE-B07-10KWY-6_5IN,Karat: 10K,Metal Color: White/Yellow Gold,Bracelet Length: 6.5 inches,570.00
B07,Two Tone Evil Eye Coin Bracelet,BAS-EE-B07-10KWY-7IN,Karat: 10K,Metal Color: White/Yellow Gold,Bracelet Length: 7 inches,580.00
B07,Two Tone Evil Eye Coin Bracelet,BAS-EE-B07-10KWY-7_5IN,Karat: 10K,Metal Color: White/Yellow Gold,Bracelet Length: 7.5 inches,590.00
B07,Two Tone Evil Eye Coin Bracelet,BAS-EE-B07-10KRW-6_5IN,Karat: 10K,Metal Color: Rose/White Gold,Bracelet Length: 6.5 inches,570.00
B07,Two Tone Evil Eye Coin Bracelet,BAS-EE-B07-10KRW-7IN,Karat: 10K,Metal Color: Rose/White Gold,Bracelet Length: 7 inches,580.00
B07,Two Tone Evil Eye Coin Bracelet,BAS-EE-B07-10KRW-7_5IN,Karat: 10K,Metal Color: Rose/White Gold,Bracelet Length: 7.5 inches,590.00
B07,Two Tone Evil Eye Coin Bracelet,BAS-EE-B07-14KYW-6_5IN,Karat: 14K,Metal Color: Yellow/White Gold,Bracelet Length: 6.5 inches,690.00
B07,Two Tone Evil Eye Coin Bracelet,BAS-EE-B07-14KYW-7IN,Karat: 14K,Metal Color: Yellow/White Gold,Bracelet Length: 7 inches,700.00
B07,Two Tone Evil Eye Coin Bracelet,BAS-EE-B07-14KYW-7_5IN,Karat: 14K,Metal Color: Yellow/White Gold,Bracelet Length: 7.5 inches,720.00
B07,Two Tone Evil Eye Coin Bracelet,BAS-EE-B07-14KWY-6_5IN,Karat: 14K,Metal Color: White/Yellow Gold,Bracelet Length: 6.5 inches,690.00
B07,Two Tone Evil Eye Coin Bracelet,BAS-EE-B07-14KWY-7IN,Karat: 14K,Metal Color: White/Yellow Gold,Bracelet Length: 7 inches,700.00
B07,Two Tone Evil Eye Coin Bracelet,BAS-EE-B07-14KWY-7_5IN,Karat: 14K,Metal Color: White/Yellow Gold,Bracelet Length: 7.5 inches,720.00
B07,Two Tone Evil Eye Coin Bracelet,BAS-EE-B07-14KRW-6_5IN,Karat: 14K,Metal Color: Rose/White Gold,Bracelet Length: 6.5 inches,690.00
B07,Two Tone Evil Eye Coin Bracelet,BAS-EE-B07-14KRW-7IN,Karat: 14K,Metal Color: Rose/White Gold,Bracelet Length: 7 inches,700.00
B07,Two Tone Evil Eye Coin Bracelet,BAS-EE-B07-14KRW-7_5IN,Karat: 14K,Metal Color: Rose/White Gold,Bracelet Length: 7.5 inches,720.00
B07,Two Tone Evil Eye Coin Bracelet,BAS-EE-B07-18KYW-6_5IN,Karat: 18K,Metal Color: Yellow/White Gold,Bracelet Length: 6.5 inches,840.00
B07,Two Tone Evil Eye Coin Bracelet,BAS-EE-B07-18KYW-7IN,Karat: 18K,Metal Color: Yellow/White Gold,Bracelet Length: 7 inches,860.00
B07,Two Tone Evil Eye Coin Bracelet,BAS-EE-B07-18KYW-7_5IN,Karat: 18K,Metal Color: Yellow/White Gold,Bracelet Length: 7.5 inches,880.00
B07,Two Tone Evil Eye Coin Bracelet,BAS-EE-B07-18KWY-6_5IN,Karat: 18K,Metal Color: White/Yellow Gold,Bracelet Length: 6.5 inches,840.00
B07,Two Tone Evil Eye Coin Bracelet,BAS-EE-B07-18KWY-7IN,Karat: 18K,Metal Color: White/Yellow Gold,Bracelet Length: 7 inches,860.00
B07,Two Tone Evil Eye Coin Bracelet,BAS-EE-B07-18KWY-7_5IN,Karat: 18K,Metal Color: White/Yellow Gold,Bracelet Length: 7.5 inches,880.00
B07,Two Tone Evil Eye Coin Bracelet,BAS-EE-B07-18KRW-6_5IN,Karat: 18K,Metal Color: Rose/White Gold,Bracelet Length: 6.5 inches,840.00
B07,Two Tone Evil Eye Coin Bracelet,BAS-EE-B07-18KRW-7IN,Karat: 18K,Metal Color: Rose/White Gold,Bracelet Length: 7 inches,860.00
B07,Two Tone Evil Eye Coin Bracelet,BAS-EE-B07-18KRW-7_5IN,Karat: 18K,Metal Color: Rose/White Gold,Bracelet Length: 7.5 inches,880.00
R08,Two Tone Mixed Metal Evil Eye Ring,BAS-EE-R08-10KYW-US3,Karat: 10K,Metal Color: Yellow/White Gold,Ring Size: US 3,620.00
R08,Two Tone Mixed Metal Evil Eye Ring,BAS-EE-R08-10KYW-US3_5,Karat: 10K,Metal Color: Yellow/White Gold,Ring Size: US 3.5,630.00
R08,Two Tone Mixed Metal Evil Eye Ring,BAS-EE-R08-10KYW-US4,Karat: 10K,Metal Color: Yellow/White Gold,Ring Size: US 4,640.00
R08,Two Tone Mixed Metal Evil Eye Ring,BAS-EE-R08-10KYW-US4_5,Karat: 10K,Metal Color: Yellow/White Gold,Ring Size: US 4.5,650.00
R08,Two Tone Mixed Metal Evil Eye Ring,BAS-EE-R08-10KYW-US5,Karat: 10K,Metal Color: Yellow/White Gold,Ring Size: US 5,660.00
R08,Two Tone Mixed Metal Evil Eye Ring,BAS-EE-R08-10KYW-US5_5,Karat: 10K,Metal Color: Yellow/White Gold,Ring Size: US 5.5,670.00
R08,Two Tone Mixed Metal Evil Eye Ring,BAS-EE-R08-10KYW-US6,Karat: 10K,Metal Color: Yellow/White Gold,Ring Size: US 6,680.00
R08,Two Tone Mixed Metal Evil Eye Ring,BAS-EE-R08-10KYW-US6_5,Karat: 10K,Metal Color: Yellow/White Gold,Ring Size: US 6.5,690.00
R08,Two Tone Mixed Metal Evil Eye Ring,BAS-EE-R08-10KYW-US7,Karat: 10K,Metal Color: Yellow/White Gold,Ring Size: US 7,700.00
R08,Two Tone Mixed Metal Evil Eye Ring,BAS-EE-R08-10KYW-US7_5,Karat: 10K,Metal Color: Yellow/White Gold,Ring Size: US 7.5,710.00
R08,Two Tone Mixed Metal Evil Eye Ring,BAS-EE-R08-10KYW-US8,Karat: 10K,Metal Color: Yellow/White Gold,Ring Size: US 8,720.00
R08,Two Tone Mixed Metal Evil Eye Ring,BAS-EE-R08-10KYW-US8_5,Karat: 10K,Metal Color: Yellow/White Gold,Ring Size: US 8.5,730.00
R08,Two Tone Mixed Metal Evil Eye Ring,BAS-EE-R08-10KYW-US9,Karat: 10K,Metal Color: Yellow/White Gold,Ring Size: US 9,740.00
R08,Two Tone Mixed Metal Evil Eye Ring,BAS-EE-R08-10KYW-US9_5,Karat: 10K,Metal Color: Yellow/White Gold,Ring Size: US 9.5,750.00
R08,Two Tone Mixed Metal Evil Eye Ring,BAS-EE-R08-10KYW-US10,Karat: 10K,Metal Color: Yellow/White Gold,Ring Size: US 10,760.00
R08,Two Tone Mixed Metal Evil Eye Ring,BAS-EE-R08-10KYW-US10_5,Karat: 10K,Metal Color: Yellow/White Gold,Ring Size: US 10.5,780.00
R08,Two Tone Mixed Metal Evil Eye Ring,BAS-EE-R08-10KYW-US11,Karat: 10K,Metal Color: Yellow/White Gold,Ring Size: US 11,790.00
R08,Two Tone Mixed Metal Evil Eye Ring,BAS-EE-R08-10KYW-US11_5,Karat: 10K,Metal Color: Yellow/White Gold,Ring Size: US 11.5,800.00
R08,Two Tone Mixed Metal Evil Eye Ring,BAS-EE-R08-10KYW-US12,Karat: 10K,Metal Color: Yellow/White Gold,Ring Size: US 12,810.00
R08,Two Tone Mixed Metal Evil Eye Ring,BAS-EE-R08-10KYW-US12_5,Karat: 10K,Metal Color: Yellow/White Gold,Ring Size: US 12.5,820.00
R08,Two Tone Mixed Metal Evil Eye Ring,BAS-EE-R08-10KYW-US13,Karat: 10K,Metal Color: Yellow/White Gold,Ring Size: US 13,830.00
R08,Two Tone Mixed Metal Evil Eye Ring,BAS-EE-R08-10KYW-US13_5,Karat: 10K,Metal Color: Yellow/White Gold,Ring Size: US 13.5,840.00
R08,Two Tone Mixed Metal Evil Eye Ring,BAS-EE-R08-10KYW-US14,Karat: 10K,Metal Color: Yellow/White Gold,Ring Size: US 14,850.00
R08,Two Tone Mixed Metal Evil Eye Ring,BAS-EE-R08-10KYW-US14_5,Karat: 10K,Metal Color: Yellow/White Gold,Ring Size: US 14.5,860.00
R08,Two Tone Mixed Metal Evil Eye Ring,BAS-EE-R08-10KYW-US15,Karat: 10K,Metal Color: Yellow/White Gold,Ring Size: US 15,870.00
R08,Two Tone Mixed Metal Evil Eye Ring,BAS-EE-R08-10KYW-US15_5,Karat: 10K,Metal Color: Yellow/White Gold,Ring Size: US 15.5,880.00
R08,Two Tone Mixed Metal Evil Eye Ring,BAS-EE-R08-10KYW-US16,Karat: 10K,Metal Color: Yellow/White Gold,Ring Size: US 16,890.00
R08,Two Tone Mixed Metal Evil Eye Ring,BAS-EE-R08-10KWY-US3,Karat: 10K,Metal Color: White/Yellow Gold,Ring Size: US 3,620.00
R08,Two Tone Mixed Metal Evil Eye Ring,BAS-EE-R08-10KWY-US3_5,Karat: 10K,Metal Color: White/Yellow Gold,Ring Size: US 3.5,630.00
R08,Two Tone Mixed Metal Evil Eye Ring,BAS-EE-R08-10KWY-US4,Karat: 10K,Metal Color: White/Yellow Gold,Ring Size: US 4,640.00
R08,Two Tone Mixed Metal Evil Eye Ring,BAS-EE-R08-10KWY-US4_5,Karat: 10K,Metal Color: White/Yellow Gold,Ring Size: US 4.5,650.00
R08,Two Tone Mixed Metal Evil Eye Ring,BAS-EE-R08-10KWY-US5,Karat: 10K,Metal Color: White/Yellow Gold,Ring Size: US 5,660.00
R08,Two Tone Mixed Metal Evil Eye Ring,BAS-EE-R08-10KWY-US5_5,Karat: 10K,Metal Color: White/Yellow Gold,Ring Size: US 5.5,670.00
R08,Two Tone Mixed Metal Evil Eye Ring,BAS-EE-R08-10KWY-US6,Karat: 10K,Metal Color: White/Yellow Gold,Ring Size: US 6,680.00
R08,Two Tone Mixed Metal Evil Eye Ring,BAS-EE-R08-10KWY-US6_5,Karat: 10K,Metal Color: White/Yellow Gold,Ring Size: US 6.5,690.00
R08,Two Tone Mixed Metal Evil Eye Ring,BAS-EE-R08-10KWY-US7,Karat: 10K,Metal Color: White/Yellow Gold,Ring Size: US 7,700.00
R08,Two Tone Mixed Metal Evil Eye Ring,BAS-EE-R08-10KWY-US7_5,Karat: 10K,Metal Color: White/Yellow Gold,Ring Size: US 7.5,710.00
R08,Two Tone Mixed Metal Evil Eye Ring,BAS-EE-R08-10KWY-US8,Karat: 10K,Metal Color: White/Yellow Gold,Ring Size: US 8,720.00
R08,Two Tone Mixed Metal Evil Eye Ring,BAS-EE-R08-10KWY-US8_5,Karat: 10K,Metal Color: White/Yellow Gold,Ring Size: US 8.5,730.00
R08,Two Tone Mixed Metal Evil Eye Ring,BAS-EE-R08-10KWY-US9,Karat: 10K,Metal Color: White/Yellow Gold,Ring Size: US 9,740.00
R08,Two Tone Mixed Metal Evil Eye Ring,BAS-EE-R08-10KWY-US9_5,Karat: 10K,Metal Color: White/Yellow Gold,Ring Size: US 9.5,750.00
R08,Two Tone Mixed Metal Evil Eye Ring,BAS-EE-R08-10KWY-US10,Karat: 10K,Metal Color: White/Yellow Gold,Ring Size: US 10,760.00
R08,Two Tone Mixed Metal Evil Eye Ring,BAS-EE-R08-10KWY-US10_5,Karat: 10K,Metal Color: White/Yellow Gold,Ring Size: US 10.5,780.00
R08,Two Tone Mixed Metal Evil Eye Ring,BAS-EE-R08-10KWY-US11,Karat: 10K,Metal Color: White/Yellow Gold,Ring Size: US 11,790.00
R08,Two Tone Mixed Metal Evil Eye Ring,BAS-EE-R08-10KWY-US11_5,Karat: 10K,Metal Color: White/Yellow Gold,Ring Size: US 11.5,800.00
R08,Two Tone Mixed Metal Evil Eye Ring,BAS-EE-R08-10KWY-US12,Karat: 10K,Metal Color: White/Yellow Gold,Ring Size: US 12,810.00
R08,Two Tone Mixed Metal Evil Eye Ring,BAS-EE-R08-10KWY-US12_5,Karat: 10K,Metal Color: White/Yellow Gold,Ring Size: US 12.5,820.00
R08,Two Tone Mixed Metal Evil Eye Ring,BAS-EE-R08-10KWY-US13,Karat: 10K,Metal Color: White/Yellow Gold,Ring Size: US 13,830.00
R08,Two Tone Mixed Metal Evil Eye Ring,BAS-EE-R08-10KWY-US13_5,Karat: 10K,Metal Color: White/Yellow Gold,Ring Size: US 13.5,840.00
R08,Two Tone Mixed Metal Evil Eye Ring,BAS-EE-R08-10KWY-US14,Karat: 10K,Metal Color: White/Yellow Gold,Ring Size: US 14,850.00
R08,Two Tone Mixed Metal Evil Eye Ring,BAS-EE-R08-10KWY-US14_5,Karat: 10K,Metal Color: White/Yellow Gold,Ring Size: US 14.5,860.00
R08,Two Tone Mixed Metal Evil Eye Ring,BAS-EE-R08-10KWY-US15,Karat: 10K,Metal Color: White/Yellow Gold,Ring Size: US 15,870.00
R08,Two Tone Mixed Metal Evil Eye Ring,BAS-EE-R08-10KWY-US15_5,Karat: 10K,Metal Color: White/Yellow Gold,Ring Size: US 15.5,880.00
R08,Two Tone Mixed Metal Evil Eye Ring,BAS-EE-R08-10KWY-US16,Karat: 10K,Metal Color: White/Yellow Gold,Ring Size: US 16,890.00
R08,Two Tone Mixed Metal Evil Eye Ring,BAS-EE-R08-10KRW-US3,Karat: 10K,Metal Color: Rose/White Gold,Ring Size: US 3,620.00
R08,Two Tone Mixed Metal Evil Eye Ring,BAS-EE-R08-10KRW-US3_5,Karat: 10K,Metal Color: Rose/White Gold,Ring Size: US 3.5,630.00
R08,Two Tone Mixed Metal Evil Eye Ring,BAS-EE-R08-10KRW-US4,Karat: 10K,Metal Color: Rose/White Gold,Ring Size: US 4,640.00
R08,Two Tone Mixed Metal Evil Eye Ring,BAS-EE-R08-10KRW-US4_5,Karat: 10K,Metal Color: Rose/White Gold,Ring Size: US 4.5,650.00
R08,Two Tone Mixed Metal Evil Eye Ring,BAS-EE-R08-10KRW-US5,Karat: 10K,Metal Color: Rose/White Gold,Ring Size: US 5,660.00
R08,Two Tone Mixed Metal Evil Eye Ring,BAS-EE-R08-10KRW-US5_5,Karat: 10K,Metal Color: Rose/White Gold,Ring Size: US 5.5,670.00
R08,Two Tone Mixed Metal Evil Eye Ring,BAS-EE-R08-10KRW-US6,Karat: 10K,Metal Color: Rose/White Gold,Ring Size: US 6,680.00
R08,Two Tone Mixed Metal Evil Eye Ring,BAS-EE-R08-10KRW-US6_5,Karat: 10K,Metal Color: Rose/White Gold,Ring Size: US 6.5,690.00
R08,Two Tone Mixed Metal Evil Eye Ring,BAS-EE-R08-10KRW-US7,Karat: 10K,Metal Color: Rose/White Gold,Ring Size: US 7,700.00
R08,Two Tone Mixed Metal Evil Eye Ring,BAS-EE-R08-10KRW-US7_5,Karat: 10K,Metal Color: Rose/White Gold,Ring Size: US 7.5,710.00
R08,Two Tone Mixed Metal Evil Eye Ring,BAS-EE-R08-10KRW-US8,Karat: 10K,Metal Color: Rose/White Gold,Ring Size: US 8,720.00
R08,Two Tone Mixed Metal Evil Eye Ring,BAS-EE-R08-10KRW-US8_5,Karat: 10K,Metal Color: Rose/White Gold,Ring Size: US 8.5,730.00
R08,Two Tone Mixed Metal Evil Eye Ring,BAS-EE-R08-10KRW-US9,Karat: 10K,Metal Color: Rose/White Gold,Ring Size: US 9,740.00
R08,Two Tone Mixed Metal Evil Eye Ring,BAS-EE-R08-10KRW-US9_5,Karat: 10K,Metal Color: Rose/White Gold,Ring Size: US 9.5,750.00
R08,Two Tone Mixed Metal Evil Eye Ring,BAS-EE-R08-10KRW-US10,Karat: 10K,Metal Color: Rose/White Gold,Ring Size: US 10,760.00
R08,Two Tone Mixed Metal Evil Eye Ring,BAS-EE-R08-10KRW-US10_5,Karat: 10K,Metal Color: Rose/White Gold,Ring Size: US 10.5,780.00
R08,Two Tone Mixed Metal Evil Eye Ring,BAS-EE-R08-10KRW-US11,Karat: 10K,Metal Color: Rose/White Gold,Ring Size: US 11,790.00
R08,Two Tone Mixed Metal Evil Eye Ring,BAS-EE-R08-10KRW-US11_5,Karat: 10K,Metal Color: Rose/White Gold,Ring Size: US 11.5,800.00
R08,Two Tone Mixed Metal Evil Eye Ring,BAS-EE-R08-10KRW-US12,Karat: 10K,Metal Color: Rose/White Gold,Ring Size: US 12,810.00
R08,Two Tone Mixed Metal Evil Eye Ring,BAS-EE-R08-10KRW-US12_5,Karat: 10K,Metal Color: Rose/White Gold,Ring Size: US 12.5,820.00
R08,Two Tone Mixed Metal Evil Eye Ring,BAS-EE-R08-10KRW-US13,Karat: 10K,Metal Color: Rose/White Gold,Ring Size: US 13,830.00
R08,Two Tone Mixed Metal Evil Eye Ring,BAS-EE-R08-10KRW-US13_5,Karat: 10K,Metal Color: Rose/White Gold,Ring Size: US 13.5,840.00
R08,Two Tone Mixed Metal Evil Eye Ring,BAS-EE-R08-10KRW-US14,Karat: 10K,Metal Color: Rose/White Gold,Ring Size: US 14,850.00
R08,Two Tone Mixed Metal Evil Eye Ring,BAS-EE-R08-10KRW-US14_5,Karat: 10K,Metal Color: Rose/White Gold,Ring Size: US 14.5,860.00
R08,Two Tone Mixed Metal Evil Eye Ring,BAS-EE-R08-10KRW-US15,Karat: 10K,Metal Color: Rose/White Gold,Ring Size: US 15,870.00
R08,Two Tone Mixed Metal Evil Eye Ring,BAS-EE-R08-10KRW-US15_5,Karat: 10K,Metal Color: Rose/White Gold,Ring Size: US 15.5,880.00
R08,Two Tone Mixed Metal Evil Eye Ring,BAS-EE-R08-10KRW-US16,Karat: 10K,Metal Color: Rose/White Gold,Ring Size: US 16,890.00
R08,Two Tone Mixed Metal Evil Eye Ring,BAS-EE-R08-14KYW-US3,Karat: 14K,Metal Color: Yellow/White Gold,Ring Size: US 3,800.00
R08,Two Tone Mixed Metal Evil Eye Ring,BAS-EE-R08-14KYW-US3_5,Karat: 14K,Metal Color: Yellow/White Gold,Ring Size: US 3.5,810.00
R08,Two Tone Mixed Metal Evil Eye Ring,BAS-EE-R08-14KYW-US4,Karat: 14K,Metal Color: Yellow/White Gold,Ring Size: US 4,830.00
R08,Two Tone Mixed Metal Evil Eye Ring,BAS-EE-R08-14KYW-US4_5,Karat: 14K,Metal Color: Yellow/White Gold,Ring Size: US 4.5,850.00
R08,Two Tone Mixed Metal Evil Eye Ring,BAS-EE-R08-14KYW-US5,Karat: 14K,Metal Color: Yellow/White Gold,Ring Size: US 5,860.00
R08,Two Tone Mixed Metal Evil Eye Ring,BAS-EE-R08-14KYW-US5_5,Karat: 14K,Metal Color: Yellow/White Gold,Ring Size: US 5.5,880.00
R08,Two Tone Mixed Metal Evil Eye Ring,BAS-EE-R08-14KYW-US6,Karat: 14K,Metal Color: Yellow/White Gold,Ring Size: US 6,890.00
R08,Two Tone Mixed Metal Evil Eye Ring,BAS-EE-R08-14KYW-US6_5,Karat: 14K,Metal Color: Yellow/White Gold,Ring Size: US 6.5,910.00
R08,Two Tone Mixed Metal Evil Eye Ring,BAS-EE-R08-14KYW-US7,Karat: 14K,Metal Color: Yellow/White Gold,Ring Size: US 7,920.00
R08,Two Tone Mixed Metal Evil Eye Ring,BAS-EE-R08-14KYW-US7_5,Karat: 14K,Metal Color: Yellow/White Gold,Ring Size: US 7.5,940.00
R08,Two Tone Mixed Metal Evil Eye Ring,BAS-EE-R08-14KYW-US8,Karat: 14K,Metal Color: Yellow/White Gold,Ring Size: US 8,950.00
R08,Two Tone Mixed Metal Evil Eye Ring,BAS-EE-R08-14KYW-US8_5,Karat: 14K,Metal Color: Yellow/White Gold,Ring Size: US 8.5,970.00
R08,Two Tone Mixed Metal Evil Eye Ring,BAS-EE-R08-14KYW-US9,Karat: 14K,Metal Color: Yellow/White Gold,Ring Size: US 9,980.00
R08,Two Tone Mixed Metal Evil Eye Ring,BAS-EE-R08-14KYW-US9_5,Karat: 14K,Metal Color: Yellow/White Gold,Ring Size: US 9.5,1000.00
R08,Two Tone Mixed Metal Evil Eye Ring,BAS-EE-R08-14KYW-US10,Karat: 14K,Metal Color: Yellow/White Gold,Ring Size: US 10,1020.00
R08,Two Tone Mixed Metal Evil Eye Ring,BAS-EE-R08-14KYW-US10_5,Karat: 14K,Metal Color: Yellow/White Gold,Ring Size: US 10.5,1030.00
R08,Two Tone Mixed Metal Evil Eye Ring,BAS-EE-R08-14KYW-US11,Karat: 14K,Metal Color: Yellow/White Gold,Ring Size: US 11,1050.00
R08,Two Tone Mixed Metal Evil Eye Ring,BAS-EE-R08-14KYW-US11_5,Karat: 14K,Metal Color: Yellow/White Gold,Ring Size: US 11.5,1060.00
R08,Two Tone Mixed Metal Evil Eye Ring,BAS-EE-R08-14KYW-US12,Karat: 14K,Metal Color: Yellow/White Gold,Ring Size: US 12,1080.00
R08,Two Tone Mixed Metal Evil Eye Ring,BAS-EE-R08-14KYW-US12_5,Karat: 14K,Metal Color: Yellow/White Gold,Ring Size: US 12.5,1090.00
R08,Two Tone Mixed Metal Evil Eye Ring,BAS-EE-R08-14KYW-US13,Karat: 14K,Metal Color: Yellow/White Gold,Ring Size: US 13,1110.00
R08,Two Tone Mixed Metal Evil Eye Ring,BAS-EE-R08-14KYW-US13_5,Karat: 14K,Metal Color: Yellow/White Gold,Ring Size: US 13.5,1120.00
R08,Two Tone Mixed Metal Evil Eye Ring,BAS-EE-R08-14KYW-US14,Karat: 14K,Metal Color: Yellow/White Gold,Ring Size: US 14,1140.00
R08,Two Tone Mixed Metal Evil Eye Ring,BAS-EE-R08-14KYW-US14_5,Karat: 14K,Metal Color: Yellow/White Gold,Ring Size: US 14.5,1150.00
R08,Two Tone Mixed Metal Evil Eye Ring,BAS-EE-R08-14KYW-US15,Karat: 14K,Metal Color: Yellow/White Gold,Ring Size: US 15,1170.00
R08,Two Tone Mixed Metal Evil Eye Ring,BAS-EE-R08-14KYW-US15_5,Karat: 14K,Metal Color: Yellow/White Gold,Ring Size: US 15.5,1190.00
R08,Two Tone Mixed Metal Evil Eye Ring,BAS-EE-R08-14KYW-US16,Karat: 14K,Metal Color: Yellow/White Gold,Ring Size: US 16,1200.00
R08,Two Tone Mixed Metal Evil Eye Ring,BAS-EE-R08-14KWY-US3,Karat: 14K,Metal Color: White/Yellow Gold,Ring Size: US 3,800.00
R08,Two Tone Mixed Metal Evil Eye Ring,BAS-EE-R08-14KWY-US3_5,Karat: 14K,Metal Color: White/Yellow Gold,Ring Size: US 3.5,810.00
R08,Two Tone Mixed Metal Evil Eye Ring,BAS-EE-R08-14KWY-US4,Karat: 14K,Metal Color: White/Yellow Gold,Ring Size: US 4,830.00
R08,Two Tone Mixed Metal Evil Eye Ring,BAS-EE-R08-14KWY-US4_5,Karat: 14K,Metal Color: White/Yellow Gold,Ring Size: US 4.5,850.00
R08,Two Tone Mixed Metal Evil Eye Ring,BAS-EE-R08-14KWY-US5,Karat: 14K,Metal Color: White/Yellow Gold,Ring Size: US 5,860.00
R08,Two Tone Mixed Metal Evil Eye Ring,BAS-EE-R08-14KWY-US5_5,Karat: 14K,Metal Color: White/Yellow Gold,Ring Size: US 5.5,880.00
R08,Two Tone Mixed Metal Evil Eye Ring,BAS-EE-R08-14KWY-US6,Karat: 14K,Metal Color: White/Yellow Gold,Ring Size: US 6,890.00
R08,Two Tone Mixed Metal Evil Eye Ring,BAS-EE-R08-14KWY-US6_5,Karat: 14K,Metal Color: White/Yellow Gold,Ring Size: US 6.5,910.00
R08,Two Tone Mixed Metal Evil Eye Ring,BAS-EE-R08-14KWY-US7,Karat: 14K,Metal Color: White/Yellow Gold,Ring Size: US 7,920.00
R08,Two Tone Mixed Metal Evil Eye Ring,BAS-EE-R08-14KWY-US7_5,Karat: 14K,Metal Color: White/Yellow Gold,Ring Size: US 7.5,940.00
R08,Two Tone Mixed Metal Evil Eye Ring,BAS-EE-R08-14KWY-US8,Karat: 14K,Metal Color: White/Yellow Gold,Ring Size: US 8,950.00
R08,Two Tone Mixed Metal Evil Eye Ring,BAS-EE-R08-14KWY-US8_5,Karat: 14K,Metal Color: White/Yellow Gold,Ring Size: US 8.5,970.00
R08,Two Tone Mixed Metal Evil Eye Ring,BAS-EE-R08-14KWY-US9,Karat: 14K,Metal Color: White/Yellow Gold,Ring Size: US 9,980.00
R08,Two Tone Mixed Metal Evil Eye Ring,BAS-EE-R08-14KWY-US9_5,Karat: 14K,Metal Color: White/Yellow Gold,Ring Size: US 9.5,1000.00
R08,Two Tone Mixed Metal Evil Eye Ring,BAS-EE-R08-14KWY-US10,Karat: 14K,Metal Color: White/Yellow Gold,Ring Size: US 10,1020.00
R08,Two Tone Mixed Metal Evil Eye Ring,BAS-EE-R08-14KWY-US10_5,Karat: 14K,Metal Color: White/Yellow Gold,Ring Size: US 10.5,1030.00
R08,Two Tone Mixed Metal Evil Eye Ring,BAS-EE-R08-14KWY-US11,Karat: 14K,Metal Color: White/Yellow Gold,Ring Size: US 11,1050.00
R08,Two Tone Mixed Metal Evil Eye Ring,BAS-EE-R08-14KWY-US11_5,Karat: 14K,Metal Color: White/Yellow Gold,Ring Size: US 11.5,1060.00
R08,Two Tone Mixed Metal Evil Eye Ring,BAS-EE-R08-14KWY-US12,Karat: 14K,Metal Color: White/Yellow Gold,Ring Size: US 12,1080.00
R08,Two Tone Mixed Metal Evil Eye Ring,BAS-EE-R08-14KWY-US12_5,Karat: 14K,Metal Color: White/Yellow Gold,Ring Size: US 12.5,1090.00
R08,Two Tone Mixed Metal Evil Eye Ring,BAS-EE-R08-14KWY-US13,Karat: 14K,Metal Color: White/Yellow Gold,Ring Size: US 13,1110.00
R08,Two Tone Mixed Metal Evil Eye Ring,BAS-EE-R08-14KWY-US13_5,Karat: 14K,Metal Color: White/Yellow Gold,Ring Size: US 13.5,1120.00
R08,Two Tone Mixed Metal Evil Eye Ring,BAS-EE-R08-14KWY-US14,Karat: 14K,Metal Color: White/Yellow Gold,Ring Size: US 14,1140.00
R08,Two Tone Mixed Metal Evil Eye Ring,BAS-EE-R08-14KWY-US14_5,Karat: 14K,Metal Color: White/Yellow Gold,Ring Size: US 14.5,1150.00
R08,Two Tone Mixed Metal Evil Eye Ring,BAS-EE-R08-14KWY-US15,Karat: 14K,Metal Color: White/Yellow Gold,Ring Size: US 15,1170.00
R08,Two Tone Mixed Metal Evil Eye Ring,BAS-EE-R08-14KWY-US15_5,Karat: 14K,Metal Color: White/Yellow Gold,Ring Size: US 15.5,1190.00
R08,Two Tone Mixed Metal Evil Eye Ring,BAS-EE-R08-14KWY-US16,Karat: 14K,Metal Color: White/Yellow Gold,Ring Size: US 16,1200.00
R08,Two Tone Mixed Metal Evil Eye Ring,BAS-EE-R08-14KRW-US3,Karat: 14K,Metal Color: Rose/White Gold,Ring Size: US 3,800.00
R08,Two Tone Mixed Metal Evil Eye Ring,BAS-EE-R08-14KRW-US3_5,Karat: 14K,Metal Color: Rose/White Gold,Ring Size: US 3.5,810.00
R08,Two Tone Mixed Metal Evil Eye Ring,BAS-EE-R08-14KRW-US4,Karat: 14K,Metal Color: Rose/White Gold,Ring Size: US 4,830.00
R08,Two Tone Mixed Metal Evil Eye Ring,BAS-EE-R08-14KRW-US4_5,Karat: 14K,Metal Color: Rose/White Gold,Ring Size: US 4.5,850.00
R08,Two Tone Mixed Metal Evil Eye Ring,BAS-EE-R08-14KRW-US5,Karat: 14K,Metal Color: Rose/White Gold,Ring Size: US 5,860.00
R08,Two Tone Mixed Metal Evil Eye Ring,BAS-EE-R08-14KRW-US5_5,Karat: 14K,Metal Color: Rose/White Gold,Ring Size: US 5.5,880.00
R08,Two Tone Mixed Metal Evil Eye Ring,BAS-EE-R08-14KRW-US6,Karat: 14K,Metal Color: Rose/White Gold,Ring Size: US 6,890.00
R08,Two Tone Mixed Metal Evil Eye Ring,BAS-EE-R08-14KRW-US6_5,Karat: 14K,Metal Color: Rose/White Gold,Ring Size: US 6.5,910.00
R08,Two Tone Mixed Metal Evil Eye Ring,BAS-EE-R08-14KRW-US7,Karat: 14K,Metal Color: Rose/White Gold,Ring Size: US 7,920.00
R08,Two Tone Mixed Metal Evil Eye Ring,BAS-EE-R08-14KRW-US7_5,Karat: 14K,Metal Color: Rose/White Gold,Ring Size: US 7.5,940.00
R08,Two Tone Mixed Metal Evil Eye Ring,BAS-EE-R08-14KRW-US8,Karat: 14K,Metal Color: Rose/White Gold,Ring Size: US 8,950.00
R08,Two Tone Mixed Metal Evil Eye Ring,BAS-EE-R08-14KRW-US8_5,Karat: 14K,Metal Color: Rose/White Gold,Ring Size: US 8.5,970.00
R08,Two Tone Mixed Metal Evil Eye Ring,BAS-EE-R08-14KRW-US9,Karat: 14K,Metal Color: Rose/White Gold,Ring Size: US 9,980.00
R08,Two Tone Mixed Metal Evil Eye Ring,BAS-EE-R08-14KRW-US9_5,Karat: 14K,Metal Color: Rose/White Gold,Ring Size: US 9.5,1000.00
R08,Two Tone Mixed Metal Evil Eye Ring,BAS-EE-R08-14KRW-US10,Karat: 14K,Metal Color: Rose/White Gold,Ring Size: US 10,1020.00
R08,Two Tone Mixed Metal Evil Eye Ring,BAS-EE-R08-14KRW-US10_5,Karat: 14K,Metal Color: Rose/White Gold,Ring Size: US 10.5,1030.00
R08,Two Tone Mixed Metal Evil Eye Ring,BAS-EE-R08-14KRW-US11,Karat: 14K,Metal Color: Rose/White Gold,Ring Size: US 11,1050.00
R08,Two Tone Mixed Metal Evil Eye Ring,BAS-EE-R08-14KRW-US11_5,Karat: 14K,Metal Color: Rose/White Gold,Ring Size: US 11.5,1060.00
R08,Two Tone Mixed Metal Evil Eye Ring,BAS-EE-R08-14KRW-US12,Karat: 14K,Metal Color: Rose/White Gold,Ring Size: US 12,1080.00
R08,Two Tone Mixed Metal Evil Eye Ring,BAS-EE-R08-14KRW-US12_5,Karat: 14K,Metal Color: Rose/White Gold,Ring Size: US 12.5,1090.00
R08,Two Tone Mixed Metal Evil Eye Ring,BAS-EE-R08-14KRW-US13,Karat: 14K,Metal Color: Rose/White Gold,Ring Size: US 13,1110.00
R08,Two Tone Mixed Metal Evil Eye Ring,BAS-EE-R08-14KRW-US13_5,Karat: 14K,Metal Color: Rose/White Gold,Ring Size: US 13.5,1120.00
R08,Two Tone Mixed Metal Evil Eye Ring,BAS-EE-R08-14KRW-US14,Karat: 14K,Metal Color: Rose/White Gold,Ring Size: US 14,1140.00
R08,Two Tone Mixed Metal Evil Eye Ring,BAS-EE-R08-14KRW-US14_5,Karat: 14K,Metal Color: Rose/White Gold,Ring Size: US 14.5,1150.00
R08,Two Tone Mixed Metal Evil Eye Ring,BAS-EE-R08-14KRW-US15,Karat: 14K,Metal Color: Rose/White Gold,Ring Size: US 15,1170.00
R08,Two Tone Mixed Metal Evil Eye Ring,BAS-EE-R08-14KRW-US15_5,Karat: 14K,Metal Color: Rose/White Gold,Ring Size: US 15.5,1190.00
R08,Two Tone Mixed Metal Evil Eye Ring,BAS-EE-R08-14KRW-US16,Karat: 14K,Metal Color: Rose/White Gold,Ring Size: US 16,1200.00
R08,Two Tone Mixed Metal Evil Eye Ring,BAS-EE-R08-18KYW-US3,Karat: 18K,Metal Color: Yellow/White Gold,Ring Size: US 3,1030.00
R08,Two Tone Mixed Metal Evil Eye Ring,BAS-EE-R08-18KYW-US3_5,Karat: 18K,Metal Color: Yellow/White Gold,Ring Size: US 3.5,1050.00
R08,Two Tone Mixed Metal Evil Eye Ring,BAS-EE-R08-18KYW-US4,Karat: 18K,Metal Color: Yellow/White Gold,Ring Size: US 4,1070.00
R08,Two Tone Mixed Metal Evil Eye Ring,BAS-EE-R08-18KYW-US4_5,Karat: 18K,Metal Color: Yellow/White Gold,Ring Size: US 4.5,1090.00
R08,Two Tone Mixed Metal Evil Eye Ring,BAS-EE-R08-18KYW-US5,Karat: 18K,Metal Color: Yellow/White Gold,Ring Size: US 5,1120.00
R08,Two Tone Mixed Metal Evil Eye Ring,BAS-EE-R08-18KYW-US5_5,Karat: 18K,Metal Color: Yellow/White Gold,Ring Size: US 5.5,1140.00
R08,Two Tone Mixed Metal Evil Eye Ring,BAS-EE-R08-18KYW-US6,Karat: 18K,Metal Color: Yellow/White Gold,Ring Size: US 6,1160.00
R08,Two Tone Mixed Metal Evil Eye Ring,BAS-EE-R08-18KYW-US6_5,Karat: 18K,Metal Color: Yellow/White Gold,Ring Size: US 6.5,1180.00
R08,Two Tone Mixed Metal Evil Eye Ring,BAS-EE-R08-18KYW-US7,Karat: 18K,Metal Color: Yellow/White Gold,Ring Size: US 7,1200.00
R08,Two Tone Mixed Metal Evil Eye Ring,BAS-EE-R08-18KYW-US7_5,Karat: 18K,Metal Color: Yellow/White Gold,Ring Size: US 7.5,1220.00
R08,Two Tone Mixed Metal Evil Eye Ring,BAS-EE-R08-18KYW-US8,Karat: 18K,Metal Color: Yellow/White Gold,Ring Size: US 8,1250.00
R08,Two Tone Mixed Metal Evil Eye Ring,BAS-EE-R08-18KYW-US8_5,Karat: 18K,Metal Color: Yellow/White Gold,Ring Size: US 8.5,1270.00
R08,Two Tone Mixed Metal Evil Eye Ring,BAS-EE-R08-18KYW-US9,Karat: 18K,Metal Color: Yellow/White Gold,Ring Size: US 9,1290.00
R08,Two Tone Mixed Metal Evil Eye Ring,BAS-EE-R08-18KYW-US9_5,Karat: 18K,Metal Color: Yellow/White Gold,Ring Size: US 9.5,1310.00
R08,Two Tone Mixed Metal Evil Eye Ring,BAS-EE-R08-18KYW-US10,Karat: 18K,Metal Color: Yellow/White Gold,Ring Size: US 10,1330.00
R08,Two Tone Mixed Metal Evil Eye Ring,BAS-EE-R08-18KYW-US10_5,Karat: 18K,Metal Color: Yellow/White Gold,Ring Size: US 10.5,1350.00
R08,Two Tone Mixed Metal Evil Eye Ring,BAS-EE-R08-18KYW-US11,Karat: 18K,Metal Color: Yellow/White Gold,Ring Size: US 11,1370.00
R08,Two Tone Mixed Metal Evil Eye Ring,BAS-EE-R08-18KYW-US11_5,Karat: 18K,Metal Color: Yellow/White Gold,Ring Size: US 11.5,1400.00
R08,Two Tone Mixed Metal Evil Eye Ring,BAS-EE-R08-18KYW-US12,Karat: 18K,Metal Color: Yellow/White Gold,Ring Size: US 12,1420.00
R08,Two Tone Mixed Metal Evil Eye Ring,BAS-EE-R08-18KYW-US12_5,Karat: 18K,Metal Color: Yellow/White Gold,Ring Size: US 12.5,1440.00
R08,Two Tone Mixed Metal Evil Eye Ring,BAS-EE-R08-18KYW-US13,Karat: 18K,Metal Color: Yellow/White Gold,Ring Size: US 13,1460.00
R08,Two Tone Mixed Metal Evil Eye Ring,BAS-EE-R08-18KYW-US13_5,Karat: 18K,Metal Color: Yellow/White Gold,Ring Size: US 13.5,1480.00
R08,Two Tone Mixed Metal Evil Eye Ring,BAS-EE-R08-18KYW-US14,Karat: 18K,Metal Color: Yellow/White Gold,Ring Size: US 14,1500.00
R08,Two Tone Mixed Metal Evil Eye Ring,BAS-EE-R08-18KYW-US14_5,Karat: 18K,Metal Color: Yellow/White Gold,Ring Size: US 14.5,1520.00
R08,Two Tone Mixed Metal Evil Eye Ring,BAS-EE-R08-18KYW-US15,Karat: 18K,Metal Color: Yellow/White Gold,Ring Size: US 15,1550.00
R08,Two Tone Mixed Metal Evil Eye Ring,BAS-EE-R08-18KYW-US15_5,Karat: 18K,Metal Color: Yellow/White Gold,Ring Size: US 15.5,1570.00
R08,Two Tone Mixed Metal Evil Eye Ring,BAS-EE-R08-18KYW-US16,Karat: 18K,Metal Color: Yellow/White Gold,Ring Size: US 16,1590.00
R08,Two Tone Mixed Metal Evil Eye Ring,BAS-EE-R08-18KWY-US3,Karat: 18K,Metal Color: White/Yellow Gold,Ring Size: US 3,1030.00
R08,Two Tone Mixed Metal Evil Eye Ring,BAS-EE-R08-18KWY-US3_5,Karat: 18K,Metal Color: White/Yellow Gold,Ring Size: US 3.5,1050.00
R08,Two Tone Mixed Metal Evil Eye Ring,BAS-EE-R08-18KWY-US4,Karat: 18K,Metal Color: White/Yellow Gold,Ring Size: US 4,1070.00
R08,Two Tone Mixed Metal Evil Eye Ring,BAS-EE-R08-18KWY-US4_5,Karat: 18K,Metal Color: White/Yellow Gold,Ring Size: US 4.5,1090.00
R08,Two Tone Mixed Metal Evil Eye Ring,BAS-EE-R08-18KWY-US5,Karat: 18K,Metal Color: White/Yellow Gold,Ring Size: US 5,1120.00
R08,Two Tone Mixed Metal Evil Eye Ring,BAS-EE-R08-18KWY-US5_5,Karat: 18K,Metal Color: White/Yellow Gold,Ring Size: US 5.5,1140.00
R08,Two Tone Mixed Metal Evil Eye Ring,BAS-EE-R08-18KWY-US6,Karat: 18K,Metal Color: White/Yellow Gold,Ring Size: US 6,1160.00
R08,Two Tone Mixed Metal Evil Eye Ring,BAS-EE-R08-18KWY-US6_5,Karat: 18K,Metal Color: White/Yellow Gold,Ring Size: US 6.5,1180.00
R08,Two Tone Mixed Metal Evil Eye Ring,BAS-EE-R08-18KWY-US7,Karat: 18K,Metal Color: White/Yellow Gold,Ring Size: US 7,1200.00
R08,Two Tone Mixed Metal Evil Eye Ring,BAS-EE-R08-18KWY-US7_5,Karat: 18K,Metal Color: White/Yellow Gold,Ring Size: US 7.5,1220.00
R08,Two Tone Mixed Metal Evil Eye Ring,BAS-EE-R08-18KWY-US8,Karat: 18K,Metal Color: White/Yellow Gold,Ring Size: US 8,1250.00
R08,Two Tone Mixed Metal Evil Eye Ring,BAS-EE-R08-18KWY-US8_5,Karat: 18K,Metal Color: White/Yellow Gold,Ring Size: US 8.5,1270.00
R08,Two Tone Mixed Metal Evil Eye Ring,BAS-EE-R08-18KWY-US9,Karat: 18K,Metal Color: White/Yellow Gold,Ring Size: US 9,1290.00
R08,Two Tone Mixed Metal Evil Eye Ring,BAS-EE-R08-18KWY-US9_5,Karat: 18K,Metal Color: White/Yellow Gold,Ring Size: US 9.5,1310.00
R08,Two Tone Mixed Metal Evil Eye Ring,BAS-EE-R08-18KWY-US10,Karat: 18K,Metal Color: White/Yellow Gold,Ring Size: US 10,1330.00
R08,Two Tone Mixed Metal Evil Eye Ring,BAS-EE-R08-18KWY-US10_5,Karat: 18K,Metal Color: White/Yellow Gold,Ring Size: US 10.5,1350.00
R08,Two Tone Mixed Metal Evil Eye Ring,BAS-EE-R08-18KWY-US11,Karat: 18K,Metal Color: White/Yellow Gold,Ring Size: US 11,1370.00
R08,Two Tone Mixed Metal Evil Eye Ring,BAS-EE-R08-18KWY-US11_5,Karat: 18K,Metal Color: White/Yellow Gold,Ring Size: US 11.5,1400.00
R08,Two Tone Mixed Metal Evil Eye Ring,BAS-EE-R08-18KWY-US12,Karat: 18K,Metal Color: White/Yellow Gold,Ring Size: US 12,1420.00
R08,Two Tone Mixed Metal Evil Eye Ring,BAS-EE-R08-18KWY-US12_5,Karat: 18K,Metal Color: White/Yellow Gold,Ring Size: US 12.5,1440.00
R08,Two Tone Mixed Metal Evil Eye Ring,BAS-EE-R08-18KWY-US13,Karat: 18K,Metal Color: White/Yellow Gold,Ring Size: US 13,1460.00
R08,Two Tone Mixed Metal Evil Eye Ring,BAS-EE-R08-18KWY-US13_5,Karat: 18K,Metal Color: White/Yellow Gold,Ring Size: US 13.5,1480.00
R08,Two Tone Mixed Metal Evil Eye Ring,BAS-EE-R08-18KWY-US14,Karat: 18K,Metal Color: White/Yellow Gold,Ring Size: US 14,1500.00
R08,Two Tone Mixed Metal Evil Eye Ring,BAS-EE-R08-18KWY-US14_5,Karat: 18K,Metal Color: White/Yellow Gold,Ring Size: US 14.5,1520.00
R08,Two Tone Mixed Metal Evil Eye Ring,BAS-EE-R08-18KWY-US15,Karat: 18K,Metal Color: White/Yellow Gold,Ring Size: US 15,1550.00
R08,Two Tone Mixed Metal Evil Eye Ring,BAS-EE-R08-18KWY-US15_5,Karat: 18K,Metal Color: White/Yellow Gold,Ring Size: US 15.5,1570.00
R08,Two Tone Mixed Metal Evil Eye Ring,BAS-EE-R08-18KWY-US16,Karat: 18K,Metal Color: White/Yellow Gold,Ring Size: US 16,1590.00
R08,Two Tone Mixed Metal Evil Eye Ring,BAS-EE-R08-18KRW-US3,Karat: 18K,Metal Color: Rose/White Gold,Ring Size: US 3,1030.00
R08,Two Tone Mixed Metal Evil Eye Ring,BAS-EE-R08-18KRW-US3_5,Karat: 18K,Metal Color: Rose/White Gold,Ring Size: US 3.5,1050.00
R08,Two Tone Mixed Metal Evil Eye Ring,BAS-EE-R08-18KRW-US4,Karat: 18K,Metal Color: Rose/White Gold,Ring Size: US 4,1070.00
R08,Two Tone Mixed Metal Evil Eye Ring,BAS-EE-R08-18KRW-US4_5,Karat: 18K,Metal Color: Rose/White Gold,Ring Size: US 4.5,1090.00
R08,Two Tone Mixed Metal Evil Eye Ring,BAS-EE-R08-18KRW-US5,Karat: 18K,Metal Color: Rose/White Gold,Ring Size: US 5,1120.00
R08,Two Tone Mixed Metal Evil Eye Ring,BAS-EE-R08-18KRW-US5_5,Karat: 18K,Metal Color: Rose/White Gold,Ring Size: US 5.5,1140.00
R08,Two Tone Mixed Metal Evil Eye Ring,BAS-EE-R08-18KRW-US6,Karat: 18K,Metal Color: Rose/White Gold,Ring Size: US 6,1160.00
R08,Two Tone Mixed Metal Evil Eye Ring,BAS-EE-R08-18KRW-US6_5,Karat: 18K,Metal Color: Rose/White Gold,Ring Size: US 6.5,1180.00
R08,Two Tone Mixed Metal Evil Eye Ring,BAS-EE-R08-18KRW-US7,Karat: 18K,Metal Color: Rose/White Gold,Ring Size: US 7,1200.00
R08,Two Tone Mixed Metal Evil Eye Ring,BAS-EE-R08-18KRW-US7_5,Karat: 18K,Metal Color: Rose/White Gold,Ring Size: US 7.5,1220.00
R08,Two Tone Mixed Metal Evil Eye Ring,BAS-EE-R08-18KRW-US8,Karat: 18K,Metal Color: Rose/White Gold,Ring Size: US 8,1250.00
R08,Two Tone Mixed Metal Evil Eye Ring,BAS-EE-R08-18KRW-US8_5,Karat: 18K,Metal Color: Rose/White Gold,Ring Size: US 8.5,1270.00
R08,Two Tone Mixed Metal Evil Eye Ring,BAS-EE-R08-18KRW-US9,Karat: 18K,Metal Color: Rose/White Gold,Ring Size: US 9,1290.00
R08,Two Tone Mixed Metal Evil Eye Ring,BAS-EE-R08-18KRW-US9_5,Karat: 18K,Metal Color: Rose/White Gold,Ring Size: US 9.5,1310.00
R08,Two Tone Mixed Metal Evil Eye Ring,BAS-EE-R08-18KRW-US10,Karat: 18K,Metal Color: Rose/White Gold,Ring Size: US 10,1330.00
R08,Two Tone Mixed Metal Evil Eye Ring,BAS-EE-R08-18KRW-US10_5,Karat: 18K,Metal Color: Rose/White Gold,Ring Size: US 10.5,1350.00
R08,Two Tone Mixed Metal Evil Eye Ring,BAS-EE-R08-18KRW-US11,Karat: 18K,Metal Color: Rose/White Gold,Ring Size: US 11,1370.00
R08,Two Tone Mixed Metal Evil Eye Ring,BAS-EE-R08-18KRW-US11_5,Karat: 18K,Metal Color: Rose/White Gold,Ring Size: US 11.5,1400.00
R08,Two Tone Mixed Metal Evil Eye Ring,BAS-EE-R08-18KRW-US12,Karat: 18K,Metal Color: Rose/White Gold,Ring Size: US 12,1420.00
R08,Two Tone Mixed Metal Evil Eye Ring,BAS-EE-R08-18KRW-US12_5,Karat: 18K,Metal Color: Rose/White Gold,Ring Size: US 12.5,1440.00
R08,Two Tone Mixed Metal Evil Eye Ring,BAS-EE-R08-18KRW-US13,Karat: 18K,Metal Color: Rose/White Gold,Ring Size: US 13,1460.00
R08,Two Tone Mixed Metal Evil Eye Ring,BAS-EE-R08-18KRW-US13_5,Karat: 18K,Metal Color: Rose/White Gold,Ring Size: US 13.5,1480.00
R08,Two Tone Mixed Metal Evil Eye Ring,BAS-EE-R08-18KRW-US14,Karat: 18K,Metal Color: Rose/White Gold,Ring Size: US 14,1500.00
R08,Two Tone Mixed Metal Evil Eye Ring,BAS-EE-R08-18KRW-US14_5,Karat: 18K,Metal Color: Rose/White Gold,Ring Size: US 14.5,1520.00
R08,Two Tone Mixed Metal Evil Eye Ring,BAS-EE-R08-18KRW-US15,Karat: 18K,Metal Color: Rose/White Gold,Ring Size: US 15,1550.00
R08,Two Tone Mixed Metal Evil Eye Ring,BAS-EE-R08-18KRW-US15_5,Karat: 18K,Metal Color: Rose/White Gold,Ring Size: US 15.5,1570.00
R08,Two Tone Mixed Metal Evil Eye Ring,BAS-EE-R08-18KRW-US16,Karat: 18K,Metal Color: Rose/White Gold,Ring Size: US 16,1590.00
N08,Two Tone Evil Eye Station Necklace,BAS-EE-N08-10KYW-16IN,Karat: 10K,Metal Color: Yellow/White Gold,Chain Length: 16 inches,500.00
N08,Two Tone Evil Eye Station Necklace,BAS-EE-N08-10KYW-18IN,Karat: 10K,Metal Color: Yellow/White Gold,Chain Length: 18 inches,520.00
N08,Two Tone Evil Eye Station Necklace,BAS-EE-N08-10KYW-20IN,Karat: 10K,Metal Color: Yellow/White Gold,Chain Length: 20 inches,540.00
N08,Two Tone Evil Eye Station Necklace,BAS-EE-N08-10KWY-16IN,Karat: 10K,Metal Color: White/Yellow Gold,Chain Length: 16 inches,500.00
N08,Two Tone Evil Eye Station Necklace,BAS-EE-N08-10KWY-18IN,Karat: 10K,Metal Color: White/Yellow Gold,Chain Length: 18 inches,520.00
N08,Two Tone Evil Eye Station Necklace,BAS-EE-N08-10KWY-20IN,Karat: 10K,Metal Color: White/Yellow Gold,Chain Length: 20 inches,540.00
N08,Two Tone Evil Eye Station Necklace,BAS-EE-N08-10KRW-16IN,Karat: 10K,Metal Color: Rose/White Gold,Chain Length: 16 inches,500.00
N08,Two Tone Evil Eye Station Necklace,BAS-EE-N08-10KRW-18IN,Karat: 10K,Metal Color: Rose/White Gold,Chain Length: 18 inches,520.00
N08,Two Tone Evil Eye Station Necklace,BAS-EE-N08-10KRW-20IN,Karat: 10K,Metal Color: Rose/White Gold,Chain Length: 20 inches,540.00
N08,Two Tone Evil Eye Station Necklace,BAS-EE-N08-14KYW-16IN,Karat: 14K,Metal Color: Yellow/White Gold,Chain Length: 16 inches,640.00
N08,Two Tone Evil Eye Station Necklace,BAS-EE-N08-14KYW-18IN,Karat: 14K,Metal Color: Yellow/White Gold,Chain Length: 18 inches,660.00
N08,Two Tone Evil Eye Station Necklace,BAS-EE-N08-14KYW-20IN,Karat: 14K,Metal Color: Yellow/White Gold,Chain Length: 20 inches,690.00
N08,Two Tone Evil Eye Station Necklace,BAS-EE-N08-14KWY-16IN,Karat: 14K,Metal Color: White/Yellow Gold,Chain Length: 16 inches,640.00
N08,Two Tone Evil Eye Station Necklace,BAS-EE-N08-14KWY-18IN,Karat: 14K,Metal Color: White/Yellow Gold,Chain Length: 18 inches,660.00
N08,Two Tone Evil Eye Station Necklace,BAS-EE-N08-14KWY-20IN,Karat: 14K,Metal Color: White/Yellow Gold,Chain Length: 20 inches,690.00
N08,Two Tone Evil Eye Station Necklace,BAS-EE-N08-14KRW-16IN,Karat: 14K,Metal Color: Rose/White Gold,Chain Length: 16 inches,640.00
N08,Two Tone Evil Eye Station Necklace,BAS-EE-N08-14KRW-18IN,Karat: 14K,Metal Color: Rose/White Gold,Chain Length: 18 inches,660.00
N08,Two Tone Evil Eye Station Necklace,BAS-EE-N08-14KRW-20IN,Karat: 14K,Metal Color: Rose/White Gold,Chain Length: 20 inches,690.00
N08,Two Tone Evil Eye Station Necklace,BAS-EE-N08-18KYW-16IN,Karat: 18K,Metal Color: Yellow/White Gold,Chain Length: 16 inches,800.00
N08,Two Tone Evil Eye Station Necklace,BAS-EE-N08-18KYW-18IN,Karat: 18K,Metal Color: Yellow/White Gold,Chain Length: 18 inches,840.00
N08,Two Tone Evil Eye Station Necklace,BAS-EE-N08-18KYW-20IN,Karat: 18K,Metal Color: Yellow/White Gold,Chain Length: 20 inches,880.00
N08,Two Tone Evil Eye Station Necklace,BAS-EE-N08-18KWY-16IN,Karat: 18K,Metal Color: White/Yellow Gold,Chain Length: 16 inches,800.00
N08,Two Tone Evil Eye Station Necklace,BAS-EE-N08-18KWY-18IN,Karat: 18K,Metal Color: White/Yellow Gold,Chain Length: 18 inches,840.00
N08,Two Tone Evil Eye Station Necklace,BAS-EE-N08-18KWY-20IN,Karat: 18K,Metal Color: White/Yellow Gold,Chain Length: 20 inches,880.00
N08,Two Tone Evil Eye Station Necklace,BAS-EE-N08-18KRW-16IN,Karat: 18K,Metal Color: Rose/White Gold,Chain Length: 16 inches,800.00
N08,Two Tone Evil Eye Station Necklace,BAS-EE-N08-18KRW-18IN,Karat: 18K,Metal Color: Rose/White Gold,Chain Length: 18 inches,840.00
N08,Two Tone Evil Eye Station Necklace,BAS-EE-N08-18KRW-20IN,Karat: 18K,Metal Color: Rose/White Gold,Chain Length: 20 inches,880.00
B08,Two Tone Evil Eye Cuff Bracelet,BAS-EE-B08-10KYW-6_5IN,Karat: 10K,Metal Color: Yellow/White Gold,Bracelet Length: 6.5 inches,770.00
B08,Two Tone Evil Eye Cuff Bracelet,BAS-EE-B08-10KYW-7IN,Karat: 10K,Metal Color: Yellow/White Gold,Bracelet Length: 7 inches,800.00
B08,Two Tone Evil Eye Cuff Bracelet,BAS-EE-B08-10KYW-7_5IN,Karat: 10K,Metal Color: Yellow/White Gold,Bracelet Length: 7.5 inches,840.00
B08,Two Tone Evil Eye Cuff Bracelet,BAS-EE-B08-10KWY-6_5IN,Karat: 10K,Metal Color: White/Yellow Gold,Bracelet Length: 6.5 inches,770.00
B08,Two Tone Evil Eye Cuff Bracelet,BAS-EE-B08-10KWY-7IN,Karat: 10K,Metal Color: White/Yellow Gold,Bracelet Length: 7 inches,800.00
B08,Two Tone Evil Eye Cuff Bracelet,BAS-EE-B08-10KWY-7_5IN,Karat: 10K,Metal Color: White/Yellow Gold,Bracelet Length: 7.5 inches,840.00
B08,Two Tone Evil Eye Cuff Bracelet,BAS-EE-B08-10KRW-6_5IN,Karat: 10K,Metal Color: Rose/White Gold,Bracelet Length: 6.5 inches,770.00
B08,Two Tone Evil Eye Cuff Bracelet,BAS-EE-B08-10KRW-7IN,Karat: 10K,Metal Color: Rose/White Gold,Bracelet Length: 7 inches,800.00
B08,Two Tone Evil Eye Cuff Bracelet,BAS-EE-B08-10KRW-7_5IN,Karat: 10K,Metal Color: Rose/White Gold,Bracelet Length: 7.5 inches,840.00
B08,Two Tone Evil Eye Cuff Bracelet,BAS-EE-B08-14KYW-6_5IN,Karat: 14K,Metal Color: Yellow/White Gold,Bracelet Length: 6.5 inches,970.00
B08,Two Tone Evil Eye Cuff Bracelet,BAS-EE-B08-14KYW-7IN,Karat: 14K,Metal Color: Yellow/White Gold,Bracelet Length: 7 inches,1020.00
B08,Two Tone Evil Eye Cuff Bracelet,BAS-EE-B08-14KYW-7_5IN,Karat: 14K,Metal Color: Yellow/White Gold,Bracelet Length: 7.5 inches,1080.00
B08,Two Tone Evil Eye Cuff Bracelet,BAS-EE-B08-14KWY-6_5IN,Karat: 14K,Metal Color: White/Yellow Gold,Bracelet Length: 6.5 inches,970.00
B08,Two Tone Evil Eye Cuff Bracelet,BAS-EE-B08-14KWY-7IN,Karat: 14K,Metal Color: White/Yellow Gold,Bracelet Length: 7 inches,1020.00
B08,Two Tone Evil Eye Cuff Bracelet,BAS-EE-B08-14KWY-7_5IN,Karat: 14K,Metal Color: White/Yellow Gold,Bracelet Length: 7.5 inches,1080.00
B08,Two Tone Evil Eye Cuff Bracelet,BAS-EE-B08-14KRW-6_5IN,Karat: 14K,Metal Color: Rose/White Gold,Bracelet Length: 6.5 inches,970.00
B08,Two Tone Evil Eye Cuff Bracelet,BAS-EE-B08-14KRW-7IN,Karat: 14K,Metal Color: Rose/White Gold,Bracelet Length: 7 inches,1020.00
B08,Two Tone Evil Eye Cuff Bracelet,BAS-EE-B08-14KRW-7_5IN,Karat: 14K,Metal Color: Rose/White Gold,Bracelet Length: 7.5 inches,1080.00
B08,Two Tone Evil Eye Cuff Bracelet,BAS-EE-B08-18KYW-6_5IN,Karat: 18K,Metal Color: Yellow/White Gold,Bracelet Length: 6.5 inches,1230.00
B08,Two Tone Evil Eye Cuff Bracelet,BAS-EE-B08-18KYW-7IN,Karat: 18K,Metal Color: Yellow/White Gold,Bracelet Length: 7 inches,1310.00
B08,Two Tone Evil Eye Cuff Bracelet,BAS-EE-B08-18KYW-7_5IN,Karat: 18K,Metal Color: Yellow/White Gold,Bracelet Length: 7.5 inches,1380.00
B08,Two Tone Evil Eye Cuff Bracelet,BAS-EE-B08-18KWY-6_5IN,Karat: 18K,Metal Color: White/Yellow Gold,Bracelet Length: 6.5 inches,1230.00
B08,Two Tone Evil Eye Cuff Bracelet,BAS-EE-B08-18KWY-7IN,Karat: 18K,Metal Color: White/Yellow Gold,Bracelet Length: 7 inches,1310.00
B08,Two Tone Evil Eye Cuff Bracelet,BAS-EE-B08-18KWY-7_5IN,Karat: 18K,Metal Color: White/Yellow Gold,Bracelet Length: 7.5 inches,1380.00
B08,Two Tone Evil Eye Cuff Bracelet,BAS-EE-B08-18KRW-6_5IN,Karat: 18K,Metal Color: Rose/White Gold,Bracelet Length: 6.5 inches,1230.00
B08,Two Tone Evil Eye Cuff Bracelet,BAS-EE-B08-18KRW-7IN,Karat: 18K,Metal Color: Rose/White Gold,Bracelet Length: 7 inches,1310.00
B08,Two Tone Evil Eye Cuff Bracelet,BAS-EE-B08-18KRW-7_5IN,Karat: 18K,Metal Color: Rose/White Gold,Bracelet Length: 7.5 inches,1380.00
R09,Red Evil Eye Heart Ring,BAS-EE-R09-10KY-US3,Karat: 10K,Metal Color: Yellow Gold,Ring Size: US 3,420.00
R09,Red Evil Eye Heart Ring,BAS-EE-R09-10KY-US3_5,Karat: 10K,Metal Color: Yellow Gold,Ring Size: US 3.5,430.00
R09,Red Evil Eye Heart Ring,BAS-EE-R09-10KY-US4,Karat: 10K,Metal Color: Yellow Gold,Ring Size: US 4,440.00
R09,Red Evil Eye Heart Ring,BAS-EE-R09-10KY-US4_5,Karat: 10K,Metal Color: Yellow Gold,Ring Size: US 4.5,450.00
R09,Red Evil Eye Heart Ring,BAS-EE-R09-10KY-US5,Karat: 10K,Metal Color: Yellow Gold,Ring Size: US 5,460.00
R09,Red Evil Eye Heart Ring,BAS-EE-R09-10KY-US5_5,Karat: 10K,Metal Color: Yellow Gold,Ring Size: US 5.5,470.00
R09,Red Evil Eye Heart Ring,BAS-EE-R09-10KY-US6,Karat: 10K,Metal Color: Yellow Gold,Ring Size: US 6,480.00
R09,Red Evil Eye Heart Ring,BAS-EE-R09-10KY-US6_5,Karat: 10K,Metal Color: Yellow Gold,Ring Size: US 6.5,490.00
R09,Red Evil Eye Heart Ring,BAS-EE-R09-10KY-US7,Karat: 10K,Metal Color: Yellow Gold,Ring Size: US 7,500.00
R09,Red Evil Eye Heart Ring,BAS-EE-R09-10KY-US7_5,Karat: 10K,Metal Color: Yellow Gold,Ring Size: US 7.5,510.00
R09,Red Evil Eye Heart Ring,BAS-EE-R09-10KY-US8,Karat: 10K,Metal Color: Yellow Gold,Ring Size: US 8,520.00
R09,Red Evil Eye Heart Ring,BAS-EE-R09-10KY-US8_5,Karat: 10K,Metal Color: Yellow Gold,Ring Size: US 8.5,530.00
R09,Red Evil Eye Heart Ring,BAS-EE-R09-10KY-US9,Karat: 10K,Metal Color: Yellow Gold,Ring Size: US 9,540.00
R09,Red Evil Eye Heart Ring,BAS-EE-R09-10KY-US9_5,Karat: 10K,Metal Color: Yellow Gold,Ring Size: US 9.5,550.00
R09,Red Evil Eye Heart Ring,BAS-EE-R09-10KY-US10,Karat: 10K,Metal Color: Yellow Gold,Ring Size: US 10,560.00
R09,Red Evil Eye Heart Ring,BAS-EE-R09-10KY-US10_5,Karat: 10K,Metal Color: Yellow Gold,Ring Size: US 10.5,580.00
R09,Red Evil Eye Heart Ring,BAS-EE-R09-10KY-US11,Karat: 10K,Metal Color: Yellow Gold,Ring Size: US 11,590.00
R09,Red Evil Eye Heart Ring,BAS-EE-R09-10KY-US11_5,Karat: 10K,Metal Color: Yellow Gold,Ring Size: US 11.5,600.00
R09,Red Evil Eye Heart Ring,BAS-EE-R09-10KY-US12,Karat: 10K,Metal Color: Yellow Gold,Ring Size: US 12,610.00
R09,Red Evil Eye Heart Ring,BAS-EE-R09-10KY-US12_5,Karat: 10K,Metal Color: Yellow Gold,Ring Size: US 12.5,620.00
R09,Red Evil Eye Heart Ring,BAS-EE-R09-10KY-US13,Karat: 10K,Metal Color: Yellow Gold,Ring Size: US 13,630.00
R09,Red Evil Eye Heart Ring,BAS-EE-R09-10KY-US13_5,Karat: 10K,Metal Color: Yellow Gold,Ring Size: US 13.5,640.00
R09,Red Evil Eye Heart Ring,BAS-EE-R09-10KY-US14,Karat: 10K,Metal Color: Yellow Gold,Ring Size: US 14,650.00
R09,Red Evil Eye Heart Ring,BAS-EE-R09-10KY-US14_5,Karat: 10K,Metal Color: Yellow Gold,Ring Size: US 14.5,660.00
R09,Red Evil Eye Heart Ring,BAS-EE-R09-10KY-US15,Karat: 10K,Metal Color: Yellow Gold,Ring Size: US 15,670.00
R09,Red Evil Eye Heart Ring,BAS-EE-R09-10KY-US15_5,Karat: 10K,Metal Color: Yellow Gold,Ring Size: US 15.5,680.00
R09,Red Evil Eye Heart Ring,BAS-EE-R09-10KY-US16,Karat: 10K,Metal Color: Yellow Gold,Ring Size: US 16,690.00
R09,Red Evil Eye Heart Ring,BAS-EE-R09-10KW-US3,Karat: 10K,Metal Color: White Gold,Ring Size: US 3,420.00
R09,Red Evil Eye Heart Ring,BAS-EE-R09-10KW-US3_5,Karat: 10K,Metal Color: White Gold,Ring Size: US 3.5,430.00
R09,Red Evil Eye Heart Ring,BAS-EE-R09-10KW-US4,Karat: 10K,Metal Color: White Gold,Ring Size: US 4,440.00
R09,Red Evil Eye Heart Ring,BAS-EE-R09-10KW-US4_5,Karat: 10K,Metal Color: White Gold,Ring Size: US 4.5,450.00
R09,Red Evil Eye Heart Ring,BAS-EE-R09-10KW-US5,Karat: 10K,Metal Color: White Gold,Ring Size: US 5,460.00
R09,Red Evil Eye Heart Ring,BAS-EE-R09-10KW-US5_5,Karat: 10K,Metal Color: White Gold,Ring Size: US 5.5,470.00
R09,Red Evil Eye Heart Ring,BAS-EE-R09-10KW-US6,Karat: 10K,Metal Color: White Gold,Ring Size: US 6,480.00
R09,Red Evil Eye Heart Ring,BAS-EE-R09-10KW-US6_5,Karat: 10K,Metal Color: White Gold,Ring Size: US 6.5,490.00
R09,Red Evil Eye Heart Ring,BAS-EE-R09-10KW-US7,Karat: 10K,Metal Color: White Gold,Ring Size: US 7,500.00
R09,Red Evil Eye Heart Ring,BAS-EE-R09-10KW-US7_5,Karat: 10K,Metal Color: White Gold,Ring Size: US 7.5,510.00
R09,Red Evil Eye Heart Ring,BAS-EE-R09-10KW-US8,Karat: 10K,Metal Color: White Gold,Ring Size: US 8,520.00
R09,Red Evil Eye Heart Ring,BAS-EE-R09-10KW-US8_5,Karat: 10K,Metal Color: White Gold,Ring Size: US 8.5,530.00
R09,Red Evil Eye Heart Ring,BAS-EE-R09-10KW-US9,Karat: 10K,Metal Color: White Gold,Ring Size: US 9,540.00
R09,Red Evil Eye Heart Ring,BAS-EE-R09-10KW-US9_5,Karat: 10K,Metal Color: White Gold,Ring Size: US 9.5,550.00
R09,Red Evil Eye Heart Ring,BAS-EE-R09-10KW-US10,Karat: 10K,Metal Color: White Gold,Ring Size: US 10,560.00
R09,Red Evil Eye Heart Ring,BAS-EE-R09-10KW-US10_5,Karat: 10K,Metal Color: White Gold,Ring Size: US 10.5,580.00
R09,Red Evil Eye Heart Ring,BAS-EE-R09-10KW-US11,Karat: 10K,Metal Color: White Gold,Ring Size: US 11,590.00
R09,Red Evil Eye Heart Ring,BAS-EE-R09-10KW-US11_5,Karat: 10K,Metal Color: White Gold,Ring Size: US 11.5,600.00
R09,Red Evil Eye Heart Ring,BAS-EE-R09-10KW-US12,Karat: 10K,Metal Color: White Gold,Ring Size: US 12,610.00
R09,Red Evil Eye Heart Ring,BAS-EE-R09-10KW-US12_5,Karat: 10K,Metal Color: White Gold,Ring Size: US 12.5,620.00
R09,Red Evil Eye Heart Ring,BAS-EE-R09-10KW-US13,Karat: 10K,Metal Color: White Gold,Ring Size: US 13,630.00
R09,Red Evil Eye Heart Ring,BAS-EE-R09-10KW-US13_5,Karat: 10K,Metal Color: White Gold,Ring Size: US 13.5,640.00
R09,Red Evil Eye Heart Ring,BAS-EE-R09-10KW-US14,Karat: 10K,Metal Color: White Gold,Ring Size: US 14,650.00
R09,Red Evil Eye Heart Ring,BAS-EE-R09-10KW-US14_5,Karat: 10K,Metal Color: White Gold,Ring Size: US 14.5,660.00
R09,Red Evil Eye Heart Ring,BAS-EE-R09-10KW-US15,Karat: 10K,Metal Color: White Gold,Ring Size: US 15,670.00
R09,Red Evil Eye Heart Ring,BAS-EE-R09-10KW-US15_5,Karat: 10K,Metal Color: White Gold,Ring Size: US 15.5,680.00
R09,Red Evil Eye Heart Ring,BAS-EE-R09-10KW-US16,Karat: 10K,Metal Color: White Gold,Ring Size: US 16,690.00
R09,Red Evil Eye Heart Ring,BAS-EE-R09-10KR-US3,Karat: 10K,Metal Color: Rose Gold,Ring Size: US 3,420.00
R09,Red Evil Eye Heart Ring,BAS-EE-R09-10KR-US3_5,Karat: 10K,Metal Color: Rose Gold,Ring Size: US 3.5,430.00
R09,Red Evil Eye Heart Ring,BAS-EE-R09-10KR-US4,Karat: 10K,Metal Color: Rose Gold,Ring Size: US 4,440.00
R09,Red Evil Eye Heart Ring,BAS-EE-R09-10KR-US4_5,Karat: 10K,Metal Color: Rose Gold,Ring Size: US 4.5,450.00
R09,Red Evil Eye Heart Ring,BAS-EE-R09-10KR-US5,Karat: 10K,Metal Color: Rose Gold,Ring Size: US 5,460.00
R09,Red Evil Eye Heart Ring,BAS-EE-R09-10KR-US5_5,Karat: 10K,Metal Color: Rose Gold,Ring Size: US 5.5,470.00
R09,Red Evil Eye Heart Ring,BAS-EE-R09-10KR-US6,Karat: 10K,Metal Color: Rose Gold,Ring Size: US 6,480.00
R09,Red Evil Eye Heart Ring,BAS-EE-R09-10KR-US6_5,Karat: 10K,Metal Color: Rose Gold,Ring Size: US 6.5,490.00
R09,Red Evil Eye Heart Ring,BAS-EE-R09-10KR-US7,Karat: 10K,Metal Color: Rose Gold,Ring Size: US 7,500.00
R09,Red Evil Eye Heart Ring,BAS-EE-R09-10KR-US7_5,Karat: 10K,Metal Color: Rose Gold,Ring Size: US 7.5,510.00
R09,Red Evil Eye Heart Ring,BAS-EE-R09-10KR-US8,Karat: 10K,Metal Color: Rose Gold,Ring Size: US 8,520.00
R09,Red Evil Eye Heart Ring,BAS-EE-R09-10KR-US8_5,Karat: 10K,Metal Color: Rose Gold,Ring Size: US 8.5,530.00
R09,Red Evil Eye Heart Ring,BAS-EE-R09-10KR-US9,Karat: 10K,Metal Color: Rose Gold,Ring Size: US 9,540.00
R09,Red Evil Eye Heart Ring,BAS-EE-R09-10KR-US9_5,Karat: 10K,Metal Color: Rose Gold,Ring Size: US 9.5,550.00
R09,Red Evil Eye Heart Ring,BAS-EE-R09-10KR-US10,Karat: 10K,Metal Color: Rose Gold,Ring Size: US 10,560.00
R09,Red Evil Eye Heart Ring,BAS-EE-R09-10KR-US10_5,Karat: 10K,Metal Color: Rose Gold,Ring Size: US 10.5,580.00
R09,Red Evil Eye Heart Ring,BAS-EE-R09-10KR-US11,Karat: 10K,Metal Color: Rose Gold,Ring Size: US 11,590.00
R09,Red Evil Eye Heart Ring,BAS-EE-R09-10KR-US11_5,Karat: 10K,Metal Color: Rose Gold,Ring Size: US 11.5,600.00
R09,Red Evil Eye Heart Ring,BAS-EE-R09-10KR-US12,Karat: 10K,Metal Color: Rose Gold,Ring Size: US 12,610.00
R09,Red Evil Eye Heart Ring,BAS-EE-R09-10KR-US12_5,Karat: 10K,Metal Color: Rose Gold,Ring Size: US 12.5,620.00
R09,Red Evil Eye Heart Ring,BAS-EE-R09-10KR-US13,Karat: 10K,Metal Color: Rose Gold,Ring Size: US 13,630.00
R09,Red Evil Eye Heart Ring,BAS-EE-R09-10KR-US13_5,Karat: 10K,Metal Color: Rose Gold,Ring Size: US 13.5,640.00
R09,Red Evil Eye Heart Ring,BAS-EE-R09-10KR-US14,Karat: 10K,Metal Color: Rose Gold,Ring Size: US 14,650.00
R09,Red Evil Eye Heart Ring,BAS-EE-R09-10KR-US14_5,Karat: 10K,Metal Color: Rose Gold,Ring Size: US 14.5,660.00
R09,Red Evil Eye Heart Ring,BAS-EE-R09-10KR-US15,Karat: 10K,Metal Color: Rose Gold,Ring Size: US 15,670.00
R09,Red Evil Eye Heart Ring,BAS-EE-R09-10KR-US15_5,Karat: 10K,Metal Color: Rose Gold,Ring Size: US 15.5,680.00
R09,Red Evil Eye Heart Ring,BAS-EE-R09-10KR-US16,Karat: 10K,Metal Color: Rose Gold,Ring Size: US 16,690.00
R09,Red Evil Eye Heart Ring,BAS-EE-R09-14KY-US3,Karat: 14K,Metal Color: Yellow Gold,Ring Size: US 3,600.00
R09,Red Evil Eye Heart Ring,BAS-EE-R09-14KY-US3_5,Karat: 14K,Metal Color: Yellow Gold,Ring Size: US 3.5,610.00
R09,Red Evil Eye Heart Ring,BAS-EE-R09-14KY-US4,Karat: 14K,Metal Color: Yellow Gold,Ring Size: US 4,630.00
R09,Red Evil Eye Heart Ring,BAS-EE-R09-14KY-US4_5,Karat: 14K,Metal Color: Yellow Gold,Ring Size: US 4.5,650.00
R09,Red Evil Eye Heart Ring,BAS-EE-R09-14KY-US5,Karat: 14K,Metal Color: Yellow Gold,Ring Size: US 5,660.00
R09,Red Evil Eye Heart Ring,BAS-EE-R09-14KY-US5_5,Karat: 14K,Metal Color: Yellow Gold,Ring Size: US 5.5,680.00
R09,Red Evil Eye Heart Ring,BAS-EE-R09-14KY-US6,Karat: 14K,Metal Color: Yellow Gold,Ring Size: US 6,690.00
R09,Red Evil Eye Heart Ring,BAS-EE-R09-14KY-US6_5,Karat: 14K,Metal Color: Yellow Gold,Ring Size: US 6.5,710.00
R09,Red Evil Eye Heart Ring,BAS-EE-R09-14KY-US7,Karat: 14K,Metal Color: Yellow Gold,Ring Size: US 7,720.00
R09,Red Evil Eye Heart Ring,BAS-EE-R09-14KY-US7_5,Karat: 14K,Metal Color: Yellow Gold,Ring Size: US 7.5,740.00
R09,Red Evil Eye Heart Ring,BAS-EE-R09-14KY-US8,Karat: 14K,Metal Color: Yellow Gold,Ring Size: US 8,750.00
R09,Red Evil Eye Heart Ring,BAS-EE-R09-14KY-US8_5,Karat: 14K,Metal Color: Yellow Gold,Ring Size: US 8.5,770.00
R09,Red Evil Eye Heart Ring,BAS-EE-R09-14KY-US9,Karat: 14K,Metal Color: Yellow Gold,Ring Size: US 9,780.00
R09,Red Evil Eye Heart Ring,BAS-EE-R09-14KY-US9_5,Karat: 14K,Metal Color: Yellow Gold,Ring Size: US 9.5,800.00
R09,Red Evil Eye Heart Ring,BAS-EE-R09-14KY-US10,Karat: 14K,Metal Color: Yellow Gold,Ring Size: US 10,820.00
R09,Red Evil Eye Heart Ring,BAS-EE-R09-14KY-US10_5,Karat: 14K,Metal Color: Yellow Gold,Ring Size: US 10.5,830.00
R09,Red Evil Eye Heart Ring,BAS-EE-R09-14KY-US11,Karat: 14K,Metal Color: Yellow Gold,Ring Size: US 11,850.00
R09,Red Evil Eye Heart Ring,BAS-EE-R09-14KY-US11_5,Karat: 14K,Metal Color: Yellow Gold,Ring Size: US 11.5,860.00
R09,Red Evil Eye Heart Ring,BAS-EE-R09-14KY-US12,Karat: 14K,Metal Color: Yellow Gold,Ring Size: US 12,880.00
R09,Red Evil Eye Heart Ring,BAS-EE-R09-14KY-US12_5,Karat: 14K,Metal Color: Yellow Gold,Ring Size: US 12.5,890.00
R09,Red Evil Eye Heart Ring,BAS-EE-R09-14KY-US13,Karat: 14K,Metal Color: Yellow Gold,Ring Size: US 13,910.00
R09,Red Evil Eye Heart Ring,BAS-EE-R09-14KY-US13_5,Karat: 14K,Metal Color: Yellow Gold,Ring Size: US 13.5,920.00
R09,Red Evil Eye Heart Ring,BAS-EE-R09-14KY-US14,Karat: 14K,Metal Color: Yellow Gold,Ring Size: US 14,940.00
R09,Red Evil Eye Heart Ring,BAS-EE-R09-14KY-US14_5,Karat: 14K,Metal Color: Yellow Gold,Ring Size: US 14.5,950.00
R09,Red Evil Eye Heart Ring,BAS-EE-R09-14KY-US15,Karat: 14K,Metal Color: Yellow Gold,Ring Size: US 15,970.00
R09,Red Evil Eye Heart Ring,BAS-EE-R09-14KY-US15_5,Karat: 14K,Metal Color: Yellow Gold,Ring Size: US 15.5,990.00
R09,Red Evil Eye Heart Ring,BAS-EE-R09-14KY-US16,Karat: 14K,Metal Color: Yellow Gold,Ring Size: US 16,1000.00
R09,Red Evil Eye Heart Ring,BAS-EE-R09-14KW-US3,Karat: 14K,Metal Color: White Gold,Ring Size: US 3,600.00
R09,Red Evil Eye Heart Ring,BAS-EE-R09-14KW-US3_5,Karat: 14K,Metal Color: White Gold,Ring Size: US 3.5,610.00
R09,Red Evil Eye Heart Ring,BAS-EE-R09-14KW-US4,Karat: 14K,Metal Color: White Gold,Ring Size: US 4,630.00
R09,Red Evil Eye Heart Ring,BAS-EE-R09-14KW-US4_5,Karat: 14K,Metal Color: White Gold,Ring Size: US 4.5,650.00
R09,Red Evil Eye Heart Ring,BAS-EE-R09-14KW-US5,Karat: 14K,Metal Color: White Gold,Ring Size: US 5,660.00
R09,Red Evil Eye Heart Ring,BAS-EE-R09-14KW-US5_5,Karat: 14K,Metal Color: White Gold,Ring Size: US 5.5,680.00
R09,Red Evil Eye Heart Ring,BAS-EE-R09-14KW-US6,Karat: 14K,Metal Color: White Gold,Ring Size: US 6,690.00
R09,Red Evil Eye Heart Ring,BAS-EE-R09-14KW-US6_5,Karat: 14K,Metal Color: White Gold,Ring Size: US 6.5,710.00
R09,Red Evil Eye Heart Ring,BAS-EE-R09-14KW-US7,Karat: 14K,Metal Color: White Gold,Ring Size: US 7,720.00
R09,Red Evil Eye Heart Ring,BAS-EE-R09-14KW-US7_5,Karat: 14K,Metal Color: White Gold,Ring Size: US 7.5,740.00
R09,Red Evil Eye Heart Ring,BAS-EE-R09-14KW-US8,Karat: 14K,Metal Color: White Gold,Ring Size: US 8,750.00
R09,Red Evil Eye Heart Ring,BAS-EE-R09-14KW-US8_5,Karat: 14K,Metal Color: White Gold,Ring Size: US 8.5,770.00
R09,Red Evil Eye Heart Ring,BAS-EE-R09-14KW-US9,Karat: 14K,Metal Color: White Gold,Ring Size: US 9,780.00
R09,Red Evil Eye Heart Ring,BAS-EE-R09-14KW-US9_5,Karat: 14K,Metal Color: White Gold,Ring Size: US 9.5,800.00
R09,Red Evil Eye Heart Ring,BAS-EE-R09-14KW-US10,Karat: 14K,Metal Color: White Gold,Ring Size: US 10,820.00
R09,Red Evil Eye Heart Ring,BAS-EE-R09-14KW-US10_5,Karat: 14K,Metal Color: White Gold,Ring Size: US 10.5,830.00
R09,Red Evil Eye Heart Ring,BAS-EE-R09-14KW-US11,Karat: 14K,Metal Color: White Gold,Ring Size: US 11,850.00
R09,Red Evil Eye Heart Ring,BAS-EE-R09-14KW-US11_5,Karat: 14K,Metal Color: White Gold,Ring Size: US 11.5,860.00
R09,Red Evil Eye Heart Ring,BAS-EE-R09-14KW-US12,Karat: 14K,Metal Color: White Gold,Ring Size: US 12,880.00
R09,Red Evil Eye Heart Ring,BAS-EE-R09-14KW-US12_5,Karat: 14K,Metal Color: White Gold,Ring Size: US 12.5,890.00
R09,Red Evil Eye Heart Ring,BAS-EE-R09-14KW-US13,Karat: 14K,Metal Color: White Gold,Ring Size: US 13,910.00
R09,Red Evil Eye Heart Ring,BAS-EE-R09-14KW-US13_5,Karat: 14K,Metal Color: White Gold,Ring Size: US 13.5,920.00
R09,Red Evil Eye Heart Ring,BAS-EE-R09-14KW-US14,Karat: 14K,Metal Color: White Gold,Ring Size: US 14,940.00
R09,Red Evil Eye Heart Ring,BAS-EE-R09-14KW-US14_5,Karat: 14K,Metal Color: White Gold,Ring Size: US 14.5,950.00
R09,Red Evil Eye Heart Ring,BAS-EE-R09-14KW-US15,Karat: 14K,Metal Color: White Gold,Ring Size: US 15,970.00
R09,Red Evil Eye Heart Ring,BAS-EE-R09-14KW-US15_5,Karat: 14K,Metal Color: White Gold,Ring Size: US 15.5,990.00
R09,Red Evil Eye Heart Ring,BAS-EE-R09-14KW-US16,Karat: 14K,Metal Color: White Gold,Ring Size: US 16,1000.00
R09,Red Evil Eye Heart Ring,BAS-EE-R09-14KR-US3,Karat: 14K,Metal Color: Rose Gold,Ring Size: US 3,600.00
R09,Red Evil Eye Heart Ring,BAS-EE-R09-14KR-US3_5,Karat: 14K,Metal Color: Rose Gold,Ring Size: US 3.5,610.00
R09,Red Evil Eye Heart Ring,BAS-EE-R09-14KR-US4,Karat: 14K,Metal Color: Rose Gold,Ring Size: US 4,630.00
R09,Red Evil Eye Heart Ring,BAS-EE-R09-14KR-US4_5,Karat: 14K,Metal Color: Rose Gold,Ring Size: US 4.5,650.00
R09,Red Evil Eye Heart Ring,BAS-EE-R09-14KR-US5,Karat: 14K,Metal Color: Rose Gold,Ring Size: US 5,660.00
R09,Red Evil Eye Heart Ring,BAS-EE-R09-14KR-US5_5,Karat: 14K,Metal Color: Rose Gold,Ring Size: US 5.5,680.00
R09,Red Evil Eye Heart Ring,BAS-EE-R09-14KR-US6,Karat: 14K,Metal Color: Rose Gold,Ring Size: US 6,690.00
R09,Red Evil Eye Heart Ring,BAS-EE-R09-14KR-US6_5,Karat: 14K,Metal Color: Rose Gold,Ring Size: US 6.5,710.00
R09,Red Evil Eye Heart Ring,BAS-EE-R09-14KR-US7,Karat: 14K,Metal Color: Rose Gold,Ring Size: US 7,720.00
R09,Red Evil Eye Heart Ring,BAS-EE-R09-14KR-US7_5,Karat: 14K,Metal Color: Rose Gold,Ring Size: US 7.5,740.00
R09,Red Evil Eye Heart Ring,BAS-EE-R09-14KR-US8,Karat: 14K,Metal Color: Rose Gold,Ring Size: US 8,750.00
R09,Red Evil Eye Heart Ring,BAS-EE-R09-14KR-US8_5,Karat: 14K,Metal Color: Rose Gold,Ring Size: US 8.5,770.00
R09,Red Evil Eye Heart Ring,BAS-EE-R09-14KR-US9,Karat: 14K,Metal Color: Rose Gold,Ring Size: US 9,780.00
R09,Red Evil Eye Heart Ring,BAS-EE-R09-14KR-US9_5,Karat: 14K,Metal Color: Rose Gold,Ring Size: US 9.5,800.00
R09,Red Evil Eye Heart Ring,BAS-EE-R09-14KR-US10,Karat: 14K,Metal Color: Rose Gold,Ring Size: US 10,820.00
R09,Red Evil Eye Heart Ring,BAS-EE-R09-14KR-US10_5,Karat: 14K,Metal Color: Rose Gold,Ring Size: US 10.5,830.00
R09,Red Evil Eye Heart Ring,BAS-EE-R09-14KR-US11,Karat: 14K,Metal Color: Rose Gold,Ring Size: US 11,850.00
R09,Red Evil Eye Heart Ring,BAS-EE-R09-14KR-US11_5,Karat: 14K,Metal Color: Rose Gold,Ring Size: US 11.5,860.00
R09,Red Evil Eye Heart Ring,BAS-EE-R09-14KR-US12,Karat: 14K,Metal Color: Rose Gold,Ring Size: US 12,880.00
R09,Red Evil Eye Heart Ring,BAS-EE-R09-14KR-US12_5,Karat: 14K,Metal Color: Rose Gold,Ring Size: US 12.5,890.00
R09,Red Evil Eye Heart Ring,BAS-EE-R09-14KR-US13,Karat: 14K,Metal Color: Rose Gold,Ring Size: US 13,910.00
R09,Red Evil Eye Heart Ring,BAS-EE-R09-14KR-US13_5,Karat: 14K,Metal Color: Rose Gold,Ring Size: US 13.5,920.00
R09,Red Evil Eye Heart Ring,BAS-EE-R09-14KR-US14,Karat: 14K,Metal Color: Rose Gold,Ring Size: US 14,940.00
R09,Red Evil Eye Heart Ring,BAS-EE-R09-14KR-US14_5,Karat: 14K,Metal Color: Rose Gold,Ring Size: US 14.5,950.00
R09,Red Evil Eye Heart Ring,BAS-EE-R09-14KR-US15,Karat: 14K,Metal Color: Rose Gold,Ring Size: US 15,970.00
R09,Red Evil Eye Heart Ring,BAS-EE-R09-14KR-US15_5,Karat: 14K,Metal Color: Rose Gold,Ring Size: US 15.5,990.00
R09,Red Evil Eye Heart Ring,BAS-EE-R09-14KR-US16,Karat: 14K,Metal Color: Rose Gold,Ring Size: US 16,1000.00
R09,Red Evil Eye Heart Ring,BAS-EE-R09-18KY-US3,Karat: 18K,Metal Color: Yellow Gold,Ring Size: US 3,830.00
R09,Red Evil Eye Heart Ring,BAS-EE-R09-18KY-US3_5,Karat: 18K,Metal Color: Yellow Gold,Ring Size: US 3.5,850.00
R09,Red Evil Eye Heart Ring,BAS-EE-R09-18KY-US4,Karat: 18K,Metal Color: Yellow Gold,Ring Size: US 4,870.00
R09,Red Evil Eye Heart Ring,BAS-EE-R09-18KY-US4_5,Karat: 18K,Metal Color: Yellow Gold,Ring Size: US 4.5,890.00
R09,Red Evil Eye Heart Ring,BAS-EE-R09-18KY-US5,Karat: 18K,Metal Color: Yellow Gold,Ring Size: US 5,920.00
R09,Red Evil Eye Heart Ring,BAS-EE-R09-18KY-US5_5,Karat: 18K,Metal Color: Yellow Gold,Ring Size: US 5.5,940.00
R09,Red Evil Eye Heart Ring,BAS-EE-R09-18KY-US6,Karat: 18K,Metal Color: Yellow Gold,Ring Size: US 6,960.00
R09,Red Evil Eye Heart Ring,BAS-EE-R09-18KY-US6_5,Karat: 18K,Metal Color: Yellow Gold,Ring Size: US 6.5,980.00
R09,Red Evil Eye Heart Ring,BAS-EE-R09-18KY-US7,Karat: 18K,Metal Color: Yellow Gold,Ring Size: US 7,1000.00
R09,Red Evil Eye Heart Ring,BAS-EE-R09-18KY-US7_5,Karat: 18K,Metal Color: Yellow Gold,Ring Size: US 7.5,1020.00
R09,Red Evil Eye Heart Ring,BAS-EE-R09-18KY-US8,Karat: 18K,Metal Color: Yellow Gold,Ring Size: US 8,1050.00
R09,Red Evil Eye Heart Ring,BAS-EE-R09-18KY-US8_5,Karat: 18K,Metal Color: Yellow Gold,Ring Size: US 8.5,1070.00
R09,Red Evil Eye Heart Ring,BAS-EE-R09-18KY-US9,Karat: 18K,Metal Color: Yellow Gold,Ring Size: US 9,1090.00
R09,Red Evil Eye Heart Ring,BAS-EE-R09-18KY-US9_5,Karat: 18K,Metal Color: Yellow Gold,Ring Size: US 9.5,1110.00
R09,Red Evil Eye Heart Ring,BAS-EE-R09-18KY-US10,Karat: 18K,Metal Color: Yellow Gold,Ring Size: US 10,1130.00
R09,Red Evil Eye Heart Ring,BAS-EE-R09-18KY-US10_5,Karat: 18K,Metal Color: Yellow Gold,Ring Size: US 10.5,1150.00
R09,Red Evil Eye Heart Ring,BAS-EE-R09-18KY-US11,Karat: 18K,Metal Color: Yellow Gold,Ring Size: US 11,1170.00
R09,Red Evil Eye Heart Ring,BAS-EE-R09-18KY-US11_5,Karat: 18K,Metal Color: Yellow Gold,Ring Size: US 11.5,1200.00
R09,Red Evil Eye Heart Ring,BAS-EE-R09-18KY-US12,Karat: 18K,Metal Color: Yellow Gold,Ring Size: US 12,1220.00
R09,Red Evil Eye Heart Ring,BAS-EE-R09-18KY-US12_5,Karat: 18K,Metal Color: Yellow Gold,Ring Size: US 12.5,1240.00
R09,Red Evil Eye Heart Ring,BAS-EE-R09-18KY-US13,Karat: 18K,Metal Color: Yellow Gold,Ring Size: US 13,1260.00
R09,Red Evil Eye Heart Ring,BAS-EE-R09-18KY-US13_5,Karat: 18K,Metal Color: Yellow Gold,Ring Size: US 13.5,1280.00
R09,Red Evil Eye Heart Ring,BAS-EE-R09-18KY-US14,Karat: 18K,Metal Color: Yellow Gold,Ring Size: US 14,1300.00
R09,Red Evil Eye Heart Ring,BAS-EE-R09-18KY-US14_5,Karat: 18K,Metal Color: Yellow Gold,Ring Size: US 14.5,1320.00
R09,Red Evil Eye Heart Ring,BAS-EE-R09-18KY-US15,Karat: 18K,Metal Color: Yellow Gold,Ring Size: US 15,1350.00
R09,Red Evil Eye Heart Ring,BAS-EE-R09-18KY-US15_5,Karat: 18K,Metal Color: Yellow Gold,Ring Size: US 15.5,1370.00
R09,Red Evil Eye Heart Ring,BAS-EE-R09-18KY-US16,Karat: 18K,Metal Color: Yellow Gold,Ring Size: US 16,1390.00
R09,Red Evil Eye Heart Ring,BAS-EE-R09-18KW-US3,Karat: 18K,Metal Color: White Gold,Ring Size: US 3,830.00
R09,Red Evil Eye Heart Ring,BAS-EE-R09-18KW-US3_5,Karat: 18K,Metal Color: White Gold,Ring Size: US 3.5,850.00
R09,Red Evil Eye Heart Ring,BAS-EE-R09-18KW-US4,Karat: 18K,Metal Color: White Gold,Ring Size: US 4,870.00
R09,Red Evil Eye Heart Ring,BAS-EE-R09-18KW-US4_5,Karat: 18K,Metal Color: White Gold,Ring Size: US 4.5,890.00
R09,Red Evil Eye Heart Ring,BAS-EE-R09-18KW-US5,Karat: 18K,Metal Color: White Gold,Ring Size: US 5,920.00
R09,Red Evil Eye Heart Ring,BAS-EE-R09-18KW-US5_5,Karat: 18K,Metal Color: White Gold,Ring Size: US 5.5,940.00
R09,Red Evil Eye Heart Ring,BAS-EE-R09-18KW-US6,Karat: 18K,Metal Color: White Gold,Ring Size: US 6,960.00
R09,Red Evil Eye Heart Ring,BAS-EE-R09-18KW-US6_5,Karat: 18K,Metal Color: White Gold,Ring Size: US 6.5,980.00
R09,Red Evil Eye Heart Ring,BAS-EE-R09-18KW-US7,Karat: 18K,Metal Color: White Gold,Ring Size: US 7,1000.00
R09,Red Evil Eye Heart Ring,BAS-EE-R09-18KW-US7_5,Karat: 18K,Metal Color: White Gold,Ring Size: US 7.5,1020.00
R09,Red Evil Eye Heart Ring,BAS-EE-R09-18KW-US8,Karat: 18K,Metal Color: White Gold,Ring Size: US 8,1050.00
R09,Red Evil Eye Heart Ring,BAS-EE-R09-18KW-US8_5,Karat: 18K,Metal Color: White Gold,Ring Size: US 8.5,1070.00
R09,Red Evil Eye Heart Ring,BAS-EE-R09-18KW-US9,Karat: 18K,Metal Color: White Gold,Ring Size: US 9,1090.00
R09,Red Evil Eye Heart Ring,BAS-EE-R09-18KW-US9_5,Karat: 18K,Metal Color: White Gold,Ring Size: US 9.5,1110.00
R09,Red Evil Eye Heart Ring,BAS-EE-R09-18KW-US10,Karat: 18K,Metal Color: White Gold,Ring Size: US 10,1130.00
R09,Red Evil Eye Heart Ring,BAS-EE-R09-18KW-US10_5,Karat: 18K,Metal Color: White Gold,Ring Size: US 10.5,1150.00
R09,Red Evil Eye Heart Ring,BAS-EE-R09-18KW-US11,Karat: 18K,Metal Color: White Gold,Ring Size: US 11,1170.00
R09,Red Evil Eye Heart Ring,BAS-EE-R09-18KW-US11_5,Karat: 18K,Metal Color: White Gold,Ring Size: US 11.5,1200.00
R09,Red Evil Eye Heart Ring,BAS-EE-R09-18KW-US12,Karat: 18K,Metal Color: White Gold,Ring Size: US 12,1220.00
R09,Red Evil Eye Heart Ring,BAS-EE-R09-18KW-US12_5,Karat: 18K,Metal Color: White Gold,Ring Size: US 12.5,1240.00
R09,Red Evil Eye Heart Ring,BAS-EE-R09-18KW-US13,Karat: 18K,Metal Color: White Gold,Ring Size: US 13,1260.00
R09,Red Evil Eye Heart Ring,BAS-EE-R09-18KW-US13_5,Karat: 18K,Metal Color: White Gold,Ring Size: US 13.5,1280.00
R09,Red Evil Eye Heart Ring,BAS-EE-R09-18KW-US14,Karat: 18K,Metal Color: White Gold,Ring Size: US 14,1300.00
R09,Red Evil Eye Heart Ring,BAS-EE-R09-18KW-US14_5,Karat: 18K,Metal Color: White Gold,Ring Size: US 14.5,1320.00
R09,Red Evil Eye Heart Ring,BAS-EE-R09-18KW-US15,Karat: 18K,Metal Color: White Gold,Ring Size: US 15,1350.00
R09,Red Evil Eye Heart Ring,BAS-EE-R09-18KW-US15_5,Karat: 18K,Metal Color: White Gold,Ring Size: US 15.5,1370.00
R09,Red Evil Eye Heart Ring,BAS-EE-R09-18KW-US16,Karat: 18K,Metal Color: White Gold,Ring Size: US 16,1390.00
R09,Red Evil Eye Heart Ring,BAS-EE-R09-18KR-US3,Karat: 18K,Metal Color: Rose Gold,Ring Size: US 3,830.00
R09,Red Evil Eye Heart Ring,BAS-EE-R09-18KR-US3_5,Karat: 18K,Metal Color: Rose Gold,Ring Size: US 3.5,850.00
R09,Red Evil Eye Heart Ring,BAS-EE-R09-18KR-US4,Karat: 18K,Metal Color: Rose Gold,Ring Size: US 4,870.00
R09,Red Evil Eye Heart Ring,BAS-EE-R09-18KR-US4_5,Karat: 18K,Metal Color: Rose Gold,Ring Size: US 4.5,890.00
R09,Red Evil Eye Heart Ring,BAS-EE-R09-18KR-US5,Karat: 18K,Metal Color: Rose Gold,Ring Size: US 5,920.00
R09,Red Evil Eye Heart Ring,BAS-EE-R09-18KR-US5_5,Karat: 18K,Metal Color: Rose Gold,Ring Size: US 5.5,940.00
R09,Red Evil Eye Heart Ring,BAS-EE-R09-18KR-US6,Karat: 18K,Metal Color: Rose Gold,Ring Size: US 6,960.00
R09,Red Evil Eye Heart Ring,BAS-EE-R09-18KR-US6_5,Karat: 18K,Metal Color: Rose Gold,Ring Size: US 6.5,980.00
R09,Red Evil Eye Heart Ring,BAS-EE-R09-18KR-US7,Karat: 18K,Metal Color: Rose Gold,Ring Size: US 7,1000.00
R09,Red Evil Eye Heart Ring,BAS-EE-R09-18KR-US7_5,Karat: 18K,Metal Color: Rose Gold,Ring Size: US 7.5,1020.00
R09,Red Evil Eye Heart Ring,BAS-EE-R09-18KR-US8,Karat: 18K,Metal Color: Rose Gold,Ring Size: US 8,1050.00
R09,Red Evil Eye Heart Ring,BAS-EE-R09-18KR-US8_5,Karat: 18K,Metal Color: Rose Gold,Ring Size: US 8.5,1070.00
R09,Red Evil Eye Heart Ring,BAS-EE-R09-18KR-US9,Karat: 18K,Metal Color: Rose Gold,Ring Size: US 9,1090.00
R09,Red Evil Eye Heart Ring,BAS-EE-R09-18KR-US9_5,Karat: 18K,Metal Color: Rose Gold,Ring Size: US 9.5,1110.00
R09,Red Evil Eye Heart Ring,BAS-EE-R09-18KR-US10,Karat: 18K,Metal Color: Rose Gold,Ring Size: US 10,1130.00
R09,Red Evil Eye Heart Ring,BAS-EE-R09-18KR-US10_5,Karat: 18K,Metal Color: Rose Gold,Ring Size: US 10.5,1150.00
R09,Red Evil Eye Heart Ring,BAS-EE-R09-18KR-US11,Karat: 18K,Metal Color: Rose Gold,Ring Size: US 11,1170.00
R09,Red Evil Eye Heart Ring,BAS-EE-R09-18KR-US11_5,Karat: 18K,Metal Color: Rose Gold,Ring Size: US 11.5,1200.00
R09,Red Evil Eye Heart Ring,BAS-EE-R09-18KR-US12,Karat: 18K,Metal Color: Rose Gold,Ring Size: US 12,1220.00
R09,Red Evil Eye Heart Ring,BAS-EE-R09-18KR-US12_5,Karat: 18K,Metal Color: Rose Gold,Ring Size: US 12.5,1240.00
R09,Red Evil Eye Heart Ring,BAS-EE-R09-18KR-US13,Karat: 18K,Metal Color: Rose Gold,Ring Size: US 13,1260.00
R09,Red Evil Eye Heart Ring,BAS-EE-R09-18KR-US13_5,Karat: 18K,Metal Color: Rose Gold,Ring Size: US 13.5,1280.00
R09,Red Evil Eye Heart Ring,BAS-EE-R09-18KR-US14,Karat: 18K,Metal Color: Rose Gold,Ring Size: US 14,1300.00
R09,Red Evil Eye Heart Ring,BAS-EE-R09-18KR-US14_5,Karat: 18K,Metal Color: Rose Gold,Ring Size: US 14.5,1320.00
R09,Red Evil Eye Heart Ring,BAS-EE-R09-18KR-US15,Karat: 18K,Metal Color: Rose Gold,Ring Size: US 15,1350.00
R09,Red Evil Eye Heart Ring,BAS-EE-R09-18KR-US15_5,Karat: 18K,Metal Color: Rose Gold,Ring Size: US 15.5,1370.00
R09,Red Evil Eye Heart Ring,BAS-EE-R09-18KR-US16,Karat: 18K,Metal Color: Rose Gold,Ring Size: US 16,1390.00
N09,Red Evil Eye Heart Necklace,BAS-EE-N09-10KY-16IN,Karat: 10K,Metal Color: Yellow Gold,Chain Length: 16 inches,430.00
N09,Red Evil Eye Heart Necklace,BAS-EE-N09-10KY-18IN,Karat: 10K,Metal Color: Yellow Gold,Chain Length: 18 inches,450.00
N09,Red Evil Eye Heart Necklace,BAS-EE-N09-10KY-20IN,Karat: 10K,Metal Color: Yellow Gold,Chain Length: 20 inches,470.00
N09,Red Evil Eye Heart Necklace,BAS-EE-N09-10KW-16IN,Karat: 10K,Metal Color: White Gold,Chain Length: 16 inches,430.00
N09,Red Evil Eye Heart Necklace,BAS-EE-N09-10KW-18IN,Karat: 10K,Metal Color: White Gold,Chain Length: 18 inches,450.00
N09,Red Evil Eye Heart Necklace,BAS-EE-N09-10KW-20IN,Karat: 10K,Metal Color: White Gold,Chain Length: 20 inches,470.00
N09,Red Evil Eye Heart Necklace,BAS-EE-N09-10KR-16IN,Karat: 10K,Metal Color: Rose Gold,Chain Length: 16 inches,430.00
N09,Red Evil Eye Heart Necklace,BAS-EE-N09-10KR-18IN,Karat: 10K,Metal Color: Rose Gold,Chain Length: 18 inches,450.00
N09,Red Evil Eye Heart Necklace,BAS-EE-N09-10KR-20IN,Karat: 10K,Metal Color: Rose Gold,Chain Length: 20 inches,470.00
N09,Red Evil Eye Heart Necklace,BAS-EE-N09-14KY-16IN,Karat: 14K,Metal Color: Yellow Gold,Chain Length: 16 inches,580.00
N09,Red Evil Eye Heart Necklace,BAS-EE-N09-14KY-18IN,Karat: 14K,Metal Color: Yellow Gold,Chain Length: 18 inches,600.00
N09,Red Evil Eye Heart Necklace,BAS-EE-N09-14KY-20IN,Karat: 14K,Metal Color: Yellow Gold,Chain Length: 20 inches,630.00
N09,Red Evil Eye Heart Necklace,BAS-EE-N09-14KW-16IN,Karat: 14K,Metal Color: White Gold,Chain Length: 16 inches,580.00
N09,Red Evil Eye Heart Necklace,BAS-EE-N09-14KW-18IN,Karat: 14K,Metal Color: White Gold,Chain Length: 18 inches,600.00
N09,Red Evil Eye Heart Necklace,BAS-EE-N09-14KW-20IN,Karat: 14K,Metal Color: White Gold,Chain Length: 20 inches,630.00
N09,Red Evil Eye Heart Necklace,BAS-EE-N09-14KR-16IN,Karat: 14K,Metal Color: Rose Gold,Chain Length: 16 inches,580.00
N09,Red Evil Eye Heart Necklace,BAS-EE-N09-14KR-18IN,Karat: 14K,Metal Color: Rose Gold,Chain Length: 18 inches,600.00
N09,Red Evil Eye Heart Necklace,BAS-EE-N09-14KR-20IN,Karat: 14K,Metal Color: Rose Gold,Chain Length: 20 inches,630.00
N09,Red Evil Eye Heart Necklace,BAS-EE-N09-18KY-16IN,Karat: 18K,Metal Color: Yellow Gold,Chain Length: 16 inches,760.00
N09,Red Evil Eye Heart Necklace,BAS-EE-N09-18KY-18IN,Karat: 18K,Metal Color: Yellow Gold,Chain Length: 18 inches,800.00
N09,Red Evil Eye Heart Necklace,BAS-EE-N09-18KY-20IN,Karat: 18K,Metal Color: Yellow Gold,Chain Length: 20 inches,840.00
N09,Red Evil Eye Heart Necklace,BAS-EE-N09-18KW-16IN,Karat: 18K,Metal Color: White Gold,Chain Length: 16 inches,760.00
N09,Red Evil Eye Heart Necklace,BAS-EE-N09-18KW-18IN,Karat: 18K,Metal Color: White Gold,Chain Length: 18 inches,800.00
N09,Red Evil Eye Heart Necklace,BAS-EE-N09-18KW-20IN,Karat: 18K,Metal Color: White Gold,Chain Length: 20 inches,840.00
N09,Red Evil Eye Heart Necklace,BAS-EE-N09-18KR-16IN,Karat: 18K,Metal Color: Rose Gold,Chain Length: 16 inches,760.00
N09,Red Evil Eye Heart Necklace,BAS-EE-N09-18KR-18IN,Karat: 18K,Metal Color: Rose Gold,Chain Length: 18 inches,800.00
N09,Red Evil Eye Heart Necklace,BAS-EE-N09-18KR-20IN,Karat: 18K,Metal Color: Rose Gold,Chain Length: 20 inches,840.00
B09,Red Evil Eye Heart Bracelet,BAS-EE-B09-10KY-6_5IN,Karat: 10K,Metal Color: Yellow Gold,Bracelet Length: 6.5 inches,470.00
B09,Red Evil Eye Heart Bracelet,BAS-EE-B09-10KY-7IN,Karat: 10K,Metal Color: Yellow Gold,Bracelet Length: 7 inches,480.00
B09,Red Evil Eye Heart Bracelet,BAS-EE-B09-10KY-7_5IN,Karat: 10K,Metal Color: Yellow Gold,Bracelet Length: 7.5 inches,490.00
B09,Red Evil Eye Heart Bracelet,BAS-EE-B09-10KW-6_5IN,Karat: 10K,Metal Color: White Gold,Bracelet Length: 6.5 inches,470.00
B09,Red Evil Eye Heart Bracelet,BAS-EE-B09-10KW-7IN,Karat: 10K,Metal Color: White Gold,Bracelet Length: 7 inches,480.00
B09,Red Evil Eye Heart Bracelet,BAS-EE-B09-10KW-7_5IN,Karat: 10K,Metal Color: White Gold,Bracelet Length: 7.5 inches,490.00
B09,Red Evil Eye Heart Bracelet,BAS-EE-B09-10KR-6_5IN,Karat: 10K,Metal Color: Rose Gold,Bracelet Length: 6.5 inches,470.00
B09,Red Evil Eye Heart Bracelet,BAS-EE-B09-10KR-7IN,Karat: 10K,Metal Color: Rose Gold,Bracelet Length: 7 inches,480.00
B09,Red Evil Eye Heart Bracelet,BAS-EE-B09-10KR-7_5IN,Karat: 10K,Metal Color: Rose Gold,Bracelet Length: 7.5 inches,490.00
B09,Red Evil Eye Heart Bracelet,BAS-EE-B09-14KY-6_5IN,Karat: 14K,Metal Color: Yellow Gold,Bracelet Length: 6.5 inches,590.00
B09,Red Evil Eye Heart Bracelet,BAS-EE-B09-14KY-7IN,Karat: 14K,Metal Color: Yellow Gold,Bracelet Length: 7 inches,600.00
B09,Red Evil Eye Heart Bracelet,BAS-EE-B09-14KY-7_5IN,Karat: 14K,Metal Color: Yellow Gold,Bracelet Length: 7.5 inches,620.00
B09,Red Evil Eye Heart Bracelet,BAS-EE-B09-14KW-6_5IN,Karat: 14K,Metal Color: White Gold,Bracelet Length: 6.5 inches,590.00
B09,Red Evil Eye Heart Bracelet,BAS-EE-B09-14KW-7IN,Karat: 14K,Metal Color: White Gold,Bracelet Length: 7 inches,600.00
B09,Red Evil Eye Heart Bracelet,BAS-EE-B09-14KW-7_5IN,Karat: 14K,Metal Color: White Gold,Bracelet Length: 7.5 inches,620.00
B09,Red Evil Eye Heart Bracelet,BAS-EE-B09-14KR-6_5IN,Karat: 14K,Metal Color: Rose Gold,Bracelet Length: 6.5 inches,590.00
B09,Red Evil Eye Heart Bracelet,BAS-EE-B09-14KR-7IN,Karat: 14K,Metal Color: Rose Gold,Bracelet Length: 7 inches,600.00
B09,Red Evil Eye Heart Bracelet,BAS-EE-B09-14KR-7_5IN,Karat: 14K,Metal Color: Rose Gold,Bracelet Length: 7.5 inches,620.00
B09,Red Evil Eye Heart Bracelet,BAS-EE-B09-18KY-6_5IN,Karat: 18K,Metal Color: Yellow Gold,Bracelet Length: 6.5 inches,740.00
B09,Red Evil Eye Heart Bracelet,BAS-EE-B09-18KY-7IN,Karat: 18K,Metal Color: Yellow Gold,Bracelet Length: 7 inches,760.00
B09,Red Evil Eye Heart Bracelet,BAS-EE-B09-18KY-7_5IN,Karat: 18K,Metal Color: Yellow Gold,Bracelet Length: 7.5 inches,780.00
B09,Red Evil Eye Heart Bracelet,BAS-EE-B09-18KW-6_5IN,Karat: 18K,Metal Color: White Gold,Bracelet Length: 6.5 inches,740.00
B09,Red Evil Eye Heart Bracelet,BAS-EE-B09-18KW-7IN,Karat: 18K,Metal Color: White Gold,Bracelet Length: 7 inches,760.00
B09,Red Evil Eye Heart Bracelet,BAS-EE-B09-18KW-7_5IN,Karat: 18K,Metal Color: White Gold,Bracelet Length: 7.5 inches,780.00
B09,Red Evil Eye Heart Bracelet,BAS-EE-B09-18KR-6_5IN,Karat: 18K,Metal Color: Rose Gold,Bracelet Length: 6.5 inches,740.00
B09,Red Evil Eye Heart Bracelet,BAS-EE-B09-18KR-7IN,Karat: 18K,Metal Color: Rose Gold,Bracelet Length: 7 inches,760.00
B09,Red Evil Eye Heart Bracelet,BAS-EE-B09-18KR-7_5IN,Karat: 18K,Metal Color: Rose Gold,Bracelet Length: 7.5 inches,780.00
R10,Pink Evil Eye Paperclip Ring,BAS-EE-R10-10KY-US3,Karat: 10K,Metal Color: Yellow Gold,Ring Size: US 3,420.00
R10,Pink Evil Eye Paperclip Ring,BAS-EE-R10-10KY-US3_5,Karat: 10K,Metal Color: Yellow Gold,Ring Size: US 3.5,430.00
R10,Pink Evil Eye Paperclip Ring,BAS-EE-R10-10KY-US4,Karat: 10K,Metal Color: Yellow Gold,Ring Size: US 4,440.00
R10,Pink Evil Eye Paperclip Ring,BAS-EE-R10-10KY-US4_5,Karat: 10K,Metal Color: Yellow Gold,Ring Size: US 4.5,450.00
R10,Pink Evil Eye Paperclip Ring,BAS-EE-R10-10KY-US5,Karat: 10K,Metal Color: Yellow Gold,Ring Size: US 5,460.00
R10,Pink Evil Eye Paperclip Ring,BAS-EE-R10-10KY-US5_5,Karat: 10K,Metal Color: Yellow Gold,Ring Size: US 5.5,470.00
R10,Pink Evil Eye Paperclip Ring,BAS-EE-R10-10KY-US6,Karat: 10K,Metal Color: Yellow Gold,Ring Size: US 6,480.00
R10,Pink Evil Eye Paperclip Ring,BAS-EE-R10-10KY-US6_5,Karat: 10K,Metal Color: Yellow Gold,Ring Size: US 6.5,490.00
R10,Pink Evil Eye Paperclip Ring,BAS-EE-R10-10KY-US7,Karat: 10K,Metal Color: Yellow Gold,Ring Size: US 7,500.00
R10,Pink Evil Eye Paperclip Ring,BAS-EE-R10-10KY-US7_5,Karat: 10K,Metal Color: Yellow Gold,Ring Size: US 7.5,510.00
R10,Pink Evil Eye Paperclip Ring,BAS-EE-R10-10KY-US8,Karat: 10K,Metal Color: Yellow Gold,Ring Size: US 8,520.00
R10,Pink Evil Eye Paperclip Ring,BAS-EE-R10-10KY-US8_5,Karat: 10K,Metal Color: Yellow Gold,Ring Size: US 8.5,530.00
R10,Pink Evil Eye Paperclip Ring,BAS-EE-R10-10KY-US9,Karat: 10K,Metal Color: Yellow Gold,Ring Size: US 9,540.00
R10,Pink Evil Eye Paperclip Ring,BAS-EE-R10-10KY-US9_5,Karat: 10K,Metal Color: Yellow Gold,Ring Size: US 9.5,550.00
R10,Pink Evil Eye Paperclip Ring,BAS-EE-R10-10KY-US10,Karat: 10K,Metal Color: Yellow Gold,Ring Size: US 10,560.00
R10,Pink Evil Eye Paperclip Ring,BAS-EE-R10-10KY-US10_5,Karat: 10K,Metal Color: Yellow Gold,Ring Size: US 10.5,580.00
R10,Pink Evil Eye Paperclip Ring,BAS-EE-R10-10KY-US11,Karat: 10K,Metal Color: Yellow Gold,Ring Size: US 11,590.00
R10,Pink Evil Eye Paperclip Ring,BAS-EE-R10-10KY-US11_5,Karat: 10K,Metal Color: Yellow Gold,Ring Size: US 11.5,600.00
R10,Pink Evil Eye Paperclip Ring,BAS-EE-R10-10KY-US12,Karat: 10K,Metal Color: Yellow Gold,Ring Size: US 12,610.00
R10,Pink Evil Eye Paperclip Ring,BAS-EE-R10-10KY-US12_5,Karat: 10K,Metal Color: Yellow Gold,Ring Size: US 12.5,620.00
R10,Pink Evil Eye Paperclip Ring,BAS-EE-R10-10KY-US13,Karat: 10K,Metal Color: Yellow Gold,Ring Size: US 13,630.00
R10,Pink Evil Eye Paperclip Ring,BAS-EE-R10-10KY-US13_5,Karat: 10K,Metal Color: Yellow Gold,Ring Size: US 13.5,640.00
R10,Pink Evil Eye Paperclip Ring,BAS-EE-R10-10KY-US14,Karat: 10K,Metal Color: Yellow Gold,Ring Size: US 14,650.00
R10,Pink Evil Eye Paperclip Ring,BAS-EE-R10-10KY-US14_5,Karat: 10K,Metal Color: Yellow Gold,Ring Size: US 14.5,660.00
R10,Pink Evil Eye Paperclip Ring,BAS-EE-R10-10KY-US15,Karat: 10K,Metal Color: Yellow Gold,Ring Size: US 15,670.00
R10,Pink Evil Eye Paperclip Ring,BAS-EE-R10-10KY-US15_5,Karat: 10K,Metal Color: Yellow Gold,Ring Size: US 15.5,680.00
R10,Pink Evil Eye Paperclip Ring,BAS-EE-R10-10KY-US16,Karat: 10K,Metal Color: Yellow Gold,Ring Size: US 16,690.00
R10,Pink Evil Eye Paperclip Ring,BAS-EE-R10-10KW-US3,Karat: 10K,Metal Color: White Gold,Ring Size: US 3,420.00
R10,Pink Evil Eye Paperclip Ring,BAS-EE-R10-10KW-US3_5,Karat: 10K,Metal Color: White Gold,Ring Size: US 3.5,430.00
R10,Pink Evil Eye Paperclip Ring,BAS-EE-R10-10KW-US4,Karat: 10K,Metal Color: White Gold,Ring Size: US 4,440.00
R10,Pink Evil Eye Paperclip Ring,BAS-EE-R10-10KW-US4_5,Karat: 10K,Metal Color: White Gold,Ring Size: US 4.5,450.00
R10,Pink Evil Eye Paperclip Ring,BAS-EE-R10-10KW-US5,Karat: 10K,Metal Color: White Gold,Ring Size: US 5,460.00
R10,Pink Evil Eye Paperclip Ring,BAS-EE-R10-10KW-US5_5,Karat: 10K,Metal Color: White Gold,Ring Size: US 5.5,470.00
R10,Pink Evil Eye Paperclip Ring,BAS-EE-R10-10KW-US6,Karat: 10K,Metal Color: White Gold,Ring Size: US 6,480.00
R10,Pink Evil Eye Paperclip Ring,BAS-EE-R10-10KW-US6_5,Karat: 10K,Metal Color: White Gold,Ring Size: US 6.5,490.00
R10,Pink Evil Eye Paperclip Ring,BAS-EE-R10-10KW-US7,Karat: 10K,Metal Color: White Gold,Ring Size: US 7,500.00
R10,Pink Evil Eye Paperclip Ring,BAS-EE-R10-10KW-US7_5,Karat: 10K,Metal Color: White Gold,Ring Size: US 7.5,510.00
R10,Pink Evil Eye Paperclip Ring,BAS-EE-R10-10KW-US8,Karat: 10K,Metal Color: White Gold,Ring Size: US 8,520.00
R10,Pink Evil Eye Paperclip Ring,BAS-EE-R10-10KW-US8_5,Karat: 10K,Metal Color: White Gold,Ring Size: US 8.5,530.00
R10,Pink Evil Eye Paperclip Ring,BAS-EE-R10-10KW-US9,Karat: 10K,Metal Color: White Gold,Ring Size: US 9,540.00
R10,Pink Evil Eye Paperclip Ring,BAS-EE-R10-10KW-US9_5,Karat: 10K,Metal Color: White Gold,Ring Size: US 9.5,550.00
R10,Pink Evil Eye Paperclip Ring,BAS-EE-R10-10KW-US10,Karat: 10K,Metal Color: White Gold,Ring Size: US 10,560.00
R10,Pink Evil Eye Paperclip Ring,BAS-EE-R10-10KW-US10_5,Karat: 10K,Metal Color: White Gold,Ring Size: US 10.5,580.00
R10,Pink Evil Eye Paperclip Ring,BAS-EE-R10-10KW-US11,Karat: 10K,Metal Color: White Gold,Ring Size: US 11,590.00
R10,Pink Evil Eye Paperclip Ring,BAS-EE-R10-10KW-US11_5,Karat: 10K,Metal Color: White Gold,Ring Size: US 11.5,600.00
R10,Pink Evil Eye Paperclip Ring,BAS-EE-R10-10KW-US12,Karat: 10K,Metal Color: White Gold,Ring Size: US 12,610.00
R10,Pink Evil Eye Paperclip Ring,BAS-EE-R10-10KW-US12_5,Karat: 10K,Metal Color: White Gold,Ring Size: US 12.5,620.00
R10,Pink Evil Eye Paperclip Ring,BAS-EE-R10-10KW-US13,Karat: 10K,Metal Color: White Gold,Ring Size: US 13,630.00
R10,Pink Evil Eye Paperclip Ring,BAS-EE-R10-10KW-US13_5,Karat: 10K,Metal Color: White Gold,Ring Size: US 13.5,640.00
R10,Pink Evil Eye Paperclip Ring,BAS-EE-R10-10KW-US14,Karat: 10K,Metal Color: White Gold,Ring Size: US 14,650.00
R10,Pink Evil Eye Paperclip Ring,BAS-EE-R10-10KW-US14_5,Karat: 10K,Metal Color: White Gold,Ring Size: US 14.5,660.00
R10,Pink Evil Eye Paperclip Ring,BAS-EE-R10-10KW-US15,Karat: 10K,Metal Color: White Gold,Ring Size: US 15,670.00
R10,Pink Evil Eye Paperclip Ring,BAS-EE-R10-10KW-US15_5,Karat: 10K,Metal Color: White Gold,Ring Size: US 15.5,680.00
R10,Pink Evil Eye Paperclip Ring,BAS-EE-R10-10KW-US16,Karat: 10K,Metal Color: White Gold,Ring Size: US 16,690.00
R10,Pink Evil Eye Paperclip Ring,BAS-EE-R10-10KR-US3,Karat: 10K,Metal Color: Rose Gold,Ring Size: US 3,420.00
R10,Pink Evil Eye Paperclip Ring,BAS-EE-R10-10KR-US3_5,Karat: 10K,Metal Color: Rose Gold,Ring Size: US 3.5,430.00
R10,Pink Evil Eye Paperclip Ring,BAS-EE-R10-10KR-US4,Karat: 10K,Metal Color: Rose Gold,Ring Size: US 4,440.00
R10,Pink Evil Eye Paperclip Ring,BAS-EE-R10-10KR-US4_5,Karat: 10K,Metal Color: Rose Gold,Ring Size: US 4.5,450.00
R10,Pink Evil Eye Paperclip Ring,BAS-EE-R10-10KR-US5,Karat: 10K,Metal Color: Rose Gold,Ring Size: US 5,460.00
R10,Pink Evil Eye Paperclip Ring,BAS-EE-R10-10KR-US5_5,Karat: 10K,Metal Color: Rose Gold,Ring Size: US 5.5,470.00
R10,Pink Evil Eye Paperclip Ring,BAS-EE-R10-10KR-US6,Karat: 10K,Metal Color: Rose Gold,Ring Size: US 6,480.00
R10,Pink Evil Eye Paperclip Ring,BAS-EE-R10-10KR-US6_5,Karat: 10K,Metal Color: Rose Gold,Ring Size: US 6.5,490.00
R10,Pink Evil Eye Paperclip Ring,BAS-EE-R10-10KR-US7,Karat: 10K,Metal Color: Rose Gold,Ring Size: US 7,500.00
R10,Pink Evil Eye Paperclip Ring,BAS-EE-R10-10KR-US7_5,Karat: 10K,Metal Color: Rose Gold,Ring Size: US 7.5,510.00
R10,Pink Evil Eye Paperclip Ring,BAS-EE-R10-10KR-US8,Karat: 10K,Metal Color: Rose Gold,Ring Size: US 8,520.00
R10,Pink Evil Eye Paperclip Ring,BAS-EE-R10-10KR-US8_5,Karat: 10K,Metal Color: Rose Gold,Ring Size: US 8.5,530.00
R10,Pink Evil Eye Paperclip Ring,BAS-EE-R10-10KR-US9,Karat: 10K,Metal Color: Rose Gold,Ring Size: US 9,540.00
R10,Pink Evil Eye Paperclip Ring,BAS-EE-R10-10KR-US9_5,Karat: 10K,Metal Color: Rose Gold,Ring Size: US 9.5,550.00
R10,Pink Evil Eye Paperclip Ring,BAS-EE-R10-10KR-US10,Karat: 10K,Metal Color: Rose Gold,Ring Size: US 10,560.00
R10,Pink Evil Eye Paperclip Ring,BAS-EE-R10-10KR-US10_5,Karat: 10K,Metal Color: Rose Gold,Ring Size: US 10.5,580.00
R10,Pink Evil Eye Paperclip Ring,BAS-EE-R10-10KR-US11,Karat: 10K,Metal Color: Rose Gold,Ring Size: US 11,590.00
R10,Pink Evil Eye Paperclip Ring,BAS-EE-R10-10KR-US11_5,Karat: 10K,Metal Color: Rose Gold,Ring Size: US 11.5,600.00
R10,Pink Evil Eye Paperclip Ring,BAS-EE-R10-10KR-US12,Karat: 10K,Metal Color: Rose Gold,Ring Size: US 12,610.00
R10,Pink Evil Eye Paperclip Ring,BAS-EE-R10-10KR-US12_5,Karat: 10K,Metal Color: Rose Gold,Ring Size: US 12.5,620.00
R10,Pink Evil Eye Paperclip Ring,BAS-EE-R10-10KR-US13,Karat: 10K,Metal Color: Rose Gold,Ring Size: US 13,630.00
R10,Pink Evil Eye Paperclip Ring,BAS-EE-R10-10KR-US13_5,Karat: 10K,Metal Color: Rose Gold,Ring Size: US 13.5,640.00
R10,Pink Evil Eye Paperclip Ring,BAS-EE-R10-10KR-US14,Karat: 10K,Metal Color: Rose Gold,Ring Size: US 14,650.00
R10,Pink Evil Eye Paperclip Ring,BAS-EE-R10-10KR-US14_5,Karat: 10K,Metal Color: Rose Gold,Ring Size: US 14.5,660.00
R10,Pink Evil Eye Paperclip Ring,BAS-EE-R10-10KR-US15,Karat: 10K,Metal Color: Rose Gold,Ring Size: US 15,670.00
R10,Pink Evil Eye Paperclip Ring,BAS-EE-R10-10KR-US15_5,Karat: 10K,Metal Color: Rose Gold,Ring Size: US 15.5,680.00
R10,Pink Evil Eye Paperclip Ring,BAS-EE-R10-10KR-US16,Karat: 10K,Metal Color: Rose Gold,Ring Size: US 16,690.00
R10,Pink Evil Eye Paperclip Ring,BAS-EE-R10-14KY-US3,Karat: 14K,Metal Color: Yellow Gold,Ring Size: US 3,600.00
R10,Pink Evil Eye Paperclip Ring,BAS-EE-R10-14KY-US3_5,Karat: 14K,Metal Color: Yellow Gold,Ring Size: US 3.5,610.00
R10,Pink Evil Eye Paperclip Ring,BAS-EE-R10-14KY-US4,Karat: 14K,Metal Color: Yellow Gold,Ring Size: US 4,630.00
R10,Pink Evil Eye Paperclip Ring,BAS-EE-R10-14KY-US4_5,Karat: 14K,Metal Color: Yellow Gold,Ring Size: US 4.5,650.00
R10,Pink Evil Eye Paperclip Ring,BAS-EE-R10-14KY-US5,Karat: 14K,Metal Color: Yellow Gold,Ring Size: US 5,660.00
R10,Pink Evil Eye Paperclip Ring,BAS-EE-R10-14KY-US5_5,Karat: 14K,Metal Color: Yellow Gold,Ring Size: US 5.5,680.00
R10,Pink Evil Eye Paperclip Ring,BAS-EE-R10-14KY-US6,Karat: 14K,Metal Color: Yellow Gold,Ring Size: US 6,690.00
R10,Pink Evil Eye Paperclip Ring,BAS-EE-R10-14KY-US6_5,Karat: 14K,Metal Color: Yellow Gold,Ring Size: US 6.5,710.00
R10,Pink Evil Eye Paperclip Ring,BAS-EE-R10-14KY-US7,Karat: 14K,Metal Color: Yellow Gold,Ring Size: US 7,720.00
R10,Pink Evil Eye Paperclip Ring,BAS-EE-R10-14KY-US7_5,Karat: 14K,Metal Color: Yellow Gold,Ring Size: US 7.5,740.00
R10,Pink Evil Eye Paperclip Ring,BAS-EE-R10-14KY-US8,Karat: 14K,Metal Color: Yellow Gold,Ring Size: US 8,750.00
R10,Pink Evil Eye Paperclip Ring,BAS-EE-R10-14KY-US8_5,Karat: 14K,Metal Color: Yellow Gold,Ring Size: US 8.5,770.00
R10,Pink Evil Eye Paperclip Ring,BAS-EE-R10-14KY-US9,Karat: 14K,Metal Color: Yellow Gold,Ring Size: US 9,780.00
R10,Pink Evil Eye Paperclip Ring,BAS-EE-R10-14KY-US9_5,Karat: 14K,Metal Color: Yellow Gold,Ring Size: US 9.5,800.00
R10,Pink Evil Eye Paperclip Ring,BAS-EE-R10-14KY-US10,Karat: 14K,Metal Color: Yellow Gold,Ring Size: US 10,820.00
R10,Pink Evil Eye Paperclip Ring,BAS-EE-R10-14KY-US10_5,Karat: 14K,Metal Color: Yellow Gold,Ring Size: US 10.5,830.00
R10,Pink Evil Eye Paperclip Ring,BAS-EE-R10-14KY-US11,Karat: 14K,Metal Color: Yellow Gold,Ring Size: US 11,850.00
R10,Pink Evil Eye Paperclip Ring,BAS-EE-R10-14KY-US11_5,Karat: 14K,Metal Color: Yellow Gold,Ring Size: US 11.5,860.00
R10,Pink Evil Eye Paperclip Ring,BAS-EE-R10-14KY-US12,Karat: 14K,Metal Color: Yellow Gold,Ring Size: US 12,880.00
R10,Pink Evil Eye Paperclip Ring,BAS-EE-R10-14KY-US12_5,Karat: 14K,Metal Color: Yellow Gold,Ring Size: US 12.5,890.00
R10,Pink Evil Eye Paperclip Ring,BAS-EE-R10-14KY-US13,Karat: 14K,Metal Color: Yellow Gold,Ring Size: US 13,910.00
R10,Pink Evil Eye Paperclip Ring,BAS-EE-R10-14KY-US13_5,Karat: 14K,Metal Color: Yellow Gold,Ring Size: US 13.5,920.00
R10,Pink Evil Eye Paperclip Ring,BAS-EE-R10-14KY-US14,Karat: 14K,Metal Color: Yellow Gold,Ring Size: US 14,940.00
R10,Pink Evil Eye Paperclip Ring,BAS-EE-R10-14KY-US14_5,Karat: 14K,Metal Color: Yellow Gold,Ring Size: US 14.5,950.00
R10,Pink Evil Eye Paperclip Ring,BAS-EE-R10-14KY-US15,Karat: 14K,Metal Color: Yellow Gold,Ring Size: US 15,970.00
R10,Pink Evil Eye Paperclip Ring,BAS-EE-R10-14KY-US15_5,Karat: 14K,Metal Color: Yellow Gold,Ring Size: US 15.5,990.00
R10,Pink Evil Eye Paperclip Ring,BAS-EE-R10-14KY-US16,Karat: 14K,Metal Color: Yellow Gold,Ring Size: US 16,1000.00
R10,Pink Evil Eye Paperclip Ring,BAS-EE-R10-14KW-US3,Karat: 14K,Metal Color: White Gold,Ring Size: US 3,600.00
R10,Pink Evil Eye Paperclip Ring,BAS-EE-R10-14KW-US3_5,Karat: 14K,Metal Color: White Gold,Ring Size: US 3.5,610.00
R10,Pink Evil Eye Paperclip Ring,BAS-EE-R10-14KW-US4,Karat: 14K,Metal Color: White Gold,Ring Size: US 4,630.00
R10,Pink Evil Eye Paperclip Ring,BAS-EE-R10-14KW-US4_5,Karat: 14K,Metal Color: White Gold,Ring Size: US 4.5,650.00
R10,Pink Evil Eye Paperclip Ring,BAS-EE-R10-14KW-US5,Karat: 14K,Metal Color: White Gold,Ring Size: US 5,660.00
R10,Pink Evil Eye Paperclip Ring,BAS-EE-R10-14KW-US5_5,Karat: 14K,Metal Color: White Gold,Ring Size: US 5.5,680.00
R10,Pink Evil Eye Paperclip Ring,BAS-EE-R10-14KW-US6,Karat: 14K,Metal Color: White Gold,Ring Size: US 6,690.00
R10,Pink Evil Eye Paperclip Ring,BAS-EE-R10-14KW-US6_5,Karat: 14K,Metal Color: White Gold,Ring Size: US 6.5,710.00
R10,Pink Evil Eye Paperclip Ring,BAS-EE-R10-14KW-US7,Karat: 14K,Metal Color: White Gold,Ring Size: US 7,720.00
R10,Pink Evil Eye Paperclip Ring,BAS-EE-R10-14KW-US7_5,Karat: 14K,Metal Color: White Gold,Ring Size: US 7.5,740.00
R10,Pink Evil Eye Paperclip Ring,BAS-EE-R10-14KW-US8,Karat: 14K,Metal Color: White Gold,Ring Size: US 8,750.00
R10,Pink Evil Eye Paperclip Ring,BAS-EE-R10-14KW-US8_5,Karat: 14K,Metal Color: White Gold,Ring Size: US 8.5,770.00
R10,Pink Evil Eye Paperclip Ring,BAS-EE-R10-14KW-US9,Karat: 14K,Metal Color: White Gold,Ring Size: US 9,780.00
R10,Pink Evil Eye Paperclip Ring,BAS-EE-R10-14KW-US9_5,Karat: 14K,Metal Color: White Gold,Ring Size: US 9.5,800.00
R10,Pink Evil Eye Paperclip Ring,BAS-EE-R10-14KW-US10,Karat: 14K,Metal Color: White Gold,Ring Size: US 10,820.00
R10,Pink Evil Eye Paperclip Ring,BAS-EE-R10-14KW-US10_5,Karat: 14K,Metal Color: White Gold,Ring Size: US 10.5,830.00
R10,Pink Evil Eye Paperclip Ring,BAS-EE-R10-14KW-US11,Karat: 14K,Metal Color: White Gold,Ring Size: US 11,850.00
R10,Pink Evil Eye Paperclip Ring,BAS-EE-R10-14KW-US11_5,Karat: 14K,Metal Color: White Gold,Ring Size: US 11.5,860.00
R10,Pink Evil Eye Paperclip Ring,BAS-EE-R10-14KW-US12,Karat: 14K,Metal Color: White Gold,Ring Size: US 12,880.00
R10,Pink Evil Eye Paperclip Ring,BAS-EE-R10-14KW-US12_5,Karat: 14K,Metal Color: White Gold,Ring Size: US 12.5,890.00
R10,Pink Evil Eye Paperclip Ring,BAS-EE-R10-14KW-US13,Karat: 14K,Metal Color: White Gold,Ring Size: US 13,910.00
R10,Pink Evil Eye Paperclip Ring,BAS-EE-R10-14KW-US13_5,Karat: 14K,Metal Color: White Gold,Ring Size: US 13.5,920.00
R10,Pink Evil Eye Paperclip Ring,BAS-EE-R10-14KW-US14,Karat: 14K,Metal Color: White Gold,Ring Size: US 14,940.00
R10,Pink Evil Eye Paperclip Ring,BAS-EE-R10-14KW-US14_5,Karat: 14K,Metal Color: White Gold,Ring Size: US 14.5,950.00
R10,Pink Evil Eye Paperclip Ring,BAS-EE-R10-14KW-US15,Karat: 14K,Metal Color: White Gold,Ring Size: US 15,970.00
R10,Pink Evil Eye Paperclip Ring,BAS-EE-R10-14KW-US15_5,Karat: 14K,Metal Color: White Gold,Ring Size: US 15.5,990.00
R10,Pink Evil Eye Paperclip Ring,BAS-EE-R10-14KW-US16,Karat: 14K,Metal Color: White Gold,Ring Size: US 16,1000.00
R10,Pink Evil Eye Paperclip Ring,BAS-EE-R10-14KR-US3,Karat: 14K,Metal Color: Rose Gold,Ring Size: US 3,600.00
R10,Pink Evil Eye Paperclip Ring,BAS-EE-R10-14KR-US3_5,Karat: 14K,Metal Color: Rose Gold,Ring Size: US 3.5,610.00
R10,Pink Evil Eye Paperclip Ring,BAS-EE-R10-14KR-US4,Karat: 14K,Metal Color: Rose Gold,Ring Size: US 4,630.00
R10,Pink Evil Eye Paperclip Ring,BAS-EE-R10-14KR-US4_5,Karat: 14K,Metal Color: Rose Gold,Ring Size: US 4.5,650.00
R10,Pink Evil Eye Paperclip Ring,BAS-EE-R10-14KR-US5,Karat: 14K,Metal Color: Rose Gold,Ring Size: US 5,660.00
R10,Pink Evil Eye Paperclip Ring,BAS-EE-R10-14KR-US5_5,Karat: 14K,Metal Color: Rose Gold,Ring Size: US 5.5,680.00
R10,Pink Evil Eye Paperclip Ring,BAS-EE-R10-14KR-US6,Karat: 14K,Metal Color: Rose Gold,Ring Size: US 6,690.00
R10,Pink Evil Eye Paperclip Ring,BAS-EE-R10-14KR-US6_5,Karat: 14K,Metal Color: Rose Gold,Ring Size: US 6.5,710.00
R10,Pink Evil Eye Paperclip Ring,BAS-EE-R10-14KR-US7,Karat: 14K,Metal Color: Rose Gold,Ring Size: US 7,720.00
R10,Pink Evil Eye Paperclip Ring,BAS-EE-R10-14KR-US7_5,Karat: 14K,Metal Color: Rose Gold,Ring Size: US 7.5,740.00
R10,Pink Evil Eye Paperclip Ring,BAS-EE-R10-14KR-US8,Karat: 14K,Metal Color: Rose Gold,Ring Size: US 8,750.00
R10,Pink Evil Eye Paperclip Ring,BAS-EE-R10-14KR-US8_5,Karat: 14K,Metal Color: Rose Gold,Ring Size: US 8.5,770.00
R10,Pink Evil Eye Paperclip Ring,BAS-EE-R10-14KR-US9,Karat: 14K,Metal Color: Rose Gold,Ring Size: US 9,780.00
R10,Pink Evil Eye Paperclip Ring,BAS-EE-R10-14KR-US9_5,Karat: 14K,Metal Color: Rose Gold,Ring Size: US 9.5,800.00
R10,Pink Evil Eye Paperclip Ring,BAS-EE-R10-14KR-US10,Karat: 14K,Metal Color: Rose Gold,Ring Size: US 10,820.00
R10,Pink Evil Eye Paperclip Ring,BAS-EE-R10-14KR-US10_5,Karat: 14K,Metal Color: Rose Gold,Ring Size: US 10.5,830.00
R10,Pink Evil Eye Paperclip Ring,BAS-EE-R10-14KR-US11,Karat: 14K,Metal Color: Rose Gold,Ring Size: US 11,850.00
R10,Pink Evil Eye Paperclip Ring,BAS-EE-R10-14KR-US11_5,Karat: 14K,Metal Color: Rose Gold,Ring Size: US 11.5,860.00
R10,Pink Evil Eye Paperclip Ring,BAS-EE-R10-14KR-US12,Karat: 14K,Metal Color: Rose Gold,Ring Size: US 12,880.00
R10,Pink Evil Eye Paperclip Ring,BAS-EE-R10-14KR-US12_5,Karat: 14K,Metal Color: Rose Gold,Ring Size: US 12.5,890.00
R10,Pink Evil Eye Paperclip Ring,BAS-EE-R10-14KR-US13,Karat: 14K,Metal Color: Rose Gold,Ring Size: US 13,910.00
R10,Pink Evil Eye Paperclip Ring,BAS-EE-R10-14KR-US13_5,Karat: 14K,Metal Color: Rose Gold,Ring Size: US 13.5,920.00
R10,Pink Evil Eye Paperclip Ring,BAS-EE-R10-14KR-US14,Karat: 14K,Metal Color: Rose Gold,Ring Size: US 14,940.00
R10,Pink Evil Eye Paperclip Ring,BAS-EE-R10-14KR-US14_5,Karat: 14K,Metal Color: Rose Gold,Ring Size: US 14.5,950.00
R10,Pink Evil Eye Paperclip Ring,BAS-EE-R10-14KR-US15,Karat: 14K,Metal Color: Rose Gold,Ring Size: US 15,970.00
R10,Pink Evil Eye Paperclip Ring,BAS-EE-R10-14KR-US15_5,Karat: 14K,Metal Color: Rose Gold,Ring Size: US 15.5,990.00
R10,Pink Evil Eye Paperclip Ring,BAS-EE-R10-14KR-US16,Karat: 14K,Metal Color: Rose Gold,Ring Size: US 16,1000.00
R10,Pink Evil Eye Paperclip Ring,BAS-EE-R10-18KY-US3,Karat: 18K,Metal Color: Yellow Gold,Ring Size: US 3,830.00
R10,Pink Evil Eye Paperclip Ring,BAS-EE-R10-18KY-US3_5,Karat: 18K,Metal Color: Yellow Gold,Ring Size: US 3.5,850.00
R10,Pink Evil Eye Paperclip Ring,BAS-EE-R10-18KY-US4,Karat: 18K,Metal Color: Yellow Gold,Ring Size: US 4,870.00
R10,Pink Evil Eye Paperclip Ring,BAS-EE-R10-18KY-US4_5,Karat: 18K,Metal Color: Yellow Gold,Ring Size: US 4.5,890.00
R10,Pink Evil Eye Paperclip Ring,BAS-EE-R10-18KY-US5,Karat: 18K,Metal Color: Yellow Gold,Ring Size: US 5,920.00
R10,Pink Evil Eye Paperclip Ring,BAS-EE-R10-18KY-US5_5,Karat: 18K,Metal Color: Yellow Gold,Ring Size: US 5.5,940.00
R10,Pink Evil Eye Paperclip Ring,BAS-EE-R10-18KY-US6,Karat: 18K,Metal Color: Yellow Gold,Ring Size: US 6,960.00
R10,Pink Evil Eye Paperclip Ring,BAS-EE-R10-18KY-US6_5,Karat: 18K,Metal Color: Yellow Gold,Ring Size: US 6.5,980.00
R10,Pink Evil Eye Paperclip Ring,BAS-EE-R10-18KY-US7,Karat: 18K,Metal Color: Yellow Gold,Ring Size: US 7,1000.00
R10,Pink Evil Eye Paperclip Ring,BAS-EE-R10-18KY-US7_5,Karat: 18K,Metal Color: Yellow Gold,Ring Size: US 7.5,1020.00
R10,Pink Evil Eye Paperclip Ring,BAS-EE-R10-18KY-US8,Karat: 18K,Metal Color: Yellow Gold,Ring Size: US 8,1050.00
R10,Pink Evil Eye Paperclip Ring,BAS-EE-R10-18KY-US8_5,Karat: 18K,Metal Color: Yellow Gold,Ring Size: US 8.5,1070.00
R10,Pink Evil Eye Paperclip Ring,BAS-EE-R10-18KY-US9,Karat: 18K,Metal Color: Yellow Gold,Ring Size: US 9,1090.00
R10,Pink Evil Eye Paperclip Ring,BAS-EE-R10-18KY-US9_5,Karat: 18K,Metal Color: Yellow Gold,Ring Size: US 9.5,1110.00
R10,Pink Evil Eye Paperclip Ring,BAS-EE-R10-18KY-US10,Karat: 18K,Metal Color: Yellow Gold,Ring Size: US 10,1130.00
R10,Pink Evil Eye Paperclip Ring,BAS-EE-R10-18KY-US10_5,Karat: 18K,Metal Color: Yellow Gold,Ring Size: US 10.5,1150.00
R10,Pink Evil Eye Paperclip Ring,BAS-EE-R10-18KY-US11,Karat: 18K,Metal Color: Yellow Gold,Ring Size: US 11,1170.00
R10,Pink Evil Eye Paperclip Ring,BAS-EE-R10-18KY-US11_5,Karat: 18K,Metal Color: Yellow Gold,Ring Size: US 11.5,1200.00
R10,Pink Evil Eye Paperclip Ring,BAS-EE-R10-18KY-US12,Karat: 18K,Metal Color: Yellow Gold,Ring Size: US 12,1220.00
R10,Pink Evil Eye Paperclip Ring,BAS-EE-R10-18KY-US12_5,Karat: 18K,Metal Color: Yellow Gold,Ring Size: US 12.5,1240.00
R10,Pink Evil Eye Paperclip Ring,BAS-EE-R10-18KY-US13,Karat: 18K,Metal Color: Yellow Gold,Ring Size: US 13,1260.00
R10,Pink Evil Eye Paperclip Ring,BAS-EE-R10-18KY-US13_5,Karat: 18K,Metal Color: Yellow Gold,Ring Size: US 13.5,1280.00
R10,Pink Evil Eye Paperclip Ring,BAS-EE-R10-18KY-US14,Karat: 18K,Metal Color: Yellow Gold,Ring Size: US 14,1300.00
R10,Pink Evil Eye Paperclip Ring,BAS-EE-R10-18KY-US14_5,Karat: 18K,Metal Color: Yellow Gold,Ring Size: US 14.5,1320.00
R10,Pink Evil Eye Paperclip Ring,BAS-EE-R10-18KY-US15,Karat: 18K,Metal Color: Yellow Gold,Ring Size: US 15,1350.00
R10,Pink Evil Eye Paperclip Ring,BAS-EE-R10-18KY-US15_5,Karat: 18K,Metal Color: Yellow Gold,Ring Size: US 15.5,1370.00
R10,Pink Evil Eye Paperclip Ring,BAS-EE-R10-18KY-US16,Karat: 18K,Metal Color: Yellow Gold,Ring Size: US 16,1390.00
R10,Pink Evil Eye Paperclip Ring,BAS-EE-R10-18KW-US3,Karat: 18K,Metal Color: White Gold,Ring Size: US 3,830.00
R10,Pink Evil Eye Paperclip Ring,BAS-EE-R10-18KW-US3_5,Karat: 18K,Metal Color: White Gold,Ring Size: US 3.5,850.00
R10,Pink Evil Eye Paperclip Ring,BAS-EE-R10-18KW-US4,Karat: 18K,Metal Color: White Gold,Ring Size: US 4,870.00
R10,Pink Evil Eye Paperclip Ring,BAS-EE-R10-18KW-US4_5,Karat: 18K,Metal Color: White Gold,Ring Size: US 4.5,890.00
R10,Pink Evil Eye Paperclip Ring,BAS-EE-R10-18KW-US5,Karat: 18K,Metal Color: White Gold,Ring Size: US 5,920.00
R10,Pink Evil Eye Paperclip Ring,BAS-EE-R10-18KW-US5_5,Karat: 18K,Metal Color: White Gold,Ring Size: US 5.5,940.00
R10,Pink Evil Eye Paperclip Ring,BAS-EE-R10-18KW-US6,Karat: 18K,Metal Color: White Gold,Ring Size: US 6,960.00
R10,Pink Evil Eye Paperclip Ring,BAS-EE-R10-18KW-US6_5,Karat: 18K,Metal Color: White Gold,Ring Size: US 6.5,980.00
R10,Pink Evil Eye Paperclip Ring,BAS-EE-R10-18KW-US7,Karat: 18K,Metal Color: White Gold,Ring Size: US 7,1000.00
R10,Pink Evil Eye Paperclip Ring,BAS-EE-R10-18KW-US7_5,Karat: 18K,Metal Color: White Gold,Ring Size: US 7.5,1020.00
R10,Pink Evil Eye Paperclip Ring,BAS-EE-R10-18KW-US8,Karat: 18K,Metal Color: White Gold,Ring Size: US 8,1050.00
R10,Pink Evil Eye Paperclip Ring,BAS-EE-R10-18KW-US8_5,Karat: 18K,Metal Color: White Gold,Ring Size: US 8.5,1070.00
R10,Pink Evil Eye Paperclip Ring,BAS-EE-R10-18KW-US9,Karat: 18K,Metal Color: White Gold,Ring Size: US 9,1090.00
R10,Pink Evil Eye Paperclip Ring,BAS-EE-R10-18KW-US9_5,Karat: 18K,Metal Color: White Gold,Ring Size: US 9.5,1110.00
R10,Pink Evil Eye Paperclip Ring,BAS-EE-R10-18KW-US10,Karat: 18K,Metal Color: White Gold,Ring Size: US 10,1130.00
R10,Pink Evil Eye Paperclip Ring,BAS-EE-R10-18KW-US10_5,Karat: 18K,Metal Color: White Gold,Ring Size: US 10.5,1150.00
R10,Pink Evil Eye Paperclip Ring,BAS-EE-R10-18KW-US11,Karat: 18K,Metal Color: White Gold,Ring Size: US 11,1170.00
R10,Pink Evil Eye Paperclip Ring,BAS-EE-R10-18KW-US11_5,Karat: 18K,Metal Color: White Gold,Ring Size: US 11.5,1200.00
R10,Pink Evil Eye Paperclip Ring,BAS-EE-R10-18KW-US12,Karat: 18K,Metal Color: White Gold,Ring Size: US 12,1220.00
R10,Pink Evil Eye Paperclip Ring,BAS-EE-R10-18KW-US12_5,Karat: 18K,Metal Color: White Gold,Ring Size: US 12.5,1240.00
R10,Pink Evil Eye Paperclip Ring,BAS-EE-R10-18KW-US13,Karat: 18K,Metal Color: White Gold,Ring Size: US 13,1260.00
R10,Pink Evil Eye Paperclip Ring,BAS-EE-R10-18KW-US13_5,Karat: 18K,Metal Color: White Gold,Ring Size: US 13.5,1280.00
R10,Pink Evil Eye Paperclip Ring,BAS-EE-R10-18KW-US14,Karat: 18K,Metal Color: White Gold,Ring Size: US 14,1300.00
R10,Pink Evil Eye Paperclip Ring,BAS-EE-R10-18KW-US14_5,Karat: 18K,Metal Color: White Gold,Ring Size: US 14.5,1320.00
R10,Pink Evil Eye Paperclip Ring,BAS-EE-R10-18KW-US15,Karat: 18K,Metal Color: White Gold,Ring Size: US 15,1350.00
R10,Pink Evil Eye Paperclip Ring,BAS-EE-R10-18KW-US15_5,Karat: 18K,Metal Color: White Gold,Ring Size: US 15.5,1370.00
R10,Pink Evil Eye Paperclip Ring,BAS-EE-R10-18KW-US16,Karat: 18K,Metal Color: White Gold,Ring Size: US 16,1390.00
R10,Pink Evil Eye Paperclip Ring,BAS-EE-R10-18KR-US3,Karat: 18K,Metal Color: Rose Gold,Ring Size: US 3,830.00
R10,Pink Evil Eye Paperclip Ring,BAS-EE-R10-18KR-US3_5,Karat: 18K,Metal Color: Rose Gold,Ring Size: US 3.5,850.00
R10,Pink Evil Eye Paperclip Ring,BAS-EE-R10-18KR-US4,Karat: 18K,Metal Color: Rose Gold,Ring Size: US 4,870.00
R10,Pink Evil Eye Paperclip Ring,BAS-EE-R10-18KR-US4_5,Karat: 18K,Metal Color: Rose Gold,Ring Size: US 4.5,890.00
R10,Pink Evil Eye Paperclip Ring,BAS-EE-R10-18KR-US5,Karat: 18K,Metal Color: Rose Gold,Ring Size: US 5,920.00
R10,Pink Evil Eye Paperclip Ring,BAS-EE-R10-18KR-US5_5,Karat: 18K,Metal Color: Rose Gold,Ring Size: US 5.5,940.00
R10,Pink Evil Eye Paperclip Ring,BAS-EE-R10-18KR-US6,Karat: 18K,Metal Color: Rose Gold,Ring Size: US 6,960.00
R10,Pink Evil Eye Paperclip Ring,BAS-EE-R10-18KR-US6_5,Karat: 18K,Metal Color: Rose Gold,Ring Size: US 6.5,980.00
R10,Pink Evil Eye Paperclip Ring,BAS-EE-R10-18KR-US7,Karat: 18K,Metal Color: Rose Gold,Ring Size: US 7,1000.00
R10,Pink Evil Eye Paperclip Ring,BAS-EE-R10-18KR-US7_5,Karat: 18K,Metal Color: Rose Gold,Ring Size: US 7.5,1020.00
R10,Pink Evil Eye Paperclip Ring,BAS-EE-R10-18KR-US8,Karat: 18K,Metal Color: Rose Gold,Ring Size: US 8,1050.00
R10,Pink Evil Eye Paperclip Ring,BAS-EE-R10-18KR-US8_5,Karat: 18K,Metal Color: Rose Gold,Ring Size: US 8.5,1070.00
R10,Pink Evil Eye Paperclip Ring,BAS-EE-R10-18KR-US9,Karat: 18K,Metal Color: Rose Gold,Ring Size: US 9,1090.00
R10,Pink Evil Eye Paperclip Ring,BAS-EE-R10-18KR-US9_5,Karat: 18K,Metal Color: Rose Gold,Ring Size: US 9.5,1110.00
R10,Pink Evil Eye Paperclip Ring,BAS-EE-R10-18KR-US10,Karat: 18K,Metal Color: Rose Gold,Ring Size: US 10,1130.00
R10,Pink Evil Eye Paperclip Ring,BAS-EE-R10-18KR-US10_5,Karat: 18K,Metal Color: Rose Gold,Ring Size: US 10.5,1150.00
R10,Pink Evil Eye Paperclip Ring,BAS-EE-R10-18KR-US11,Karat: 18K,Metal Color: Rose Gold,Ring Size: US 11,1170.00
R10,Pink Evil Eye Paperclip Ring,BAS-EE-R10-18KR-US11_5,Karat: 18K,Metal Color: Rose Gold,Ring Size: US 11.5,1200.00
R10,Pink Evil Eye Paperclip Ring,BAS-EE-R10-18KR-US12,Karat: 18K,Metal Color: Rose Gold,Ring Size: US 12,1220.00
R10,Pink Evil Eye Paperclip Ring,BAS-EE-R10-18KR-US12_5,Karat: 18K,Metal Color: Rose Gold,Ring Size: US 12.5,1240.00
R10,Pink Evil Eye Paperclip Ring,BAS-EE-R10-18KR-US13,Karat: 18K,Metal Color: Rose Gold,Ring Size: US 13,1260.00
R10,Pink Evil Eye Paperclip Ring,BAS-EE-R10-18KR-US13_5,Karat: 18K,Metal Color: Rose Gold,Ring Size: US 13.5,1280.00
R10,Pink Evil Eye Paperclip Ring,BAS-EE-R10-18KR-US14,Karat: 18K,Metal Color: Rose Gold,Ring Size: US 14,1300.00
R10,Pink Evil Eye Paperclip Ring,BAS-EE-R10-18KR-US14_5,Karat: 18K,Metal Color: Rose Gold,Ring Size: US 14.5,1320.00
R10,Pink Evil Eye Paperclip Ring,BAS-EE-R10-18KR-US15,Karat: 18K,Metal Color: Rose Gold,Ring Size: US 15,1350.00
R10,Pink Evil Eye Paperclip Ring,BAS-EE-R10-18KR-US15_5,Karat: 18K,Metal Color: Rose Gold,Ring Size: US 15.5,1370.00
R10,Pink Evil Eye Paperclip Ring,BAS-EE-R10-18KR-US16,Karat: 18K,Metal Color: Rose Gold,Ring Size: US 16,1390.00
N10,Pink Evil Eye Paperclip Necklace,BAS-EE-N10-10KY-16IN,Karat: 10K,Metal Color: Yellow Gold,Chain Length: 16 inches,530.00
N10,Pink Evil Eye Paperclip Necklace,BAS-EE-N10-10KY-18IN,Karat: 10K,Metal Color: Yellow Gold,Chain Length: 18 inches,550.00
N10,Pink Evil Eye Paperclip Necklace,BAS-EE-N10-10KY-20IN,Karat: 10K,Metal Color: Yellow Gold,Chain Length: 20 inches,570.00
N10,Pink Evil Eye Paperclip Necklace,BAS-EE-N10-10KW-16IN,Karat: 10K,Metal Color: White Gold,Chain Length: 16 inches,530.00
N10,Pink Evil Eye Paperclip Necklace,BAS-EE-N10-10KW-18IN,Karat: 10K,Metal Color: White Gold,Chain Length: 18 inches,550.00
N10,Pink Evil Eye Paperclip Necklace,BAS-EE-N10-10KW-20IN,Karat: 10K,Metal Color: White Gold,Chain Length: 20 inches,570.00
N10,Pink Evil Eye Paperclip Necklace,BAS-EE-N10-10KR-16IN,Karat: 10K,Metal Color: Rose Gold,Chain Length: 16 inches,530.00
N10,Pink Evil Eye Paperclip Necklace,BAS-EE-N10-10KR-18IN,Karat: 10K,Metal Color: Rose Gold,Chain Length: 18 inches,550.00
N10,Pink Evil Eye Paperclip Necklace,BAS-EE-N10-10KR-20IN,Karat: 10K,Metal Color: Rose Gold,Chain Length: 20 inches,570.00
N10,Pink Evil Eye Paperclip Necklace,BAS-EE-N10-14KY-16IN,Karat: 14K,Metal Color: Yellow Gold,Chain Length: 16 inches,680.00
N10,Pink Evil Eye Paperclip Necklace,BAS-EE-N10-14KY-18IN,Karat: 14K,Metal Color: Yellow Gold,Chain Length: 18 inches,700.00
N10,Pink Evil Eye Paperclip Necklace,BAS-EE-N10-14KY-20IN,Karat: 14K,Metal Color: Yellow Gold,Chain Length: 20 inches,730.00
N10,Pink Evil Eye Paperclip Necklace,BAS-EE-N10-14KW-16IN,Karat: 14K,Metal Color: White Gold,Chain Length: 16 inches,680.00
N10,Pink Evil Eye Paperclip Necklace,BAS-EE-N10-14KW-18IN,Karat: 14K,Metal Color: White Gold,Chain Length: 18 inches,700.00
N10,Pink Evil Eye Paperclip Necklace,BAS-EE-N10-14KW-20IN,Karat: 14K,Metal Color: White Gold,Chain Length: 20 inches,730.00
N10,Pink Evil Eye Paperclip Necklace,BAS-EE-N10-14KR-16IN,Karat: 14K,Metal Color: Rose Gold,Chain Length: 16 inches,680.00
N10,Pink Evil Eye Paperclip Necklace,BAS-EE-N10-14KR-18IN,Karat: 14K,Metal Color: Rose Gold,Chain Length: 18 inches,700.00
N10,Pink Evil Eye Paperclip Necklace,BAS-EE-N10-14KR-20IN,Karat: 14K,Metal Color: Rose Gold,Chain Length: 20 inches,730.00
N10,Pink Evil Eye Paperclip Necklace,BAS-EE-N10-18KY-16IN,Karat: 18K,Metal Color: Yellow Gold,Chain Length: 16 inches,860.00
N10,Pink Evil Eye Paperclip Necklace,BAS-EE-N10-18KY-18IN,Karat: 18K,Metal Color: Yellow Gold,Chain Length: 18 inches,900.00
N10,Pink Evil Eye Paperclip Necklace,BAS-EE-N10-18KY-20IN,Karat: 18K,Metal Color: Yellow Gold,Chain Length: 20 inches,940.00
N10,Pink Evil Eye Paperclip Necklace,BAS-EE-N10-18KW-16IN,Karat: 18K,Metal Color: White Gold,Chain Length: 16 inches,860.00
N10,Pink Evil Eye Paperclip Necklace,BAS-EE-N10-18KW-18IN,Karat: 18K,Metal Color: White Gold,Chain Length: 18 inches,900.00
N10,Pink Evil Eye Paperclip Necklace,BAS-EE-N10-18KW-20IN,Karat: 18K,Metal Color: White Gold,Chain Length: 20 inches,940.00
N10,Pink Evil Eye Paperclip Necklace,BAS-EE-N10-18KR-16IN,Karat: 18K,Metal Color: Rose Gold,Chain Length: 16 inches,860.00
N10,Pink Evil Eye Paperclip Necklace,BAS-EE-N10-18KR-18IN,Karat: 18K,Metal Color: Rose Gold,Chain Length: 18 inches,900.00
N10,Pink Evil Eye Paperclip Necklace,BAS-EE-N10-18KR-20IN,Karat: 18K,Metal Color: Rose Gold,Chain Length: 20 inches,940.00
B10,Pink Evil Eye Paperclip Bracelet,BAS-EE-B10-10KY-6_5IN,Karat: 10K,Metal Color: Yellow Gold,Bracelet Length: 6.5 inches,500.00
B10,Pink Evil Eye Paperclip Bracelet,BAS-EE-B10-10KY-7IN,Karat: 10K,Metal Color: Yellow Gold,Bracelet Length: 7 inches,510.00
B10,Pink Evil Eye Paperclip Bracelet,BAS-EE-B10-10KY-7_5IN,Karat: 10K,Metal Color: Yellow Gold,Bracelet Length: 7.5 inches,520.00
B10,Pink Evil Eye Paperclip Bracelet,BAS-EE-B10-10KW-6_5IN,Karat: 10K,Metal Color: White Gold,Bracelet Length: 6.5 inches,500.00
B10,Pink Evil Eye Paperclip Bracelet,BAS-EE-B10-10KW-7IN,Karat: 10K,Metal Color: White Gold,Bracelet Length: 7 inches,510.00
B10,Pink Evil Eye Paperclip Bracelet,BAS-EE-B10-10KW-7_5IN,Karat: 10K,Metal Color: White Gold,Bracelet Length: 7.5 inches,520.00
B10,Pink Evil Eye Paperclip Bracelet,BAS-EE-B10-10KR-6_5IN,Karat: 10K,Metal Color: Rose Gold,Bracelet Length: 6.5 inches,500.00
B10,Pink Evil Eye Paperclip Bracelet,BAS-EE-B10-10KR-7IN,Karat: 10K,Metal Color: Rose Gold,Bracelet Length: 7 inches,510.00
B10,Pink Evil Eye Paperclip Bracelet,BAS-EE-B10-10KR-7_5IN,Karat: 10K,Metal Color: Rose Gold,Bracelet Length: 7.5 inches,520.00
B10,Pink Evil Eye Paperclip Bracelet,BAS-EE-B10-14KY-6_5IN,Karat: 14K,Metal Color: Yellow Gold,Bracelet Length: 6.5 inches,630.00
B10,Pink Evil Eye Paperclip Bracelet,BAS-EE-B10-14KY-7IN,Karat: 14K,Metal Color: Yellow Gold,Bracelet Length: 7 inches,640.00
B10,Pink Evil Eye Paperclip Bracelet,BAS-EE-B10-14KY-7_5IN,Karat: 14K,Metal Color: Yellow Gold,Bracelet Length: 7.5 inches,660.00
B10,Pink Evil Eye Paperclip Bracelet,BAS-EE-B10-14KW-6_5IN,Karat: 14K,Metal Color: White Gold,Bracelet Length: 6.5 inches,630.00
B10,Pink Evil Eye Paperclip Bracelet,BAS-EE-B10-14KW-7IN,Karat: 14K,Metal Color: White Gold,Bracelet Length: 7 inches,640.00
B10,Pink Evil Eye Paperclip Bracelet,BAS-EE-B10-14KW-7_5IN,Karat: 14K,Metal Color: White Gold,Bracelet Length: 7.5 inches,660.00
B10,Pink Evil Eye Paperclip Bracelet,BAS-EE-B10-14KR-6_5IN,Karat: 14K,Metal Color: Rose Gold,Bracelet Length: 6.5 inches,630.00
B10,Pink Evil Eye Paperclip Bracelet,BAS-EE-B10-14KR-7IN,Karat: 14K,Metal Color: Rose Gold,Bracelet Length: 7 inches,640.00
B10,Pink Evil Eye Paperclip Bracelet,BAS-EE-B10-14KR-7_5IN,Karat: 14K,Metal Color: Rose Gold,Bracelet Length: 7.5 inches,660.00
B10,Pink Evil Eye Paperclip Bracelet,BAS-EE-B10-18KY-6_5IN,Karat: 18K,Metal Color: Yellow Gold,Bracelet Length: 6.5 inches,800.00
B10,Pink Evil Eye Paperclip Bracelet,BAS-EE-B10-18KY-7IN,Karat: 18K,Metal Color: Yellow Gold,Bracelet Length: 7 inches,820.00
B10,Pink Evil Eye Paperclip Bracelet,BAS-EE-B10-18KY-7_5IN,Karat: 18K,Metal Color: Yellow Gold,Bracelet Length: 7.5 inches,840.00
B10,Pink Evil Eye Paperclip Bracelet,BAS-EE-B10-18KW-6_5IN,Karat: 18K,Metal Color: White Gold,Bracelet Length: 6.5 inches,800.00
B10,Pink Evil Eye Paperclip Bracelet,BAS-EE-B10-18KW-7IN,Karat: 18K,Metal Color: White Gold,Bracelet Length: 7 inches,820.00
B10,Pink Evil Eye Paperclip Bracelet,BAS-EE-B10-18KW-7_5IN,Karat: 18K,Metal Color: White Gold,Bracelet Length: 7.5 inches,840.00
B10,Pink Evil Eye Paperclip Bracelet,BAS-EE-B10-18KR-6_5IN,Karat: 18K,Metal Color: Rose Gold,Bracelet Length: 6.5 inches,800.00
B10,Pink Evil Eye Paperclip Bracelet,BAS-EE-B10-18KR-7IN,Karat: 18K,Metal Color: Rose Gold,Bracelet Length: 7 inches,820.00
B10,Pink Evil Eye Paperclip Bracelet,BAS-EE-B10-18KR-7_5IN,Karat: 18K,Metal Color: Rose Gold,Bracelet Length: 7.5 inches,840.00
